"Date","Alameda","Alpine","Amador","Butte","Calaveras","Colusa","Contra Costa","Del Norte","El Dorado","Fresno","Glenn","Humboldt","Imperial","Inyo","Kern","Kings","Lake","Lassen","Los Angeles","Madera","Marin","Mariposa","Mendocino","Merced","Modoc","Mono","Monterey","Napa","Nevada","Orange","Placer","Plumas","Riverside","Sacramento","San Benito","San Bernardino","San Diego","San Francisco","San Joaquin","San Luis Obispo","San Mateo","Santa Barbara","Santa Clara","Santa Cruz","Shasta","Sierra","Siskiyou","Solano","Sonoma","Stanislaus","Sutter","Tehama","Trinity","Tulare","Tuolumne","Ventura","Yolo","Yuba"
"1.22.20",0,0,0,0,0,0,0,0,0,0,0,0,0,0,0,0,0,0,0,0,0,0,0,0,0,0,0,0,0,0,0,0,0,0,0,0,0,0,0,0,0,0,0,0,0,0,0,0,0,0,0,0,0,0,0,0,0,0
"1.23.20",0,0,0,0,0,0,0,0,0,0,0,0,0,0,0,0,0,0,0,0,0,0,0,0,0,0,0,0,0,0,0,0,0,0,0,0,0,0,0,0,0,0,0,0,0,0,0,0,0,0,0,0,0,0,0,0,0,0
"1.24.20",0,0,0,0,0,0,0,0,0,0,0,0,0,0,0,0,0,0,0,0,0,0,0,0,0,0,0,0,0,0,0,0,0,0,0,0,0,0,0,0,0,0,0,0,0,0,0,0,0,0,0,0,0,0,0,0,0,0
"1.25.20",0,0,0,0,0,0,0,0,0,0,0,0,0,0,0,0,0,0,0,0,0,0,0,0,0,0,0,0,0,0,0,0,0,0,0,0,0,0,0,0,0,0,0,0,0,0,0,0,0,0,0,0,0,0,0,0,0,0
"1.26.20",0,0,0,0,0,0,0,0,0,0,0,0,0,0,0,0,0,0,1,0,0,0,0,0,0,0,0,0,0,1,0,0,0,0,0,0,0,0,0,0,0,0,0,0,0,0,0,0,0,0,0,0,0,0,0,0,0,0
"1.27.20",0,0,0,0,0,0,0,0,0,0,0,0,0,0,0,0,0,0,0,0,0,0,0,0,0,0,0,0,0,0,0,0,0,0,0,0,0,0,0,0,0,0,0,0,0,0,0,0,0,0,0,0,0,0,0,0,0,0
"1.28.20",0,0,0,0,0,0,0,0,0,0,0,0,0,0,0,0,0,0,0,0,0,0,0,0,0,0,0,0,0,0,0,0,0,0,0,0,0,0,0,0,0,0,0,0,0,0,0,0,0,0,0,0,0,0,0,0,0,0
"1.29.20",0,0,0,0,0,0,0,0,0,0,0,0,0,0,0,0,0,0,0,0,0,0,0,0,0,0,0,0,0,0,0,0,0,0,0,0,0,0,0,0,0,0,0,0,0,0,0,0,0,0,0,0,0,0,0,0,0,0
"1.30.20",0,0,0,0,0,0,0,0,0,0,0,0,0,0,0,0,0,0,0,0,0,0,0,0,0,0,0,0,0,0,0,0,0,0,0,0,0,0,0,0,0,0,0,0,0,0,0,0,0,0,0,0,0,0,0,0,0,0
"1.31.20",0,0,0,0,0,0,0,0,0,0,0,0,0,0,0,0,0,0,0,0,0,0,0,0,0,0,0,0,0,0,0,0,0,0,0,0,0,0,0,0,0,0,1,0,0,0,0,0,0,0,0,0,0,0,0,0,0,0
"2.1.20",0,0,0,0,0,0,0,0,0,0,0,0,0,0,0,0,0,0,0,0,0,0,0,0,0,0,0,0,0,0,0,0,0,0,0,0,0,0,0,0,0,0,0,0,0,0,0,0,0,0,0,0,0,0,0,0,0,0
"2.2.20",0,0,0,0,0,0,0,0,0,0,0,0,0,0,0,0,0,0,0,0,0,0,0,0,0,0,0,0,0,0,0,0,0,0,0,0,0,0,0,0,0,0,0,0,0,0,0,0,0,0,0,0,0,0,0,0,0,0
"2.3.20",0,0,0,0,0,0,0,0,0,0,0,0,0,0,0,0,0,0,0,0,0,0,0,0,0,0,0,0,0,0,0,0,0,0,2,0,0,0,0,0,0,0,1,0,0,0,0,0,0,0,0,0,0,0,0,0,0,0
"2.4.20",0,0,0,0,0,0,0,0,0,0,0,0,0,0,0,0,0,0,0,0,0,0,0,0,0,0,0,0,0,0,0,0,0,0,0,0,0,0,0,0,0,0,0,0,0,0,0,0,0,0,0,0,0,0,0,0,0,0
"2.5.20",0,0,0,0,0,0,0,0,0,0,0,0,0,0,0,0,0,0,0,0,0,0,0,0,0,0,0,0,0,0,0,0,0,0,0,0,0,0,0,0,0,0,0,0,0,0,0,0,0,0,0,0,0,0,0,0,0,0
"2.6.20",0,0,0,0,0,0,0,0,0,0,0,0,0,0,0,0,0,0,0,0,0,0,0,0,0,0,0,0,0,0,0,0,0,0,0,0,0,0,0,0,0,0,0,0,0,0,0,0,0,0,0,0,0,0,0,0,0,0
"2.7.20",0,0,0,0,0,0,0,0,0,0,0,0,0,0,0,0,0,0,0,0,0,0,0,0,0,0,0,0,0,0,0,0,0,0,0,0,0,0,0,0,0,0,0,0,0,0,0,0,0,0,0,0,0,0,0,0,0,0
"2.8.20",0,0,0,0,0,0,0,0,0,0,0,0,0,0,0,0,0,0,0,0,0,0,0,0,0,0,0,0,0,0,0,0,0,0,0,0,0,0,0,0,0,0,0,0,0,0,0,0,0,0,0,0,0,0,0,0,0,0
"2.9.20",0,0,0,0,0,0,0,0,0,0,0,0,0,0,0,0,0,0,0,0,0,0,0,0,0,0,0,0,0,0,0,0,0,0,0,0,0,0,0,0,0,0,0,0,0,0,0,0,0,0,0,0,0,0,0,0,0,0
"2.10.20",0,0,0,0,0,0,0,0,0,0,0,0,0,0,0,0,0,0,0,0,0,0,0,0,0,0,0,0,0,0,0,0,0,0,0,0,0,0,0,0,0,0,0,0,0,0,0,0,0,0,0,0,0,0,0,0,0,0
"2.11.20",0,0,0,0,0,0,0,0,0,0,0,0,0,0,0,0,0,0,0,0,0,0,0,0,0,0,0,0,0,0,0,0,0,0,0,0,1,0,0,0,0,0,0,0,0,0,0,0,0,0,0,0,0,0,0,0,0,0
"2.12.20",0,0,0,0,0,0,0,0,0,0,0,0,0,0,0,0,0,0,0,0,0,0,0,0,0,0,0,0,0,0,0,0,0,0,0,0,0,0,0,0,0,0,0,0,0,0,0,0,0,0,0,0,0,0,0,0,0,0
"2.13.20",0,0,0,0,0,0,0,0,0,0,0,0,0,0,0,0,0,0,0,0,0,0,0,0,0,0,0,0,0,0,0,0,0,0,0,0,1,0,0,0,0,0,0,0,0,0,0,0,0,0,0,0,0,0,0,0,0,0
"2.14.20",0,0,0,0,0,0,0,0,0,0,0,0,0,0,0,0,0,0,0,0,0,0,0,0,0,0,0,0,0,0,0,0,0,0,0,0,0,0,0,0,0,0,0,0,0,0,0,0,0,0,0,0,0,0,0,0,0,0
"2.15.20",0,0,0,0,0,0,0,0,0,0,0,0,0,0,0,0,0,0,0,0,0,0,0,0,0,0,0,0,0,0,0,0,0,0,0,0,0,0,1,0,0,0,0,0,0,0,0,0,0,2,0,0,0,0,0,0,0,0
"2.16.20",0,0,0,0,0,0,0,0,0,0,0,0,0,0,0,0,0,0,0,0,0,0,0,0,0,0,0,0,0,0,0,0,0,0,0,0,0,0,0,0,0,0,0,0,0,0,0,0,0,0,0,0,0,0,0,0,0,0
"2.17.20",0,0,0,0,0,0,0,0,0,0,0,0,0,0,0,0,0,0,0,0,0,0,0,0,0,0,0,0,1,0,0,0,0,0,0,0,0,0,0,0,0,0,0,0,0,0,0,0,0,0,0,0,0,0,0,0,0,0
"2.18.20",0,0,0,0,0,0,0,0,0,0,0,0,0,0,0,1,0,0,0,0,0,0,0,0,0,0,0,0,0,0,0,0,0,0,0,0,0,0,0,0,0,0,0,0,0,0,0,0,0,0,0,0,0,0,0,0,0,0
"2.19.20",0,0,0,0,0,0,0,0,0,0,0,0,0,0,0,0,0,0,0,0,0,0,0,0,0,0,0,0,0,0,0,0,0,0,0,0,0,0,0,0,0,0,0,0,0,0,0,0,0,0,0,0,0,0,0,0,0,0
"2.20.20",0,0,0,0,0,0,0,0,0,0,0,0,0,0,0,0,0,0,0,0,0,0,0,0,0,0,0,0,0,0,0,0,0,0,0,0,0,0,0,0,0,0,0,0,0,0,0,0,0,0,0,0,0,0,0,0,0,0
"2.21.20",0,0,0,0,0,0,0,0,0,0,0,0,0,0,0,0,0,0,0,0,0,0,0,0,0,0,0,0,0,0,0,0,0,0,0,0,0,0,0,0,0,0,0,0,0,0,0,0,0,0,0,0,0,0,0,0,0,0
"2.22.20",0,0,0,0,0,0,0,0,0,0,0,0,0,0,0,0,0,0,0,0,0,0,0,0,0,0,0,0,0,0,0,0,0,0,0,0,0,0,0,0,0,0,0,0,0,0,0,0,0,0,0,0,0,0,0,0,0,0
"2.23.20",0,0,0,0,0,0,0,0,0,0,0,0,0,0,0,0,0,0,0,0,0,0,0,0,0,0,0,0,0,0,0,0,0,0,0,0,0,0,0,0,0,0,0,0,0,0,0,0,0,0,0,0,0,0,0,0,0,0
"2.24.20",0,0,0,0,0,0,0,0,0,0,0,0,0,0,0,0,0,0,0,0,0,0,0,0,0,0,0,0,0,0,0,0,1,0,0,0,0,0,0,0,0,0,0,0,0,0,0,0,0,0,0,0,0,0,0,0,0,0
"2.25.20",0,0,0,0,0,0,0,0,0,0,0,0,0,0,0,0,0,0,0,0,0,0,0,0,0,0,0,0,0,0,0,0,0,0,0,0,0,0,1,0,0,0,0,0,0,0,0,0,0,0,0,0,0,0,0,0,0,0
"2.26.20",0,0,0,0,0,0,0,0,0,0,0,0,0,0,0,0,0,0,0,0,0,0,0,0,0,0,0,0,0,0,0,0,0,0,0,0,0,0,1,0,0,0,0,0,0,0,0,0,0,0,0,0,0,0,0,0,0,0
"2.27.20",0,0,0,0,0,0,0,0,0,0,0,0,0,0,0,0,0,0,0,0,0,0,0,0,0,0,0,0,0,0,0,0,0,0,0,0,0,0,0,0,0,0,0,0,0,0,0,0,0,0,0,0,0,0,0,0,0,0
"2.28.20",0,0,0,0,0,0,0,0,0,0,0,0,0,0,0,0,0,0,0,0,0,0,0,0,0,0,0,0,0,0,0,0,0,0,0,0,0,0,0,0,0,0,0,0,0,0,0,0,0,0,0,0,0,0,0,0,0,0
"2.29.20",0,0,0,0,0,0,0,0,0,0,0,0,0,0,0,0,0,0,0,0,0,0,0,0,0,0,0,0,0,0,0,0,0,0,0,0,0,0,0,0,0,0,0,0,0,0,0,0,0,0,0,0,0,0,0,0,0,0
"3.1.20",1,0,0,0,0,0,0,0,0,1,0,0,0,0,0,0,0,0,0,0,0,0,0,0,0,0,0,0,0,0,0,0,0,0,0,0,0,0,0,0,0,0,2,0,0,0,0,1,0,0,0,0,0,0,0,0,0,0
"3.2.20",0,0,0,0,0,0,0,0,0,0,0,0,0,0,0,0,0,0,0,0,0,0,0,0,0,0,0,0,0,0,1,0,0,0,0,0,0,0,0,0,1,0,1,0,0,0,0,0,1,0,0,0,0,0,0,0,0,0
"3.3.20",1,0,0,0,0,0,0,0,0,0,0,0,0,0,0,0,0,0,0,0,0,0,0,0,0,0,0,0,0,0,1,0,0,0,0,0,0,0,0,0,0,0,4,0,0,0,0,0,0,0,0,0,0,0,0,0,0,0
"3.4.20",0,0,0,0,0,0,1,0,0,0,0,0,0,0,0,0,0,0,6,0,0,0,0,0,0,0,0,0,0,2,0,0,0,0,0,0,0,0,0,0,0,0,1,0,0,0,0,0,1,0,0,0,0,0,0,0,0,0
"3.5.20",0,0,0,0,0,0,0,0,0,0,0,0,0,0,0,0,0,0,4,0,0,0,0,0,0,0,0,0,0,0,0,0,0,1,0,0,1,2,0,0,0,0,2,0,0,0,0,0,0,0,0,0,0,0,0,0,0,0
"3.6.20",1,0,0,0,0,0,3,0,0,0,0,0,0,0,0,0,0,0,2,0,0,0,0,0,0,0,0,0,0,0,3,0,0,0,0,0,0,0,0,0,0,0,6,0,0,0,0,1,0,0,0,0,0,0,0,1,1,0
"3.7.20",0,0,0,0,0,0,0,0,0,1,0,0,0,0,0,0,0,0,1,1,0,0,0,0,0,0,0,0,0,0,1,0,0,2,0,0,0,7,0,0,0,0,11,1,0,0,0,0,0,0,0,0,0,0,0,0,1,0
"3.8.20",1,0,0,0,0,0,5,0,0,0,0,0,0,0,0,0,0,0,0,0,1,0,0,0,0,0,0,0,0,0,1,0,1,1,0,0,0,0,0,0,3,0,5,0,0,0,0,1,0,0,0,0,0,0,0,0,0,0
"3.9.20",0,0,0,0,0,0,0,0,0,0,0,0,0,0,0,0,0,0,0,0,0,0,0,0,0,0,0,0,0,1,0,0,3,3,0,0,0,5,0,0,2,0,6,1,1,0,0,0,0,0,0,0,0,1,0,0,0,0
"3.10.20",0,0,0,0,2,0,2,0,0,0,0,0,0,0,0,0,0,0,6,0,0,0,0,0,0,0,0,0,0,1,0,0,0,0,0,0,0,2,1,0,5,0,3,0,0,0,0,0,0,0,0,0,0,0,0,0,0,0
"3.11.20",1,0,0,0,0,0,5,0,0,0,0,0,0,0,0,0,0,0,7,0,0,0,0,0,0,0,0,0,0,0,0,0,0,1,0,0,0,1,0,0,5,0,3,0,0,0,0,0,0,2,0,0,0,0,0,2,0,0
"3.12.20",4,0,0,0,0,0,2,0,0,0,0,0,2,0,0,0,0,0,5,0,0,0,0,0,0,0,0,0,0,1,0,0,1,8,0,0,2,3,2,0,6,0,3,3,0,0,0,0,0,0,0,0,0,1,0,0,0,0
"3.13.20",3,0,0,0,0,0,4,0,0,0,0,0,0,0,0,0,0,0,8,0,2,0,0,0,0,0,0,0,0,3,0,0,1,1,0,0,3,8,3,0,3,0,8,2,0,0,0,0,0,0,0,0,0,2,0,2,0,0
"3.14.20",0,0,0,0,0,0,8,0,0,0,0,0,0,0,0,0,0,0,13,1,0,0,0,0,0,0,0,0,0,5,0,0,5,13,0,0,2,1,0,0,3,0,3,1,0,0,0,0,0,0,0,0,0,0,0,0,0,0
"3.15.20",5,0,0,0,0,0,4,0,0,0,0,0,0,0,0,0,0,0,0,0,0,0,0,0,0,0,0,0,0,0,0,0,0,0,0,0,6,2,0,1,2,0,17,0,0,0,0,0,2,0,0,0,0,0,0,0,0,0
"3.16.20",0,0,0,0,0,0,2,0,0,1,0,0,0,0,0,0,0,0,41,0,1,0,0,0,0,0,0,0,1,3,0,0,0,3,0,1,39,9,3,0,14,0,36,1,0,0,0,1,0,0,0,0,0,0,0,2,0,0
"3.17.20",2,0,0,0,0,0,1,0,0,0,0,0,0,0,1,0,0,0,50,0,0,0,0,0,0,0,0,0,0,5,0,0,1,2,0,1,0,6,2,0,4,0,6,1,0,0,0,0,0,2,0,0,0,0,0,0,0,0
"3.18.20",10,0,0,0,0,0,7,0,0,1,0,0,0,0,0,0,0,0,46,0,6,0,0,0,0,0,1,0,1,7,1,0,0,10,0,1,5,19,3,4,11,2,30,1,0,0,0,0,2,1,0,0,0,1,0,4,2,0
"3.19.20",7,0,0,0,0,0,2,0,0,3,0,0,0,0,2,0,0,0,41,1,9,0,1,0,0,0,2,0,0,24,0,0,3,6,0,4,20,15,1,1,1,3,32,2,0,0,0,0,2,3,0,0,0,0,0,4,1,0
"3.20.20",6,0,0,0,0,0,6,0,1,1,0,0,0,0,1,0,0,0,61,1,11,0,0,0,0,0,1,0,0,12,1,0,6,4,0,2,47,7,3,5,13,2,63,0,0,0,0,2,0,0,0,0,0,1,0,3,0,0
"3.21.20",20,0,1,1,0,0,10,0,0,1,0,0,0,0,1,0,0,0,0,0,0,0,0,0,0,1,4,0,0,13,2,0,1,10,0,4,0,19,8,5,7,1,23,4,0,0,0,1,7,0,0,0,0,1,0,4,1,1
"3.22.20",10,0,0,0,0,0,17,0,0,0,0,0,0,0,0,0,0,0,115,0,0,0,0,0,0,0,6,1,0,17,7,0,6,16,0,3,28,28,4,3,4,8,15,2,0,0,2,0,3,1,0,0,0,0,0,4,0,1
"3.23.20",16,0,0,1,0,0,12,0,2,2,0,1,0,0,7,0,0,0,129,0,0,0,0,0,0,0,0,0,0,30,1,0,15,5,0,1,46,18,7,4,6,2,52,2,1,0,0,3,1,2,0,0,0,4,0,4,2,0
"3.24.20",8,0,0,1,0,0,17,0,0,8,0,0,1,0,1,0,0,0,126,2,14,0,0,0,0,0,9,1,2,27,3,1,17,6,0,10,25,29,15,9,12,2,53,1,1,0,0,1,8,3,0,0,0,1,0,14,0,0
"3.25.20",38,0,0,1,0,0,23,0,2,3,0,1,5,0,2,0,0,0,150,0,3,0,0,0,0,3,0,3,1,35,8,0,31,21,0,19,12,31,12,3,11,5,63,4,0,0,0,5,4,1,1,0,0,1,0,9,1,0
"3.26.20",38,0,0,0,0,0,16,0,2,4,0,5,0,0,14,0,0,0,417,2,9,0,0,1,0,1,2,0,2,69,4,0,31,33,4,11,55,49,5,3,11,8,35,4,0,0,0,2,2,1,1,0,0,4,0,17,4,1
"3.27.20",13,0,0,0,0,0,14,0,2,4,0,1,1,0,4,0,0,0,236,2,2,0,1,2,0,1,1,0,0,65,0,0,3,16,1,20,48,24,4,8,91,4,70,1,0,0,0,7,2,1,0,0,0,0,1,10,0,0
"3.28.20",225,0,1,4,2,2,189,0,9,34,2,9,9,0,14,2,0,0,0,12,58,0,2,5,0,6,38,5,15,82,36,0,121,243,11,85,72,315,93,58,249,61,617,31,5,0,2,48,35,18,4,0,0,31,1,98,13,3
"3.29.20",0,0,0,0,0,0,0,0,0,0,0,0,0,0,4,0,0,0,364,0,0,0,0,0,0,0,0,0,0,28,0,0,0,0,0,0,71,0,0,0,0,0,0,0,0,0,0,0,0,0,0,0,0,0,0,0,0,0
"3.30.20",0,0,0,0,0,0,0,0,0,0,0,0,0,5,9,0,0,0,645,0,0,0,0,0,0,0,0,0,0,33,0,0,0,0,0,0,31,0,0,0,0,0,0,0,0,0,0,0,0,0,0,0,0,0,0,0,0,0
"3.31.20",0,0,0,0,0,0,0,0,0,0,0,0,0,3,23,0,0,0,545,0,0,0,0,0,0,0,0,0,0,38,0,0,42,0,0,31,88,0,0,0,0,0,0,0,0,0,0,0,0,0,2,0,0,0,0,0,0,0
"4.1.20",0,1,0,0,0,0,0,0,0,14,0,1,7,0,43,0,0,3,499,0,0,0,0,0,0,0,0,1,0,104,0,0,29,0,0,52,246,0,0,0,0,6,0,0,0,0,0,0,0,0,1,0,0,0,0,0,0,0
"4.2.20",0,0,0,0,0,0,0,0,0,18,0,4,0,0,29,0,0,0,527,3,0,0,0,1,0,4,0,2,0,50,2,0,133,0,0,90,117,0,0,0,0,22,0,0,0,0,0,0,6,6,1,1,0,21,0,0,3,0
"4.3.20",0,0,0,2,0,0,0,1,0,6,0,11,10,2,39,0,0,0,521,3,0,0,0,0,0,2,0,0,0,55,4,1,102,0,2,21,146,0,0,0,12,29,0,0,2,0,0,0,8,8,2,0,0,9,0,8,4,0
"4.4.20",59,0,0,2,0,0,32,0,1,4,0,0,7,0,11,0,0,0,39,0,0,0,0,2,0,0,0,2,0,75,11,0,112,0,0,17,97,0,5,0,46,13,0,0,1,0,0,0,4,3,2,0,0,6,0,8,7,1
"4.5.20",7,0,0,0,0,0,33,0,0,0,0,0,0,0,20,1,0,0,1350,0,0,0,0,5,0,0,0,0,0,48,0,0,17,0,0,2,117,0,8,0,8,4,0,0,0,0,0,0,0,0,0,0,0,2,0,2,0,0
"4.6.20",52,0,0,1,0,0,32,1,4,20,0,3,5,1,21,0,1,0,422,1,4,0,0,9,0,0,0,3,0,48,3,0,185,42,3,175,78,0,12,0,41,18,0,3,5,0,0,0,14,21,0,0,0,45,0,38,3,1
"4.7.20",33,0,0,0,1,0,24,0,0,16,0,3,6,0,15,1,0,0,559,0,3,0,0,2,0,0,0,0,0,49,4,1,51,65,1,4,50,36,7,0,4,20,22,2,0,0,0,3,0,11,2,0,0,18,0,13,8,2
"4.8.20",34,0,0,0,0,1,10,0,2,13,0,0,6,0,42,0,0,0,623,0,3,0,0,8,0,1,4,3,0,85,8,0,69,52,5,81,76,51,13,0,35,12,65,2,2,0,0,12,5,3,1,0,0,1,0,16,5,0
"4.9.20",47,0,0,1,0,0,24,0,0,14,0,0,8,0,27,0,0,0,396,0,1,0,0,6,0,0,2,6,1,63,5,0,109,36,1,82,98,61,12,0,22,11,44,4,4,0,0,7,6,7,0,0,0,2,0,10,3,3
"4.10.20",65,0,3,1,0,0,32,0,1,21,1,0,3,0,33,2,2,0,488,1,2,0,0,15,0,1,8,1,0,59,5,0,79,41,0,62,65,49,11,0,12,22,50,2,2,0,1,11,16,8,1,0,0,16,0,17,3,0
"4.11.20",45,1,1,0,0,0,13,0,3,16,0,0,8,1,6,2,0,0,10,0,8,0,0,3,0,0,0,1,1,83,1,0,98,43,1,47,68,63,10,0,20,4,90,4,0,0,0,9,2,18,0,0,0,5,0,14,5,0
"4.12.20",23,0,0,0,0,0,3,0,0,4,0,3,0,0,27,0,0,0,441,0,2,0,0,0,0,0,7,0,0,56,1,0,70,4,0,1,43,26,2,0,2,3,20,1,0,0,0,0,0,0,0,0,0,0,0,2,0,0
"4.13.20",47,0,0,0,0,0,16,0,0,0,0,1,4,0,50,0,0,0,539,0,6,0,0,1,0,1,1,1,0,6,2,0,130,34,0,93,43,62,9,5,15,10,79,2,0,0,0,0,2,12,0,0,0,17,0,3,14,0
"4.14.20",22,0,0,0,0,0,48,0,1,40,0,0,4,0,70,3,0,0,614,0,3,0,0,1,0,1,12,3,10,16,1,0,8,14,1,13,83,20,25,3,2,22,21,2,0,0,0,2,0,6,1,0,0,43,0,20,0,1
"4.15.20",72,0,1,1,4,0,28,0,3,20,0,3,29,0,37,0,1,0,470,1,15,0,0,13,0,0,8,1,0,77,6,1,256,102,0,130,82,38,49,3,26,25,131,8,1,0,0,13,7,38,0,0,0,61,0,37,12,1
"4.16.20",66,0,0,1,1,0,30,0,1,25,0,0,17,5,12,0,2,0,337,4,8,0,0,2,0,0,10,10,0,49,6,0,190,26,2,80,75,33,16,1,38,14,97,0,0,0,0,9,5,11,2,0,0,16,0,19,5,0
"4.17.20",62,0,0,0,1,0,12,0,1,26,0,5,3,0,13,3,0,0,546,0,19,0,0,4,0,0,3,2,0,370,1,0,167,17,2,87,71,51,11,3,23,18,45,2,1,0,0,11,22,16,0,0,0,65,0,14,19,0
"4.18.20",43,0,0,0,1,0,34,0,1,4,0,0,2,0,32,2,0,0,621,0,4,0,0,2,0,0,16,3,0,40,0,0,177,19,2,26,55,54,36,13,53,23,28,2,0,0,0,2,1,15,0,0,0,15,0,18,1,0
"4.19.20",49,0,0,0,0,0,10,0,0,7,0,1,7,0,13,0,0,0,320,0,1,0,0,3,0,1,5,0,0,25,1,0,59,11,0,7,55,9,12,3,24,5,16,2,0,0,0,0,4,5,0,0,0,6,0,2,2,0
"4.20.20",47,0,0,0,0,0,22,0,0,30,0,0,5,0,20,2,0,0,1482,1,6,0,1,3,0,0,7,6,0,70,1,0,161,12,3,82,57,70,18,0,45,11,42,4,0,0,0,10,6,7,1,0,0,10,0,8,5,0
"4.21.20",53,0,0,0,0,0,13,0,0,16,0,0,16,1,28,9,0,0,1330,2,2,0,0,1,0,0,4,3,2,70,1,0,154,17,0,155,109,9,25,2,43,26,23,2,0,0,0,8,4,7,0,0,0,9,0,29,18,0
"4.22.20",41,0,0,0,0,0,6,0,3,16,0,0,5,0,12,0,0,0,1294,0,0,0,0,3,0,0,3,0,0,125,0,0,191,18,0,65,57,23,15,8,12,23,26,2,0,0,0,2,3,12,0,0,0,15,0,10,4,0
"4.23.20",61,0,1,0,0,0,14,0,0,38,0,0,11,1,16,0,0,0,1090,0,7,0,0,6,0,0,7,1,0,80,3,0,113,19,0,40,152,57,17,4,25,8,27,4,1,0,0,1,2,7,2,0,0,15,0,14,4,0
"4.24.20",49,0,0,0,0,0,20,0,2,23,1,0,51,1,36,2,0,0,1008,2,2,0,0,4,0,0,6,0,0,88,1,0,110,31,2,63,183,33,5,5,34,5,30,1,1,0,0,7,12,19,0,0,0,19,0,10,4,0
"4.25.20",11,0,0,1,0,0,15,0,0,10,0,0,0,0,20,3,0,0,588,0,4,0,0,1,0,0,6,1,1,57,0,0,0,6,0,8,117,0,13,8,50,7,19,1,1,0,0,0,0,3,0,0,0,19,0,5,2,0
"4.26.20",53,0,0,0,1,0,9,1,0,18,0,0,40,0,54,0,0,0,434,0,10,0,0,1,0,0,9,2,0,45,4,0,257,12,0,6,100,58,17,6,16,7,53,4,0,0,0,2,17,18,2,0,0,19,1,15,1,0
"4.27.20",45,0,0,0,0,0,13,0,2,29,0,0,18,0,19,15,0,0,856,3,2,0,5,4,0,0,3,2,2,128,1,0,80,8,0,61,98,50,8,1,22,2,8,7,0,0,0,17,4,22,0,0,0,38,0,4,2,0
"4.28.20",31,0,0,0,0,0,23,0,0,22,0,0,5,0,19,9,0,0,573,2,1,1,0,0,0,2,6,3,2,166,1,0,123,9,1,149,173,18,10,6,37,3,27,0,0,0,0,24,6,14,0,0,0,44,1,4,0,0
"4.29.20",39,0,0,0,0,0,19,0,1,20,0,0,5,0,19,23,0,0,1489,1,6,0,1,8,0,0,13,1,0,126,2,0,196,11,2,84,118,18,8,9,41,8,17,1,2,0,0,6,4,44,2,0,0,36,0,13,1,0
"4.30.20",35,0,0,0,0,0,15,0,0,18,0,1,22,0,27,7,0,0,735,1,6,2,0,6,0,0,9,1,0,125,3,0,120,16,0,46,132,29,8,1,24,13,25,2,0,0,0,10,3,4,0,0,0,23,0,17,3,0
"5.1.20",31,0,0,1,0,0,15,0,3,58,0,0,15,0,46,25,0,0,1042,0,2,10,0,9,0,0,9,0,0,107,1,0,74,10,1,64,147,34,6,4,28,9,4,1,0,0,0,4,9,6,0,0,0,48,0,9,1,1
"5.2.20",48,0,0,0,0,0,14,0,0,12,1,0,8,0,30,8,1,0,632,0,1,0,0,0,0,0,3,2,0,55,1,0,104,16,0,40,131,80,5,7,50,8,27,4,0,0,0,1,8,4,0,0,0,26,0,8,4,0
"5.3.20",53,0,0,0,0,0,16,0,2,18,0,0,6,0,36,17,0,0,805,0,0,0,0,3,0,0,10,1,0,61,11,0,37,12,0,0,85,60,11,7,5,6,32,2,0,0,0,0,4,23,0,0,0,25,0,19,2,0
"5.4.20",31,0,0,0,0,0,4,0,2,37,0,0,0,0,11,16,0,0,526,6,1,1,0,4,0,0,2,0,0,174,1,0,187,10,0,60,93,68,4,2,36,12,3,0,0,0,0,26,2,11,0,0,0,24,0,7,0,0
"5.5.20",58,0,0,3,0,0,27,0,3,47,0,0,38,0,29,34,0,1,1611,1,0,0,0,3,0,0,3,2,0,114,0,0,88,6,1,161,140,19,3,1,22,17,11,1,0,0,0,6,7,8,1,0,0,109,0,17,0,0
"5.6.20",45,0,0,0,0,0,14,0,0,49,0,0,10,0,28,21,0,0,829,2,0,1,0,0,0,1,6,4,0,182,2,0,226,10,0,81,159,25,4,4,13,24,22,1,0,0,0,1,6,4,0,0,0,94,0,12,1,0
"5.7.20",50,0,0,0,0,0,15,0,0,41,0,0,43,0,60,11,0,0,846,0,8,0,0,5,0,0,3,0,0,165,1,0,73,4,0,97,110,48,2,2,50,156,12,1,0,0,0,7,13,32,0,0,0,38,0,28,0,0
"5.8.20",41,0,0,0,0,0,19,0,0,27,1,0,25,0,33,17,0,0,808,2,5,0,0,5,0,1,16,0,0,194,1,0,64,6,1,109,233,38,12,1,25,335,4,1,0,0,0,7,3,21,1,0,0,49,0,19,0,0
"5.9.20",56,0,0,0,0,0,15,0,0,25,0,1,7,0,62,28,0,0,922,4,4,0,0,2,0,0,8,0,0,93,2,0,200,5,1,194,114,54,10,3,30,193,32,1,0,0,0,7,3,4,1,0,1,34,0,14,0,1
"5.10.20",36,0,0,0,0,0,7,0,1,34,0,1,35,0,26,2,0,0,462,4,6,0,0,1,0,0,10,1,0,43,0,0,80,2,0,85,150,9,6,5,10,78,14,1,0,0,0,1,2,7,0,0,0,60,0,11,1,0
"5.11.20",56,0,0,1,0,0,7,0,0,43,0,0,53,0,32,23,0,0,560,3,4,0,0,4,0,3,4,0,0,139,2,0,131,8,0,35,139,21,9,6,36,49,9,1,0,0,0,32,13,9,1,0,0,60,0,10,1,1
"5.12.20",43,0,0,1,0,0,15,0,1,42,0,2,40,0,30,14,0,0,948,1,3,0,0,17,0,1,12,1,0,125,0,0,53,6,3,52,96,7,5,2,34,6,22,1,2,0,0,7,5,8,1,0,0,58,0,21,2,1
"5.13.20",35,0,0,1,0,0,15,1,2,17,0,0,8,0,27,12,0,0,1327,0,4,0,0,1,0,0,11,1,0,153,0,0,70,7,0,67,117,23,14,5,17,5,8,1,0,0,0,7,22,6,0,0,1,22,0,24,2,0
"5.14.20",74,0,0,1,0,0,8,0,1,45,2,1,42,0,50,28,0,0,854,0,5,0,0,6,0,0,8,2,0,132,2,0,135,8,1,86,113,25,4,5,38,13,10,3,0,0,0,4,3,12,1,0,0,34,0,18,2,2
"5.15.20",34,0,0,0,0,0,16,0,5,92,1,1,28,0,35,5,0,0,924,2,12,0,0,9,0,0,4,0,0,175,2,0,157,22,1,76,132,33,13,1,24,14,15,1,0,0,0,16,16,7,1,0,0,39,0,29,2,0
"5.16.20",38,0,0,0,0,0,30,0,1,51,0,9,36,0,45,9,0,0,1044,0,2,0,0,10,0,1,8,3,0,116,0,0,137,6,1,137,139,32,12,3,40,14,26,8,0,0,1,4,7,6,0,1,0,70,0,25,0,0
"5.17.20",62,0,0,1,0,0,19,3,0,36,0,1,3,0,42,0,0,1,651,0,18,0,0,13,0,0,13,3,0,51,1,0,143,15,1,105,174,38,20,2,28,35,33,1,1,0,0,0,20,20,3,0,0,4,0,25,0,0
"5.18.20",53,0,0,1,0,0,18,1,2,34,2,0,52,0,22,25,2,0,447,3,14,0,1,3,0,1,3,3,0,201,1,1,97,9,0,91,110,51,9,1,21,44,15,5,0,0,0,6,11,6,0,0,0,62,0,12,1,2
"5.19.20",51,0,1,1,0,0,32,0,0,45,1,2,245,0,34,12,2,0,1115,6,11,0,0,5,0,0,5,1,0,151,1,0,91,7,0,98,80,3,8,2,3,20,12,1,0,0,0,17,2,10,0,0,0,60,0,12,0,0
"5.20.20",63,0,0,5,0,0,18,1,1,42,0,1,35,0,34,10,0,0,1322,2,8,0,0,3,0,0,6,0,0,192,0,0,128,5,2,115,114,13,8,4,35,3,28,2,0,0,0,3,22,2,0,0,0,34,0,19,1,0
"5.21.20",52,0,0,1,0,1,20,0,0,34,0,6,49,0,39,14,0,1,1142,0,11,0,0,1,0,0,7,3,0,160,0,0,155,14,0,179,175,49,17,2,52,17,13,1,0,0,0,6,16,19,0,0,1,21,0,28,1,1
"5.22.20",116,0,0,3,0,0,29,0,7,38,0,1,118,0,51,11,0,0,1033,0,13,0,1,7,0,1,9,1,0,166,4,0,106,4,3,157,119,3,17,4,56,13,17,7,0,0,0,7,17,14,0,0,0,58,0,30,2,0
"5.23.20",61,0,0,0,0,0,30,1,0,49,0,0,69,0,62,16,0,2,1051,1,21,0,0,14,0,0,25,4,0,100,3,0,109,13,3,65,125,61,12,2,15,12,56,6,1,1,0,4,18,9,0,1,0,20,0,24,1,0
"5.24.20",47,0,0,1,0,0,23,6,2,8,0,1,86,0,67,2,1,0,896,0,9,0,6,11,0,0,8,3,0,79,0,0,111,8,0,90,142,6,1,1,63,7,31,8,1,0,0,1,23,9,0,0,0,2,0,21,4,0
"5.25.20",70,0,1,2,0,0,23,4,2,42,0,0,0,0,47,1,1,1,1006,0,14,0,0,4,1,0,13,3,0,70,2,0,329,7,3,131,96,40,0,3,13,17,24,6,0,0,0,2,11,17,0,0,0,63,0,38,5,0
"5.26.20",56,0,0,0,0,0,4,10,1,2,0,0,0,0,5,2,0,0,1822,0,9,1,1,4,0,0,6,2,0,249,2,0,17,9,0,38,85,5,0,0,29,0,12,6,0,0,0,33,13,12,1,0,0,21,0,13,1,0
"5.27.20",81,0,0,4,2,1,21,4,3,124,2,5,0,0,65,138,0,1,916,8,15,0,1,12,0,0,19,3,0,216,8,0,239,20,4,278,101,31,65,6,78,40,21,5,0,0,0,7,13,12,1,1,0,49,0,34,6,0
"5.28.20",46,0,0,1,0,0,19,3,0,33,0,11,61,0,66,40,4,0,1099,2,4,0,3,5,0,0,28,1,0,221,1,0,84,21,8,123,117,23,15,1,25,13,18,0,0,0,0,12,8,9,0,1,0,15,0,18,2,0
"5.29.20",126,0,0,1,0,0,19,0,3,35,0,1,177,0,69,67,0,0,1818,5,5,0,1,2,0,0,8,0,0,168,3,0,137,21,2,152,140,36,15,3,33,15,9,1,0,0,1,9,8,14,0,0,0,20,0,10,5,1
"5.30.20",95,0,0,3,0,0,18,0,1,57,2,0,484,0,69,10,1,0,2068,3,14,0,0,0,0,0,41,0,0,131,0,0,116,24,1,139,145,43,33,0,26,4,34,3,0,0,0,14,14,14,0,0,0,27,0,23,0,0
"5.31.20",58,0,0,7,0,0,29,0,2,37,0,0,106,0,105,0,1,0,1255,0,24,0,0,3,0,0,25,1,0,106,17,0,212,14,0,63,96,5,0,1,40,2,44,4,2,0,0,0,4,26,2,0,0,5,0,35,0,1
"6.1.20",98,0,0,0,0,2,28,1,0,79,0,0,169,0,72,0,3,0,1010,2,9,0,3,1,0,1,9,0,0,194,3,0,217,17,1,125,73,45,69,4,21,10,12,5,0,0,0,17,10,20,1,1,0,92,0,12,1,0
"6.2.20",57,0,0,1,0,0,19,1,0,65,0,3,93,0,54,17,3,0,1208,7,14,0,1,8,0,0,28,2,0,211,8,0,171,13,0,128,120,8,28,0,13,33,23,0,0,0,1,8,6,14,0,1,0,36,0,15,1,1
"6.3.20",72,0,0,3,0,0,6,0,2,26,0,2,81,0,42,24,1,1,1042,7,18,0,0,2,0,0,10,0,2,228,17,0,118,29,2,127,124,54,19,4,40,19,17,2,2,0,0,7,7,8,2,0,0,29,0,24,0,0
"6.4.20",55,0,0,4,0,0,40,6,11,64,0,6,91,0,44,98,1,0,1431,10,6,0,0,5,0,0,29,1,6,219,13,0,265,35,0,161,142,28,12,9,41,29,35,1,0,0,0,10,13,26,1,0,0,45,0,34,3,0
"6.5.20",91,0,0,5,1,0,24,0,0,45,0,2,147,1,72,23,1,2,1376,17,13,0,3,5,0,0,29,6,1,210,9,0,227,22,4,143,240,39,30,5,47,46,31,4,0,0,0,7,28,36,3,2,0,94,0,39,0,0
"6.6.20",67,0,0,2,0,0,44,0,3,67,0,1,269,0,116,17,0,1,1314,5,10,0,0,6,0,0,30,13,0,147,5,0,235,19,0,78,165,0,30,2,11,20,32,4,0,0,0,2,4,16,2,1,1,33,0,29,7,0
"6.7.20",65,0,0,1,0,0,34,0,0,27,0,0,1,0,70,0,0,0,1462,0,28,0,0,3,0,0,53,6,0,120,3,0,170,35,0,87,131,0,50,1,57,3,13,4,1,0,0,0,17,47,4,0,1,6,0,34,1,0
"6.8.20",71,0,0,6,0,0,62,0,3,50,1,0,3,1,74,10,0,1,846,5,12,0,0,13,0,0,19,9,0,267,18,0,141,23,1,89,143,41,72,4,32,6,24,4,2,0,0,0,15,52,0,0,0,82,4,45,4,0
"6.9.20",26,0,0,2,0,0,30,0,2,85,2,1,16,0,76,42,0,0,1255,18,20,0,3,18,0,0,21,5,0,242,11,0,265,34,2,146,110,34,42,1,33,32,35,3,1,0,2,36,7,37,1,1,0,92,0,25,0,0
"6.10.20",64,0,0,2,0,0,34,0,1,46,2,0,387,1,72,18,0,0,1166,4,17,0,0,21,0,0,19,3,0,268,8,0,346,18,0,171,108,25,42,6,29,24,27,5,1,0,4,12,12,37,0,1,0,62,0,39,0,0
"6.11.20",46,0,0,1,0,0,19,0,0,14,0,0,9,0,74,12,0,0,1848,3,4,0,0,0,0,0,22,3,0,299,12,0,157,27,0,71,161,0,69,1,7,17,17,5,2,0,0,8,9,32,0,0,0,18,0,46,2,0
"6.12.20",95,0,0,0,2,0,30,0,1,90,0,0,80,0,114,24,1,0,1570,9,12,0,0,2,0,0,51,0,2,276,12,0,602,33,1,198,133,49,55,14,34,74,50,4,1,0,0,4,14,30,0,3,0,79,0,44,13,0
"6.13.20",29,0,0,1,0,0,41,0,0,71,0,0,103,0,65,36,0,0,1528,16,28,0,0,4,0,0,37,9,0,226,13,0,315,11,3,178,184,11,55,5,18,30,42,3,0,0,0,17,15,30,6,4,0,74,0,33,8,1
"6.14.20",75,0,0,6,0,0,25,0,0,86,0,0,84,0,86,0,2,0,961,0,12,0,0,27,0,0,49,10,0,149,23,0,287,37,5,130,126,0,142,4,20,50,37,0,0,0,0,1,13,37,1,0,0,20,0,43,3,0
"6.15.20",52,0,0,0,0,0,25,0,4,32,0,0,0,0,86,0,0,0,814,0,20,1,0,11,0,0,49,6,0,368,17,0,158,41,4,174,170,0,64,2,20,5,26,0,2,0,0,0,2,94,8,0,0,16,0,47,1,0
"6.16.20",105,0,0,2,1,0,53,0,1,116,9,0,209,1,85,22,0,0,1330,36,17,0,0,22,0,0,21,9,1,534,6,0,263,34,2,274,120,59,51,11,27,36,24,3,1,0,1,56,13,25,2,7,0,140,0,20,7,1
"6.17.20",57,0,0,2,1,0,50,0,1,72,1,0,169,1,60,53,1,3,2098,19,46,1,7,24,0,0,58,6,4,582,35,0,221,64,6,207,125,13,107,19,31,57,37,8,0,0,1,28,9,109,6,0,0,80,0,53,15,1
"6.18.20",104,0,2,7,0,0,52,1,5,147,4,0,258,0,78,44,4,4,1088,30,49,0,3,26,0,0,50,3,11,651,30,0,551,49,18,471,238,45,83,16,25,56,75,10,0,0,2,13,41,108,6,7,0,123,0,52,17,2
"6.19.20",57,0,0,3,0,0,34,0,3,163,5,0,138,1,116,144,0,1,1307,12,10,0,3,43,0,0,32,4,3,722,7,0,300,38,2,313,258,17,61,14,39,83,38,8,7,0,3,20,14,54,4,4,0,48,0,84,9,1
"6.20.20",112,0,0,3,0,0,125,0,6,114,0,0,112,0,87,46,1,1,2054,21,50,0,0,37,0,0,22,3,2,479,19,1,311,93,3,265,134,31,77,13,42,76,59,4,8,0,1,29,3,49,0,0,0,119,0,81,6,1
"6.21.20",77,0,0,3,0,0,51,0,2,77,0,0,85,0,97,3,0,1,1705,0,28,0,0,11,0,0,46,6,6,281,15,0,507,87,12,207,310,1,142,13,26,73,79,3,9,0,1,0,30,90,7,0,0,1,0,75,14,1
"6.22.20",109,0,0,7,0,0,81,0,5,130,0,0,0,0,75,179,0,93,2603,12,122,0,0,42,0,0,66,4,0,876,14,0,421,88,13,209,302,0,144,4,32,18,66,0,2,0,0,0,24,96,4,3,0,12,0,44,10,1
"6.23.20",215,0,1,7,6,0,90,0,5,144,7,0,324,0,84,214,3,110,2495,36,110,3,13,37,0,0,53,8,2,1023,13,0,521,132,3,638,198,177,170,23,95,51,120,23,4,0,1,158,54,66,12,12,0,271,1,144,17,0
"6.24.20",83,0,3,8,0,4,67,1,7,198,7,4,113,2,59,336,0,4,1121,4,122,0,0,40,0,0,61,28,11,1054,23,0,477,72,4,440,332,39,178,16,57,71,112,16,2,0,0,39,21,189,6,5,0,85,1,106,29,1
"6.25.20",156,0,2,9,0,3,71,0,1,173,5,4,54,0,74,47,2,1,1944,7,60,1,0,51,0,0,19,2,0,1024,26,0,278,74,3,379,335,36,123,13,32,55,59,6,1,0,0,56,20,91,8,4,1,115,1,32,21,1
"6.26.20",104,0,2,8,4,3,85,0,9,229,12,5,208,1,118,66,0,6,1814,29,85,1,2,50,0,0,23,17,9,989,10,0,634,168,2,521,439,78,140,25,60,163,97,9,2,0,0,34,25,27,12,4,0,64,1,99,21,0
"6.27.20",80,0,0,2,0,0,41,0,0,72,6,1,113,0,40,12,0,1,1994,18,17,0,0,10,0,0,6,5,2,622,0,0,351,0,6,127,434,2,52,7,28,17,38,3,1,0,1,8,27,7,3,0,0,90,3,27,14,1
"6.28.20",117,0,0,14,0,0,87,0,3,127,0,0,0,0,138,47,11,0,2533,0,50,0,0,8,0,0,105,25,1,452,34,0,639,116,8,106,497,56,206,26,41,73,125,2,2,0,0,1,80,212,4,0,0,2,1,179,36,0
"6.29.20",68,0,0,8,0,0,174,0,1,166,0,1,0,0,70,46,0,0,3040,0,44,2,0,34,0,0,54,10,5,1054,10,0,836,182,3,300,501,1,1,14,47,61,100,0,6,0,0,0,19,24,7,0,0,94,2,144,15,16
"6.30.20",193,0,1,6,1,16,165,1,14,296,19,4,455,2,107,35,3,8,2892,49,97,1,2,122,0,1,43,25,7,1063,39,2,973,261,7,732,316,166,542,39,98,170,115,30,6,0,1,179,19,179,16,12,0,302,0,236,32,0
"7.1.20",168,0,1,23,6,20,119,2,8,290,14,2,182,0,113,48,19,7,1815,44,22,1,5,82,0,1,46,5,2,990,46,0,882,179,19,338,474,71,246,30,58,166,201,19,4,0,2,94,56,41,20,5,0,152,1,194,11,2
"7.2.20",261,0,1,14,5,7,88,0,10,294,4,5,86,0,171,59,6,1,2127,29,70,0,1,70,0,0,94,5,3,960,27,0,717,162,17,476,584,50,253,46,64,118,176,16,6,0,2,79,66,231,7,6,1,200,6,172,28,36
"7.3.20",100,0,2,13,2,10,100,0,8,381,8,5,109,2,161,73,2,2,14,17,70,0,1,66,0,0,8,36,8,779,5,3,918,124,7,855,490,105,173,17,49,23,98,22,3,0,0,67,38,171,10,3,0,98,5,142,32,3
"7.4.20",251,0,6,12,1,6,136,0,10,218,6,1,96,0,30,17,3,0,20,3,186,0,0,64,0,0,74,38,0,367,51,0,337,328,12,596,468,80,392,23,93,115,225,30,22,0,0,53,88,551,20,3,0,146,3,151,29,6
"7.5.20",124,0,0,24,0,3,82,7,16,189,1,3,0,0,115,37,6,0,7198,0,118,0,0,88,0,2,116,24,16,434,59,0,3,226,3,392,562,0,208,31,43,153,193,1,3,0,0,0,0,205,16,3,0,179,0,179,29,13
"7.6.20",109,0,2,9,0,1,237,0,5,179,0,1,2,0,124,38,1,6,1546,166,56,4,0,56,0,1,84,4,5,1049,49,0,974,156,6,320,274,0,89,21,75,95,132,1,5,0,0,120,0,207,9,0,0,60,1,46,41,9
"7.7.20",127,0,0,15,13,4,231,0,13,380,16,2,235,0,174,44,1,2,4194,60,491,0,10,135,0,2,88,5,4,1101,26,1,795,172,10,661,578,184,443,44,42,104,69,37,1,0,0,108,103,118,23,0,0,152,10,80,21,14
"7.8.20",239,0,2,12,0,6,138,0,4,364,1,12,49,3,216,7,3,71,2492,34,129,0,2,47,0,3,16,9,6,1066,18,0,763,207,8,508,264,49,212,30,42,120,72,8,4,0,1,46,22,243,25,5,0,119,2,149,21,7
"7.9.20",98,0,1,14,1,7,122,0,7,291,4,4,51,0,220,60,2,96,1736,22,219,0,4,150,0,1,42,0,0,981,34,0,939,151,13,833,560,50,245,44,59,83,128,18,7,0,0,71,89,289,23,2,0,199,5,139,37,7
"7.10.20",118,0,1,24,2,6,94,0,12,378,7,2,100,0,216,21,5,56,2447,64,127,0,0,74,0,0,62,28,5,986,20,0,502,231,7,909,458,162,221,22,52,109,181,14,3,0,0,58,22,149,17,5,0,177,2,138,30,12
"7.11.20",294,0,0,7,1,7,168,2,17,329,4,6,7,0,144,46,6,1,2955,74,90,0,0,49,0,0,91,13,2,568,27,0,513,186,12,668,509,125,293,39,112,107,140,31,10,0,5,84,85,130,14,4,0,103,1,129,39,11
"7.12.20",211,0,3,16,0,6,58,0,7,324,5,0,115,0,163,26,4,1,3155,37,167,0,0,57,0,0,145,10,4,377,29,2,410,148,10,137,558,106,185,42,32,71,293,2,5,0,0,3,53,266,10,0,0,84,2,180,56,13
"7.13.20",59,0,2,14,1,0,176,0,8,264,2,0,53,0,99,45,4,7,2808,34,44,1,0,99,0,2,92,15,6,907,38,0,733,234,19,572,419,0,224,17,69,89,237,2,12,0,1,9,75,147,17,1,0,67,4,77,52,6
"7.14.20",273,0,2,28,11,12,230,1,26,280,9,1,43,0,158,43,2,5,4219,59,49,2,22,77,0,2,113,23,8,895,26,0,716,231,17,886,539,125,216,71,116,201,199,65,5,0,1,220,48,308,26,11,0,271,12,153,25,16
"7.15.20",233,0,0,38,1,7,138,0,15,188,7,6,15,1,162,40,2,17,2631,29,7,0,9,72,0,4,56,16,6,920,23,2,643,239,28,1029,561,99,238,37,85,94,217,21,3,0,0,78,54,147,28,3,0,121,0,137,36,11
"7.16.20",109,0,2,45,7,5,92,0,18,363,6,3,38,2,153,31,6,4,4471,45,88,1,2,72,0,1,77,8,8,857,23,0,414,223,1,863,409,81,333,49,78,139,90,39,15,0,1,29,34,300,11,0,0,147,3,144,32,0
"7.17.20",179,0,2,33,4,6,151,0,11,482,13,1,45,0,159,41,11,1,2746,22,293,0,5,100,0,1,66,17,9,829,39,0,737,124,10,720,634,129,212,44,71,130,92,18,5,0,1,80,28,144,14,2,1,205,2,220,21,10
"7.18.20",197,0,1,54,3,36,134,1,17,427,9,4,75,0,495,18,3,19,2728,46,250,0,11,96,0,0,98,11,4,448,26,1,606,176,8,626,625,84,193,44,81,110,175,35,3,0,2,51,37,124,15,8,0,139,2,179,22,6
"7.19.20",139,0,2,5,0,5,74,0,0,260,3,6,12,0,719,40,2,1,2765,41,83,2,0,36,0,9,59,3,7,336,13,0,96,246,5,255,568,43,190,28,34,37,149,2,2,0,0,48,55,164,7,2,0,47,0,76,50,3
"7.20.20",23,0,2,35,1,30,134,0,22,264,10,0,57,0,787,58,3,19,3128,132,83,1,16,124,0,15,126,20,8,578,118,0,823,384,21,310,453,0,275,20,87,124,308,5,15,0,0,0,74,327,27,8,0,118,0,206,28,18
"7.21.20",147,0,2,73,6,10,387,5,33,522,4,3,121,0,834,94,10,2,2980,75,63,3,7,141,0,1,199,28,10,634,49,2,1068,420,11,1101,385,283,567,56,124,158,279,77,8,0,6,176,52,149,26,4,0,473,0,219,49,11
"7.22.20",288,0,3,36,2,9,191,0,26,350,7,3,75,0,1120,85,3,2,3109,71,55,0,6,103,0,3,130,27,13,577,56,1,862,240,21,1504,587,96,478,35,63,87,277,31,5,0,4,112,55,417,18,5,1,193,16,92,29,19
"7.23.20",247,0,3,32,4,6,218,0,25,414,10,7,71,0,1135,100,0,3,1734,81,50,3,12,144,0,0,122,26,9,515,50,1,740,194,13,1312,1,71,233,65,99,122,192,21,8,0,1,124,34,202,19,3,0,258,2,82,46,9
"7.24.20",292,0,5,26,0,13,197,0,25,403,5,2,82,3,1037,100,7,3,2067,21,94,0,10,128,0,0,93,28,8,545,32,1,680,348,7,875,991,68,329,38,59,148,200,43,8,0,0,102,56,258,23,12,0,269,6,250,50,10
"7.25.20",148,0,1,59,1,10,106,1,12,302,9,2,41,2,832,45,6,0,3390,45,45,2,2,76,0,0,57,5,2,316,45,0,409,104,7,280,603,33,157,54,69,106,109,9,1,0,1,48,67,136,10,0,0,145,0,109,28,5
"7.26.20",130,0,0,12,0,5,175,0,11,343,5,2,54,0,369,75,1,0,1692,20,33,0,16,75,0,0,96,23,4,256,32,0,715,299,3,283,283,179,291,36,55,59,219,31,4,0,0,92,91,237,9,5,0,82,14,182,51,1
"7.27.20",157,0,5,22,0,1,161,0,9,284,12,4,8,0,442,94,2,41,2011,49,74,0,3,41,0,17,59,0,7,538,51,0,186,119,3,391,524,2,91,47,30,87,171,14,10,0,0,3,2,61,8,17,0,70,2,154,31,15
"7.28.20",233,0,5,14,2,19,170,1,10,454,12,0,15,0,1893,36,3,0,2614,96,29,2,13,154,0,3,87,55,10,498,80,0,636,338,5,575,499,63,230,24,63,86,151,34,0,0,3,95,49,212,33,7,0,325,1,48,20,5
"7.29.20",303,0,3,32,2,12,94,0,30,385,5,3,21,1,448,34,0,6,4814,52,49,3,6,159,0,0,205,42,10,530,39,3,511,110,34,679,284,153,294,37,134,107,260,33,22,0,1,89,45,261,26,7,1,241,2,117,29,17
"7.30.20",131,0,17,28,4,13,95,0,20,481,3,7,24,0,1067,30,2,15,2580,66,88,2,4,90,0,2,100,8,4,467,23,0,340,166,21,853,382,66,189,30,64,58,141,36,9,0,2,83,86,151,20,2,0,139,1,143,23,12
"7.31.20",176,0,1,10,1,4,83,0,8,296,7,1,37,1,924,22,10,3,2505,29,51,0,0,94,0,0,141,23,10,483,32,0,304,168,9,322,382,19,126,43,47,102,156,31,0,0,1,47,61,179,16,5,1,198,1,219,11,7
"8.1.20",149,0,11,51,4,8,171,0,21,365,7,3,34,0,547,141,3,5,2316,67,63,1,11,183,1,0,118,26,3,281,38,0,605,172,12,617,537,170,246,52,104,90,418,46,6,0,3,82,145,165,0,7,0,155,3,298,35,18
"8.2.20",106,0,8,11,0,8,129,0,6,311,4,0,0,0,663,16,7,1,1320,20,40,2,4,39,0,0,88,33,9,211,29,0,293,55,20,697,314,1,131,23,98,67,297,0,6,0,1,19,115,64,0,2,0,73,0,195,31,6
"8.3.20",133,0,2,3,1,1,74,0,2,192,1,2,34,12,106,144,0,0,1700,22,16,1,1,17,0,0,108,17,1,415,27,0,136,44,4,340,352,22,72,42,43,48,170,0,4,0,2,1,74,36,0,3,0,110,0,70,10,0
"8.4.20",169,0,4,25,0,18,144,1,23,333,9,7,21,2,577,57,5,0,1928,19,19,2,0,57,1,0,89,21,7,478,18,0,349,62,5,242,300,249,81,25,29,11,239,38,13,0,4,81,30,59,47,1,0,163,4,53,29,5
"8.5.20",158,0,0,28,0,0,152,0,24,360,5,8,62,3,205,29,3,3,2360,15,17,0,0,34,0,1,44,28,5,408,25,0,464,56,5,232,360,133,64,42,5,6,89,0,3,2,1,60,65,57,19,5,0,58,10,30,8,2
"8.6.20",334,0,2,24,0,4,221,0,11,411,2,17,28,21,291,73,0,47,3035,68,22,1,12,116,1,7,65,12,0,372,56,0,817,288,13,382,279,36,121,72,190,23,206,15,5,0,1,35,86,163,17,11,0,245,0,87,28,7
"8.7.20",332,0,0,32,2,0,228,0,21,266,7,8,21,0,285,52,6,2,3058,6,36,0,2,123,0,1,41,23,0,323,33,0,633,250,21,383,659,29,123,51,63,0,129,19,0,0,0,60,70,115,10,4,0,123,0,114,27,7
"8.8.20",282,0,14,48,3,10,294,0,10,248,5,3,128,3,617,52,6,1,2520,30,24,0,2,212,0,1,60,7,0,191,75,2,511,346,37,492,554,55,167,31,73,0,206,13,0,0,0,46,70,308,23,5,0,213,6,108,36,17
"8.9.20",154,0,14,15,0,3,110,0,14,310,10,2,97,0,957,79,4,0,1785,47,86,1,19,165,0,0,98,0,5,115,58,0,482,157,3,402,426,0,375,43,73,49,263,0,18,0,1,66,132,306,27,14,0,125,0,172,40,12
"8.10.20",181,0,19,19,0,16,241,0,23,136,27,0,156,12,857,143,14,6,1980,47,38,1,81,179,1,10,159,22,24,309,87,0,1402,758,56,1275,239,0,376,84,128,200,737,0,23,0,14,148,111,604,8,17,0,123,0,219,75,85
"8.11.20",542,0,15,124,39,3,560,4,15,366,0,4,53,0,555,108,4,0,331,308,46,0,21,409,0,1,266,59,2,356,95,4,942,239,7,1109,198,169,689,26,117,73,306,106,32,1,2,105,116,754,99,7,0,644,4,103,72,13
"8.12.20",257,0,10,21,0,4,294,1,9,349,7,0,48,0,184,40,10,6,3409,8,137,1,1,457,0,0,295,19,0,267,24,0,510,230,1,351,255,206,162,29,88,107,82,30,1,0,0,53,95,102,23,0,1,69,4,53,9,9
"8.13.20",171,0,1,28,1,1,242,0,9,473,4,0,74,0,320,88,10,1,142,0,80,0,15,168,0,0,6,18,4,336,43,1,580,709,6,593,286,83,383,20,76,82,255,2,11,1,5,47,55,279,5,13,0,232,2,109,17,20
"8.14.20",524,0,11,39,3,4,349,2,24,749,3,11,116,18,389,129,4,0,4406,198,98,0,31,521,0,2,196,51,15,304,86,1,1129,408,26,1054,424,190,389,139,152,174,528,35,18,0,3,116,185,442,47,3,0,320,3,199,53,38
"8.15.20",256,0,1,25,2,2,213,1,11,703,3,7,38,8,378,86,1,0,2036,74,27,1,12,190,0,0,41,2,0,166,5,0,264,373,22,792,286,134,188,39,205,36,321,32,12,1,2,56,50,166,7,7,0,253,0,66,40,17
"8.16.20",173,0,5,23,0,6,149,0,5,409,2,0,89,2,304,107,1,0,1104,63,36,0,7,88,0,0,354,9,2,92,32,0,949,192,10,495,348,1,175,33,82,30,224,0,7,0,2,2,195,128,25,6,2,72,1,31,26,24
"8.17.20",116,0,0,31,0,1,187,0,3,311,2,1,14,0,218,103,1,0,1259,37,19,0,3,70,0,0,38,16,4,252,27,0,394,123,7,289,298,0,35,33,45,70,217,5,2,0,1,0,73,87,0,6,0,156,1,87,26,1
"8.18.20",174,0,0,28,7,7,247,1,20,489,5,13,71,16,180,20,4,0,875,76,26,0,14,126,0,3,138,19,6,264,35,1,387,277,14,831,216,414,187,8,88,34,240,57,1,0,1,221,106,197,55,9,0,151,2,51,19,32
"8.19.20",249,0,4,26,3,0,208,0,4,375,7,1,73,0,216,33,3,0,1722,33,15,5,27,142,0,0,3,19,9,281,16,2,294,155,17,403,247,220,169,19,72,27,209,45,7,0,0,107,108,165,20,9,0,122,0,56,24,22
"8.20.20",301,0,3,32,2,0,214,0,11,377,0,2,45,4,194,48,3,8,1519,41,23,0,2,94,0,0,199,13,3,247,22,0,212,228,13,409,247,26,102,37,42,72,168,27,3,0,0,36,123,58,12,8,0,151,0,159,24,8
"8.21.20",239,0,1,33,3,3,226,0,4,310,4,13,80,0,280,45,1,1,1708,74,17,0,8,184,0,0,82,11,5,287,17,0,457,255,25,626,322,113,110,50,65,74,237,36,8,0,5,48,79,171,15,7,0,96,2,122,14,8
"8.22.20",235,0,1,36,5,1,190,2,15,358,3,3,78,0,257,56,10,0,1608,59,27,0,24,136,0,0,107,11,5,152,36,1,535,269,21,558,308,193,182,20,108,40,191,11,7,0,5,54,75,113,16,11,0,196,1,96,24,21
"8.23.20",139,0,3,19,0,5,120,0,1,218,0,7,0,0,225,181,8,0,1033,71,18,0,21,81,0,0,92,20,10,104,38,0,350,568,26,211,348,0,1,19,89,40,322,0,8,0,1,34,127,120,14,13,2,107,2,169,22,12
"8.24.20",128,0,0,12,0,1,264,0,7,207,0,0,79,0,94,24,3,1,1198,18,28,0,0,32,0,0,39,10,2,233,21,0,205,235,23,199,214,54,497,26,52,59,139,0,4,0,0,4,53,61,16,7,0,60,6,139,29,0
"8.25.20",366,0,0,69,9,5,277,3,20,321,8,1,58,0,286,50,2,0,884,28,26,1,21,88,0,0,122,16,7,255,36,2,393,284,12,347,295,227,231,26,134,70,150,82,6,0,2,137,77,379,40,6,0,155,2,56,15,25
"8.26.20",95,0,2,48,5,3,68,3,10,140,0,15,72,13,92,18,4,1,1609,13,27,0,10,28,0,12,106,8,2,232,20,0,249,107,5,299,250,90,50,31,20,50,84,18,0,0,0,17,135,89,16,2,0,55,0,104,25,4
"8.27.20",211,0,4,40,3,5,131,21,4,298,0,1,155,0,242,39,6,0,1600,7,42,1,0,45,0,4,62,15,3,236,25,0,168,167,9,509,304,76,145,47,73,30,212,8,1,0,9,37,74,122,21,2,1,98,2,78,14,28
"8.28.20",148,0,1,84,3,3,144,0,7,250,0,4,48,4,107,70,6,0,1472,87,62,0,7,38,1,0,90,6,3,189,22,0,207,244,29,214,305,121,125,41,55,67,201,13,4,0,1,52,68,99,12,12,0,110,2,127,30,3
"8.29.20",160,0,5,62,4,0,142,1,9,209,8,1,42,0,144,78,9,0,1298,53,16,0,8,64,3,0,89,11,4,117,44,0,412,469,29,300,278,156,380,68,146,51,202,0,6,0,2,84,113,307,25,7,0,114,2,101,34,12
"8.30.20",211,0,1,40,0,0,118,0,4,142,0,0,5,0,125,94,5,0,993,22,53,0,15,93,1,0,136,10,3,82,26,0,311,163,26,352,271,4,144,17,85,37,148,0,3,0,4,0,53,111,18,2,2,96,0,70,34,10
"8.31.20",51,0,3,81,1,2,122,0,3,223,0,11,56,0,94,37,7,2,1019,36,14,0,7,31,0,0,23,11,2,234,28,0,282,248,9,169,325,2,171,17,52,36,166,0,3,0,2,0,60,114,14,2,0,1,0,96,33,0
"9.1.20",234,0,1,77,16,11,99,0,7,363,12,4,23,11,135,51,0,3,753,42,28,0,8,55,0,0,87,12,3,253,24,0,279,218,9,2,300,202,109,20,67,18,108,5,0,0,1,136,83,108,24,1,0,173,5,34,18,9
"9.2.20",143,0,1,95,7,6,101,1,3,245,8,3,50,0,143,54,1,3,1414,33,29,2,10,52,1,0,144,8,2,201,34,0,139,139,18,396,288,95,280,32,16,65,354,98,3,0,0,25,113,80,12,7,1,142,7,137,9,15
"9.3.20",168,0,29,33,3,4,111,0,9,196,3,9,251,0,161,58,5,2,1064,45,44,0,2,40,3,0,58,12,2,229,23,0,421,199,14,402,339,49,138,22,63,72,206,20,4,0,1,36,151,138,11,7,0,110,3,79,26,11
"9.4.20",156,0,0,51,0,3,152,0,9,174,3,0,53,0,95,59,0,0,1408,58,76,1,8,78,1,0,80,9,2,217,32,3,269,213,16,333,469,60,107,26,64,63,195,26,1,0,1,54,53,93,13,6,0,94,0,65,20,17
"9.5.20",131,0,0,81,0,5,102,0,15,179,11,12,15,0,182,259,12,0,1135,13,8,0,12,83,4,0,93,9,6,110,40,0,179,190,16,305,452,119,119,35,77,64,237,9,8,0,2,27,99,133,20,5,0,78,1,83,39,18
"9.6.20",58,0,1,41,0,3,111,0,1,146,0,2,1,0,40,43,3,0,792,16,17,0,14,32,1,0,102,17,6,74,28,0,190,173,25,124,320,2,1,18,35,30,184,0,6,0,1,40,63,94,6,8,0,62,0,61,22,11
"9.7.20",161,0,1,4,0,0,73,0,3,96,14,12,47,0,99,70,5,0,487,22,20,0,15,54,0,0,61,15,3,64,19,0,210,164,2,120,222,0,0,15,22,45,101,0,6,0,1,21,56,59,17,0,0,2,2,148,9,10
"9.8.20",111,0,0,4,0,0,106,0,0,78,4,4,0,0,23,28,3,0,420,16,17,0,3,0,0,0,28,4,1,221,18,0,0,120,8,0,238,9,0,4,51,9,50,0,0,0,3,14,88,84,5,3,0,0,1,15,16,0
"9.9.20",106,0,0,108,4,4,79,0,9,88,16,0,34,2,169,63,1,0,618,22,8,0,5,60,0,0,36,13,6,180,17,0,151,64,11,225,259,175,243,11,18,41,114,63,6,0,1,26,41,66,14,4,1,153,7,25,24,13
"9.10.20",111,0,1,29,2,3,93,3,0,64,3,2,18,3,69,18,6,1,1165,53,23,0,2,20,1,0,43,5,2,215,11,0,100,145,2,204,296,87,56,30,51,24,111,19,4,0,0,16,27,51,7,4,1,78,2,106,8,5
"9.11.20",116,0,0,15,0,2,92,3,4,134,4,4,35,0,123,31,5,1,1042,39,20,0,3,28,0,0,25,7,5,183,21,0,303,395,1,217,388,51,165,30,82,40,195,13,2,0,2,46,45,109,11,0,1,75,3,107,20,5
"9.12.20",134,0,1,24,2,2,137,1,10,160,2,4,19,1,59,125,11,0,1110,40,29,1,0,45,0,2,148,13,0,124,26,0,344,172,6,263,451,125,89,30,148,51,265,19,1,0,2,30,62,65,24,5,0,89,0,61,14,17
"9.13.20",57,0,1,12,0,0,150,0,1,120,0,4,0,0,113,42,4,0,809,32,2,0,7,42,0,0,83,7,3,94,11,0,181,95,9,25,274,0,2,20,52,48,126,0,14,0,2,38,61,87,10,5,0,81,0,98,29,4
"9.14.20",39,0,2,2,0,0,70,0,4,45,4,3,36,0,115,13,10,3,671,14,14,0,3,18,0,0,20,13,3,187,11,0,264,98,16,197,243,0,2,8,36,2,90,2,1,0,1,24,38,65,10,0,0,0,0,49,12,10
"9.15.20",81,0,1,53,2,11,70,13,7,83,10,19,36,0,66,27,9,0,393,18,14,0,14,40,0,0,99,4,5,209,29,2,85,111,4,171,314,159,203,14,48,32,65,64,43,0,0,44,71,71,7,8,0,111,1,32,21,14
"9.16.20",81,0,2,11,6,0,52,2,3,74,8,0,25,0,160,25,1,4,1099,16,7,0,3,13,1,0,54,7,1,196,20,1,252,123,7,177,285,88,64,23,49,41,74,11,8,0,2,21,30,19,11,1,0,113,1,142,1,9
"9.17.20",139,0,0,17,0,2,103,0,9,108,2,10,35,0,72,15,16,1,1123,14,27,0,10,25,0,0,116,5,0,219,17,0,204,285,8,262,195,62,63,14,40,15,141,67,25,0,1,16,23,95,5,2,0,37,4,96,15,15
"9.18.20",76,0,1,18,1,5,91,0,6,78,0,4,24,0,113,47,25,2,1245,59,18,0,2,20,0,0,70,12,10,195,21,0,242,210,5,336,400,80,92,29,78,45,233,25,8,0,0,46,102,62,14,3,0,93,2,72,8,5
"9.19.20",133,0,0,10,1,3,116,1,5,108,6,1,36,0,118,68,7,1,1301,26,38,0,11,27,0,0,54,10,1,151,23,2,319,192,19,250,291,98,50,41,96,38,112,19,19,0,0,37,49,73,16,8,0,54,1,96,7,3
"9.20.20",79,0,1,16,0,3,134,0,6,101,3,1,0,0,130,29,27,0,980,20,21,0,15,29,0,0,75,12,6,103,40,0,222,97,15,209,307,2,0,24,40,18,160,2,9,0,0,22,49,57,22,11,0,46,4,78,6,6
"9.21.20",79,0,0,5,0,7,92,0,1,79,6,1,26,0,63,139,16,0,649,18,5,0,13,4,0,0,19,15,4,241,21,0,224,175,7,97,377,0,6,13,41,32,103,58,1,0,0,0,63,34,10,4,0,7,0,75,7,4
"9.22.20",107,0,1,7,2,1,82,5,2,108,4,3,8,0,75,99,8,2,687,29,24,0,17,22,2,2,65,11,8,267,19,1,72,177,7,245,243,150,176,14,52,16,82,9,27,0,3,87,51,45,4,16,0,97,3,36,11,2
"9.23.20",113,0,1,14,0,3,77,0,12,78,1,1,58,0,65,12,3,1,1200,8,6,0,8,16,0,0,60,1,0,280,14,0,195,76,0,233,297,34,31,27,60,26,61,19,33,0,0,16,24,47,8,4,0,51,0,88,3,3
"9.24.20",122,0,0,13,0,2,85,0,5,89,6,5,35,10,73,22,12,0,1081,33,21,0,10,29,0,0,93,8,4,273,8,0,237,164,3,325,190,66,66,33,25,36,117,17,18,0,0,14,72,58,0,7,0,91,0,28,10,4
"9.25.20",76,0,1,16,0,5,149,1,11,97,3,7,59,0,80,22,8,1,1361,25,34,0,9,18,2,0,39,8,2,249,13,0,298,148,10,360,420,74,60,32,71,39,123,11,36,0,0,42,39,60,9,6,0,62,0,48,8,7
"9.26.20",108,0,2,8,0,1,107,0,23,138,6,2,40,0,82,87,10,0,1213,41,19,0,18,11,0,0,70,12,5,106,24,0,298,137,7,308,346,48,73,34,62,35,156,28,50,0,0,30,83,42,7,14,1,67,0,68,5,7
"9.27.20",59,0,0,6,0,2,88,0,3,105,0,1,22,1,47,104,6,0,813,6,22,0,10,13,0,0,73,9,3,102,11,0,435,87,6,5,293,1,1,16,57,29,125,23,28,0,0,2,52,36,10,13,0,39,0,47,7,3
"9.28.20",60,0,3,5,0,0,58,0,14,76,9,3,34,0,25,20,4,0,654,22,13,0,4,16,0,0,57,15,1,257,10,0,69,36,5,374,141,0,1,5,16,32,89,0,1,0,0,43,33,25,4,6,0,9,1,46,13,3
"9.29.20",108,0,0,11,3,3,63,4,7,110,4,2,34,0,54,22,7,1,829,15,16,1,4,23,0,0,48,22,1,270,0,0,302,155,5,252,271,28,113,14,37,28,53,24,63,0,1,49,57,45,1,6,0,142,0,69,9,9
"9.30.20",33,0,0,10,0,0,105,0,6,86,3,0,57,1,55,4,1,0,1015,24,8,0,13,36,0,1,74,1,1,241,13,0,218,67,1,236,219,105,58,16,15,38,86,23,33,0,0,12,68,32,3,9,0,69,0,96,4,4
"10.1.20",81,0,0,7,0,2,79,0,5,93,1,2,60,2,56,3,5,3,1072,31,11,0,7,16,0,0,61,1,3,215,14,0,223,101,4,363,326,37,56,28,47,29,80,13,16,0,0,37,75,30,4,12,0,72,0,105,11,7
"10.2.20",59,0,2,14,0,1,104,0,7,61,1,4,96,0,159,31,7,3,1282,29,7,0,9,19,0,0,39,8,0,221,13,0,386,105,1,266,326,116,34,29,64,19,147,45,55,0,1,33,93,60,9,13,0,66,0,76,12,8
"10.3.20",107,0,0,15,0,0,86,0,20,120,7,1,66,3,100,171,9,0,985,28,11,0,15,25,0,2,95,15,1,117,36,0,321,258,4,391,425,77,88,16,77,22,128,13,71,0,1,34,85,45,12,11,0,84,0,35,18,7
"10.4.20",88,0,1,9,0,0,107,0,8,91,0,2,37,1,48,32,1,0,927,22,13,0,7,20,0,0,52,7,3,98,16,1,262,86,4,99,253,1,0,18,37,20,108,7,42,0,1,26,47,70,6,7,5,25,1,51,12,6
"10.5.20",40,0,2,7,0,0,58,0,6,71,2,0,42,2,31,13,3,0,377,11,10,0,8,15,0,1,47,1,4,225,6,0,207,45,1,2,250,4,3,22,38,35,81,9,1,0,0,30,23,28,8,5,1,11,0,44,14,5
"10.6.20",64,1,2,15,0,1,45,2,10,0,1,2,27,1,87,11,4,1,914,12,15,1,7,14,0,1,48,10,2,244,10,0,143,115,2,317,185,39,165,13,38,22,53,18,84,0,1,31,78,36,3,18,3,118,1,37,10,6
"10.7.20",40,0,1,2,1,1,51,5,8,0,11,4,93,1,65,5,3,0,1589,10,24,0,7,12,1,0,39,4,1,235,13,1,266,58,5,327,371,39,49,26,46,20,79,8,26,0,0,20,98,33,1,6,0,35,0,96,5,6
"10.8.20",90,0,0,8,0,1,73,2,11,0,1,3,117,0,67,20,5,0,1220,19,20,0,3,25,0,1,71,5,4,258,22,0,252,102,4,415,315,57,56,36,64,25,102,17,37,0,2,30,71,41,2,10,0,98,3,72,10,6
"10.9.20",99,0,1,21,0,2,70,10,4,80,1,1,111,1,90,25,6,5,1244,9,28,0,3,26,0,1,26,16,5,207,22,0,425,124,0,283,389,12,77,25,96,22,156,20,48,0,0,58,70,91,7,6,0,79,0,72,14,3
"10.10.20",55,0,1,6,0,0,79,0,6,80,6,2,75,1,47,87,20,0,1256,16,14,0,2,10,0,0,41,9,3,145,21,1,317,83,3,251,331,43,60,22,78,21,104,17,121,0,5,41,102,65,3,11,0,74,3,54,11,5
"10.11.20",79,0,1,6,0,0,113,0,2,135,2,3,23,0,88,16,1,0,970,18,18,0,9,20,0,0,35,7,5,96,30,0,269,89,4,316,426,0,4,42,22,23,133,6,42,0,1,30,84,55,7,9,0,37,1,84,13,3
"10.12.20",73,0,0,9,0,0,50,0,12,112,1,1,75,0,54,13,2,1,847,10,16,0,3,17,0,0,30,8,1,237,21,0,171,29,2,240,217,0,11,1,22,23,92,12,1,0,0,57,58,60,0,6,0,9,0,18,12,4
"10.13.20",60,0,1,17,0,0,55,2,8,60,3,1,38,6,69,5,6,0,768,11,14,0,3,40,1,1,101,6,2,267,18,0,4,123,4,177,305,0,127,18,24,27,100,13,91,0,1,19,79,40,6,9,0,87,1,32,19,2
"10.14.20",44,0,2,3,4,2,37,0,2,75,0,8,38,2,56,7,3,2,1266,13,8,0,5,20,0,1,43,12,1,250,4,1,330,83,1,365,320,120,27,10,23,20,57,15,0,0,3,25,58,28,0,4,0,49,1,56,25,4
"10.15.20",41,0,1,5,1,0,75,1,2,83,3,0,57,2,80,16,0,2,1167,12,5,0,8,13,0,0,61,5,2,244,19,0,213,55,4,298,167,26,49,34,31,17,73,38,29,0,0,44,57,49,4,5,0,68,0,57,8,4
"10.16.20",49,0,0,5,0,1,64,2,8,72,0,2,66,2,61,12,2,1,1039,14,21,1,11,34,0,0,51,13,4,228,16,0,170,76,4,168,329,35,36,18,65,24,112,10,25,0,1,49,81,64,4,11,0,62,1,60,16,4
"10.17.20",79,0,0,8,0,0,49,1,4,116,1,2,77,0,87,6,19,0,914,24,25,0,3,29,0,0,80,11,1,143,34,0,186,160,1,182,215,38,23,27,18,39,77,14,19,0,0,50,73,39,6,27,0,38,4,45,15,9
"10.18.20",154,0,4,9,0,0,115,0,6,142,1,5,25,3,75,9,7,0,315,11,11,0,11,17,0,0,66,16,2,126,40,0,603,121,6,485,384,2,5,30,80,22,172,12,29,0,0,33,56,67,2,10,0,62,4,59,15,12
"10.19.20",102,0,0,7,1,0,53,0,4,109,1,3,50,3,49,14,3,0,915,17,12,0,13,13,0,1,35,10,8,284,24,0,272,117,0,380,401,1,12,9,65,25,132,13,1,0,0,41,50,61,9,19,0,8,2,30,10,7
"10.20.20",104,0,0,1,5,2,73,2,8,74,4,2,79,0,54,5,2,1,643,36,13,0,3,21,0,0,35,20,6,299,35,1,452,225,3,318,291,134,251,27,91,32,105,5,39,0,1,41,74,35,10,20,1,116,3,53,14,8
"10.21.20",107,0,0,14,0,0,53,0,10,114,2,3,96,2,79,9,1,1,477,8,8,0,7,0,0,0,66,6,1,326,10,5,338,142,3,379,295,0,37,13,71,19,131,19,30,0,1,44,85,56,3,11,0,53,1,72,12,3
"10.22.20",64,0,4,5,0,1,94,0,4,148,3,0,101,0,39,15,2,1,3579,16,12,0,5,2,0,0,55,10,3,266,29,4,350,146,2,461,263,0,87,28,66,30,84,9,22,0,0,28,65,29,8,28,2,75,1,77,21,5
"10.23.20",132,0,7,15,0,0,90,2,2,127,1,5,87,6,106,17,11,3,2756,41,15,0,3,4,0,3,43,14,4,255,37,1,426,170,9,467,449,6,85,21,76,43,201,20,47,0,3,58,61,68,3,10,0,82,2,70,24,8
"10.24.20",54,0,4,19,1,1,85,0,7,165,6,0,72,0,38,10,7,1,2116,10,13,0,3,24,0,8,58,15,4,185,20,0,398,148,5,511,413,58,103,17,70,30,156,18,33,0,2,15,67,85,7,10,0,83,15,48,24,4
"10.25.20",96,0,2,9,0,0,73,0,11,111,2,1,103,0,68,19,0,1,823,12,10,0,2,1,0,0,30,6,8,127,47,0,304,73,6,208,282,0,6,8,45,33,109,14,11,0,2,8,56,83,7,8,0,37,2,61,26,9
"10.26.20",92,0,1,8,0,0,78,0,8,124,8,0,82,0,47,20,1,3,854,18,12,0,2,25,0,0,30,4,2,267,21,0,299,112,1,332,390,0,9,9,50,13,171,19,0,0,3,74,81,35,6,12,0,11,0,36,16,7
"10.27.20",82,0,4,14,3,1,49,2,15,134,7,5,29,5,99,149,3,3,1463,21,7,1,7,75,5,2,58,13,4,223,37,0,250,148,4,489,307,146,184,15,37,47,111,7,73,0,2,27,74,64,15,21,2,111,4,20,10,9
"10.28.20",105,0,2,30,1,2,62,0,12,104,7,0,50,7,87,75,0,2,1292,13,9,1,5,31,0,7,71,19,7,300,41,4,349,138,1,434,353,44,79,53,27,0,135,22,34,0,1,64,68,52,8,8,0,72,2,69,14,10
"10.29.20",63,1,1,12,0,1,106,1,7,132,0,0,39,0,40,16,2,4,1701,17,4,1,21,17,1,0,97,12,3,294,34,2,289,141,2,199,389,52,40,29,44,31,111,14,13,0,4,91,81,35,12,4,1,73,2,86,16,3
"10.30.20",147,4,6,19,1,2,142,1,16,95,1,2,84,3,154,63,18,1,1257,23,14,0,4,43,3,17,68,19,2,257,66,11,514,170,9,554,500,72,125,34,62,37,197,24,40,0,7,44,69,92,8,7,2,73,7,96,17,8
"10.31.20",106,0,3,12,1,1,87,0,4,157,5,0,59,0,70,50,4,6,1291,24,15,0,4,58,1,1,53,12,10,212,39,5,446,169,8,507,404,54,75,29,46,20,146,21,75,0,8,48,46,75,16,21,1,90,4,68,27,4
"11.1.20",116,0,5,15,2,12,85,0,4,58,10,7,57,0,79,30,3,5,1579,9,12,0,8,30,12,18,52,27,2,156,49,1,338,128,3,333,381,0,10,21,27,20,133,27,51,0,5,46,40,57,12,12,0,23,5,69,13,14
"11.2.20",101,8,5,14,0,4,94,0,11,145,6,1,37,2,106,14,1,0,1409,16,8,0,2,38,0,1,18,14,11,430,40,0,375,234,8,311,347,4,6,1,48,32,132,22,3,0,11,74,108,64,8,6,1,31,7,109,15,7
"11.3.20",66,2,4,17,5,1,78,12,40,135,7,1,41,1,113,132,4,8,1238,26,16,0,8,55,6,0,104,49,14,413,55,0,508,167,4,702,338,150,198,71,78,28,164,37,118,0,3,26,111,84,19,17,6,136,0,63,25,15
"11.4.20",119,0,1,13,3,0,56,1,4,118,3,1,44,3,103,39,3,9,1762,26,11,0,5,5,2,26,45,3,6,452,12,2,287,166,1,578,448,64,94,20,50,22,102,18,40,0,3,42,59,45,2,9,2,87,8,127,18,17
"11.5.20",100,4,1,23,43,2,187,4,21,132,2,10,91,0,194,31,4,5,2009,50,14,0,23,38,0,71,47,25,12,511,104,2,591,228,13,539,559,80,134,72,79,55,164,26,85,0,6,109,99,95,9,18,4,125,2,180,30,10
"11.6.20",119,1,6,21,26,6,91,2,9,246,5,6,53,0,90,40,2,31,2081,10,13,0,1,30,2,1,134,31,6,474,58,0,371,258,2,345,510,100,110,74,52,41,180,40,75,1,9,117,79,69,12,9,0,113,4,120,29,13
"11.7.20",191,0,6,31,1,3,199,0,20,235,1,3,158,5,142,124,10,8,2281,42,31,8,5,80,3,44,117,71,19,235,65,4,785,286,10,1215,571,156,103,143,124,43,413,67,73,0,5,107,58,145,37,19,1,118,11,145,66,14
"11.8.20",155,0,1,14,0,0,89,1,8,144,0,15,41,0,189,27,3,16,2242,21,12,0,11,34,3,0,96,15,5,200,55,8,316,286,7,488,549,6,3,33,72,25,199,4,37,0,5,66,29,44,7,11,5,61,14,145,6,20
"11.9.20",168,2,4,24,0,0,164,0,13,174,8,2,80,0,73,118,1,148,1546,16,10,0,3,39,0,0,36,35,14,559,48,0,658,144,10,642,417,3,2,53,74,36,252,60,5,3,12,123,81,90,30,17,1,29,5,72,30,11
"11.10.20",113,1,4,34,7,7,135,1,36,309,8,3,63,0,143,97,7,96,2269,23,23,0,5,73,8,91,195,32,6,570,70,6,291,478,2,694,553,229,358,36,82,43,224,27,114,0,8,46,104,127,26,29,16,189,8,60,51,12
"11.11.20",135,0,5,25,6,1,128,7,13,299,7,13,53,3,208,34,1,15,2024,25,9,0,5,88,1,0,90,26,7,471,80,3,662,294,4,741,698,77,143,55,69,30,159,26,88,1,0,54,84,103,15,7,2,94,1,178,33,8
"11.12.20",207,4,3,14,0,0,169,0,10,207,6,2,0,0,251,75,1,25,2456,26,0,0,0,35,2,0,76,35,39,675,71,10,474,493,13,410,651,3,6,69,78,47,187,70,69,0,16,66,104,146,27,13,0,75,0,225,40,10
"11.13.20",170,0,5,58,5,7,181,5,42,275,28,13,169,7,158,94,6,70,2463,71,39,0,31,81,0,5,206,42,19,717,87,4,800,336,28,1176,693,228,333,63,97,85,349,28,169,0,9,109,84,178,47,50,3,207,74,165,70,25
"11.14.20",204,0,7,41,8,3,176,11,38,290,21,5,143,1,243,63,3,9,3694,32,19,2,8,104,3,6,185,33,37,538,99,3,801,515,21,994,775,147,208,116,111,79,355,59,216,0,13,130,86,160,62,39,3,179,21,139,49,18
"11.15.20",167,0,6,31,0,0,211,5,35,364,14,10,9,0,148,46,4,14,2899,22,22,0,16,66,5,0,155,36,24,445,121,0,660,303,16,932,1107,97,7,52,55,36,329,37,97,0,2,58,64,182,48,17,0,66,38,278,56,17
"11.16.20",189,6,5,47,16,0,208,1,12,334,4,7,171,0,301,39,7,47,2919,48,12,0,12,49,3,0,103,29,30,1005,65,0,976,358,15,707,890,91,14,43,50,51,385,82,3,0,0,117,129,130,92,40,2,52,57,135,39,31
"11.17.20",367,0,9,18,3,5,176,8,66,224,10,25,93,0,222,88,8,181,2252,58,46,1,7,61,0,6,141,32,31,1138,56,14,694,394,9,1799,790,107,492,78,93,36,341,28,178,0,39,78,124,160,48,32,16,338,25,114,29,20
"11.18.20",196,3,7,48,4,6,133,7,41,291,9,5,226,0,182,51,10,79,3795,41,32,1,21,84,7,9,130,39,16,1140,114,1,751,479,27,1355,978,106,169,87,141,92,273,73,102,0,19,90,46,171,73,48,12,171,22,390,43,21
"11.19.20",366,0,6,52,8,10,204,11,27,330,5,3,79,0,309,70,7,100,4943,33,16,0,0,99,5,0,43,34,14,1233,74,15,897,559,12,1923,959,123,138,89,84,64,349,63,142,0,10,101,79,152,67,35,3,149,12,146,44,28
"11.20.20",258,3,10,49,7,10,233,13,47,414,21,21,357,0,350,147,11,119,4158,103,16,1,32,101,1,1,380,77,46,1288,76,5,1149,467,25,2037,1195,155,200,118,266,87,373,138,186,1,28,127,113,195,71,40,5,247,60,454,108,43
"11.21.20",210,0,4,50,10,12,226,7,34,367,5,15,193,20,334,117,12,86,4387,72,22,7,13,120,4,0,157,39,29,783,106,9,1123,308,23,2085,1560,119,173,97,159,103,380,83,239,1,17,76,79,248,35,28,8,222,28,326,67,32
"11.22.20",50,0,0,51,0,0,71,0,18,377,5,1,56,0,203,20,2,68,2559,39,19,3,3,91,1,12,6,21,35,712,105,0,935,296,13,375,993,71,14,49,90,27,259,0,8,0,8,76,22,137,63,23,4,100,0,75,60,29
"11.23.20",257,0,7,61,0,21,272,25,92,428,25,17,40,0,918,178,6,166,6186,53,38,8,46,209,5,0,383,33,35,1439,129,0,669,733,25,952,1243,132,15,109,136,3,433,112,18,2,49,35,94,294,163,73,6,66,84,388,59,30
"11.24.20",324,5,13,39,32,20,403,2,1,394,30,28,501,0,284,140,32,81,3710,98,48,8,16,123,1,2,95,93,69,1637,149,8,1574,962,12,2322,1634,230,700,35,194,214,503,133,322,0,13,325,141,376,135,43,11,566,58,170,156,102
"11.25.20",359,0,14,58,9,11,241,6,150,403,12,3,45,6,269,92,6,23,3882,115,10,4,28,84,5,4,350,41,16,1578,81,3,1518,597,25,1925,1015,183,265,109,57,30,472,71,197,0,29,117,134,235,90,27,7,270,10,287,107,38
"11.26.20",427,0,4,49,3,1,162,3,63,397,3,18,83,0,347,62,12,43,4914,17,10,2,14,94,4,0,57,43,16,387,58,5,715,170,5,1287,1089,105,194,51,101,94,380,68,131,0,27,110,148,191,37,31,4,151,29,150,39,25
"11.27.20",285,3,10,6,0,0,1,0,23,315,1,1,241,0,295,204,19,15,4518,52,50,2,2,112,0,11,11,0,0,1250,14,0,119,733,36,620,1906,225,15,78,158,64,531,95,10,1,28,105,4,40,1,40,12,46,10,335,171,1
"11.28.20",314,0,39,6,0,19,341,21,180,350,39,50,67,0,696,421,11,12,3432,74,36,2,72,145,3,7,575,45,90,1229,224,0,1237,330,31,1010,1947,75,21,70,169,144,773,70,185,0,7,211,86,419,143,33,6,124,95,153,2,49
"11.29.20",555,0,12,118,0,14,371,11,38,318,30,12,121,0,499,184,7,67,4654,72,47,1,15,92,2,10,297,57,41,933,41,3,630,514,25,971,1150,128,13,43,137,44,535,64,60,0,35,143,53,162,53,36,4,134,12,452,93,47
"11.30.20",76,1,11,156,0,18,206,0,43,216,5,14,99,15,130,117,12,103,5569,32,28,8,9,148,10,5,223,2,38,2157,52,1,491,428,15,755,1112,72,8,79,99,56,791,70,26,0,17,3,184,443,133,28,5,115,39,368,65,69
"12.1.20",297,0,16,45,66,13,427,18,60,401,40,16,87,1,657,84,30,93,7567,74,24,4,15,130,0,1,6,33,67,2139,232,9,953,1141,14,3262,1505,163,716,42,219,47,379,83,172,1,7,217,263,285,108,56,3,905,25,312,34,62
"12.2.20",455,0,11,82,9,9,367,27,101,396,10,13,85,10,323,130,2,167,5534,110,33,1,27,145,4,0,240,175,20,2260,154,17,1719,371,33,2835,1327,264,330,65,262,104,487,136,130,0,20,102,147,321,66,37,6,212,26,626,125,32
"12.3.20",497,6,68,73,19,20,329,4,107,454,10,24,83,7,418,141,20,59,7713,34,44,4,23,150,1,7,193,63,43,2477,342,5,2579,957,46,2325,1618,180,522,66,153,136,743,87,159,0,7,160,138,261,123,47,2,282,29,365,17,64
"12.4.20",704,0,113,50,13,17,248,13,195,500,28,37,60,3,505,120,27,41,8562,87,39,1,19,171,1,22,528,72,89,2574,207,9,2925,794,39,1714,2157,264,610,86,203,124,850,139,116,0,13,184,191,433,64,51,6,372,29,482,225,44
"12.5.20",923,0,84,139,21,37,524,7,131,528,47,19,60,8,467,137,51,8,9218,143,68,6,23,281,3,5,349,133,85,1820,363,15,3514,834,67,3072,2373,287,336,153,401,166,880,14,223,0,13,317,176,500,151,55,5,459,46,702,58,51
"12.6.20",707,0,105,91,0,2,357,6,30,355,17,25,379,1,751,161,6,193,9929,214,52,4,29,192,8,32,353,79,70,1212,35,11,1650,944,62,1673,1784,325,115,103,343,151,778,73,101,0,4,5,101,409,72,58,4,154,30,339,115,65
"12.7.20",430,0,42,111,0,5,748,10,194,345,22,19,320,0,264,373,15,107,8284,118,39,3,24,331,10,5,330,40,70,3253,93,3,2496,625,30,1388,2152,120,28,64,176,119,1514,89,20,1,2,10,139,507,98,57,15,71,46,345,76,89
"12.8.20",520,0,51,68,51,55,632,41,28,596,15,36,344,0,1055,219,37,97,8934,152,51,3,29,139,13,7,17,94,33,3359,327,5,5438,1233,16,2630,1457,171,2063,128,277,164,697,230,219,0,52,319,225,367,236,32,4,907,9,347,24,51
"12.9.20",690,0,78,124,13,22,397,16,166,535,21,27,196,23,1014,102,31,156,8589,146,84,2,37,209,11,4,146,82,58,3539,369,13,2933,663,37,3961,2261,246,347,213,117,123,1611,155,167,0,11,195,394,429,77,53,2,580,55,207,200,36
"12.10.20",660,6,70,149,14,14,117,20,116,660,25,54,612,9,990,285,9,71,12741,232,64,4,46,174,28,0,383,117,55,3262,332,10,2619,1212,53,5866,2188,318,713,148,280,168,1042,133,221,0,0,163,291,486,114,92,6,458,132,287,138,92
"12.11.20",615,0,22,101,13,17,629,4,117,750,18,50,341,7,831,131,38,26,13507,218,73,0,24,285,5,30,165,81,40,3184,15,5,2802,1018,52,3080,3016,308,845,181,549,217,1176,131,172,1,42,542,18,415,74,50,4,510,59,968,111,46
"12.12.20",758,0,23,49,11,24,473,24,52,751,12,18,392,8,707,91,27,13,11257,127,47,3,2,151,2,9,180,59,25,2102,502,5,3224,859,36,2763,2573,168,183,49,345,185,800,150,99,2,12,198,170,362,118,24,0,433,26,978,111,45
"12.13.20",1056,0,222,146,2,1,170,13,80,417,32,30,580,0,685,156,39,26,12281,147,47,4,22,207,13,35,346,81,51,1736,20,0,1557,1174,53,1079,2511,277,0,169,517,83,2031,90,114,0,3,535,29,374,81,78,2,222,75,666,151,63
"12.14.20",1212,0,153,138,8,7,933,18,257,766,26,19,256,2,988,152,30,112,7166,115,66,2,52,191,6,10,255,95,42,4198,164,18,4284,853,60,2588,2375,227,392,174,277,352,1268,73,44,0,7,79,313,804,207,34,1,317,36,908,130,100
"12.15.20",793,0,60,379,81,78,843,4,111,2764,29,20,222,12,2082,188,40,102,12050,116,54,1,38,562,1,17,757,151,50,4510,761,4,8369,797,54,8523,2047,381,1373,287,549,203,1142,327,147,2,54,445,600,561,86,51,10,1380,227,558,143,40
"12.16.20",746,1,26,121,22,13,1020,11,138,1992,45,32,302,50,987,101,22,173,22469,167,114,2,46,327,0,0,1263,104,34,4200,275,6,4204,1103,63,6166,2970,344,1195,181,387,192,1194,188,145,0,7,361,362,537,144,55,1,561,67,677,120,90
"12.17.20",821,0,11,114,27,18,596,8,99,841,19,15,292,6,1120,339,11,34,14270,195,80,2,13,208,0,16,855,68,26,4153,223,5,3819,1048,63,6407,2757,315,924,122,359,253,1060,162,109,0,9,208,225,376,86,63,1,442,51,880,152,56
"12.18.20",673,0,26,165,22,17,634,44,180,2852,27,9,287,5,886,242,23,36,15867,148,80,3,35,316,0,13,400,76,50,3729,253,12,3264,813,100,4550,3766,381,624,234,324,161,1439,164,133,0,14,309,269,444,92,49,2,549,75,539,102,63
"12.19.20",929,0,29,252,30,28,722,15,103,2846,27,26,327,21,518,196,41,8,13521,114,65,0,31,276,2,35,468,84,41,2556,259,7,4590,1205,76,5746,2649,334,885,195,426,319,1557,224,118,0,13,541,292,624,107,61,4,490,40,979,125,71
"12.20.20",902,1,17,132,26,28,491,12,117,2254,10,29,217,1,995,157,25,28,12885,166,84,8,25,213,0,8,456,93,29,1638,256,4,2242,862,66,3035,3632,294,976,96,378,156,1324,128,47,0,18,332,249,513,95,30,2,410,45,522,97,86
"12.21.20",773,0,44,144,37,20,427,8,117,1087,35,34,214,6,948,147,75,56,12398,205,90,9,33,282,2,7,461,88,54,3893,237,6,3286,1067,37,2433,3421,152,603,131,275,189,845,150,57,0,9,356,274,544,107,73,6,497,272,456,148,77
"12.22.20",1021,0,24,155,25,20,510,6,92,1214,22,21,175,24,1112,110,31,162,11872,139,80,0,26,317,2,5,493,107,30,3855,247,7,3665,919,77,4346,2547,148,662,173,350,206,1505,169,82,0,3,356,144,552,83,41,7,634,105,766,126,50
"12.23.20",1032,0,269,136,15,20,523,4,94,950,23,18,237,11,1064,74,26,144,16974,199,85,3,30,243,16,28,725,113,40,3897,290,9,3317,1714,75,3766,2759,270,0,98,414,220,1270,192,133,1,12,400,181,650,81,55,3,354,14,932,121,59
"12.24.20",802,0,38,155,31,22,447,8,83,1013,18,58,251,15,1115,291,34,13,13004,191,91,4,29,243,24,3,280,93,24,2382,252,7,4479,948,112,4046,2394,335,1991,242,315,270,1292,237,59,0,10,251,313,409,89,49,2,552,113,1052,58,45
"12.25.20",856,0,27,173,30,33,870,14,136,830,35,16,111,14,605,250,40,13,0,231,88,0,26,245,2,26,664,86,29,752,210,5,4295,1036,98,4979,3038,303,783,247,475,300,1438,174,89,3,11,413,325,468,92,62,1,522,21,1121,135,66
"12.26.20",734,0,17,114,22,22,552,17,122,910,30,13,100,8,513,61,41,15,29423,144,40,7,18,172,1,7,231,76,24,2644,178,0,2981,830,51,3414,2863,194,851,203,342,230,1021,116,52,0,6,250,228,439,71,58,1,410,29,598,87,51
"12.27.20",693,0,29,72,13,13,437,3,113,794,26,30,252,11,1253,80,59,21,12497,109,67,1,15,190,0,0,321,69,39,1655,216,9,2793,991,64,1747,3281,195,688,214,233,211,1105,130,42,0,8,312,228,450,97,44,4,262,47,627,136,66
"12.28.20",667,0,37,75,5,5,468,6,76,669,15,4,176,5,1716,174,16,84,14900,128,71,3,5,186,2,0,224,80,13,4845,249,1,2334,928,35,2280,1938,220,692,111,334,242,1136,84,39,1,6,336,181,493,37,28,2,264,29,541,116,16
"12.29.20",561,1,133,155,9,28,382,6,122,1026,31,37,176,2,766,62,20,108,11806,148,55,3,35,237,14,18,374,87,22,5173,185,4,3882,780,45,1670,2718,275,559,131,310,230,1170,192,107,1,16,248,125,366,49,35,1,636,20,1563,94,45
"12.30.20",0,1,31,0,25,22,402,2,57,566,24,38,75,1,1024,97,0,15,10174,11,0,8,43,71,2,0,108,91,46,4686,169,2,0,0,0,2308,2679,110,0,163,389,124,0,304,51,2,0,0,159,25,26,19,0,0,0,396,0,0
"12.31.20",1617,0,76,270,26,18,924,22,77,1026,25,59,472,19,653,224,43,9,14679,371,147,18,79,299,4,0,765,47,26,3049,180,4,7001,768,204,6552,3258,646,1159,312,424,560,2459,131,192,1,24,538,182,743,106,71,1,1050,107,1839,175,76
"1.1.21",1075,0,20,205,25,16,916,10,179,1104,44,70,238,15,515,290,40,7,19063,151,92,3,37,320,3,16,757,98,45,1181,282,12,4610,1149,100,4609,4571,412,914,314,477,332,1877,249,116,0,7,452,385,628,121,44,2,643,7,1189,167,47
"1.2.21",1014,1,29,183,44,20,601,6,135,1340,35,32,203,3,874,164,37,6,16603,296,104,10,28,293,4,1,535,95,43,3068,210,1,3648,871,56,3418,4602,280,714,315,446,386,1762,204,69,2,10,414,248,515,69,74,0,573,33,1397,113,86
"1.3.21",595,0,25,108,19,6,447,4,79,697,36,18,116,6,675,82,51,12,11513,125,113,2,18,222,0,9,378,100,40,2049,146,3,3205,766,53,1477,3709,182,617,175,295,135,878,196,49,2,29,309,221,396,43,34,0,343,38,384,105,36
"1.4.21",844,3,31,102,29,37,608,2,135,661,15,12,162,8,1237,237,8,34,10851,75,85,10,17,230,6,2,337,93,26,4597,326,3,2008,1627,33,2745,3236,184,800,317,387,482,769,167,72,0,13,489,230,464,49,22,4,460,12,1283,161,58
"1.5.21",567,0,99,136,17,22,447,0,132,1198,23,39,181,4,608,83,31,23,11843,176,101,0,45,266,6,1,407,77,19,4699,114,9,3816,522,47,1802,2008,242,366,89,341,357,1065,90,138,1,8,280,38,279,58,70,1,624,9,1462,147,30
"1.6.21",679,0,22,166,29,15,624,10,148,523,30,28,276,3,1014,181,18,18,12048,60,69,9,60,219,9,9,375,78,26,4450,240,17,3444,921,72,2880,4024,451,361,288,566,398,1142,225,155,0,15,247,312,439,71,55,0,438,17,994,105,45
"1.7.21",867,0,24,150,21,40,718,11,162,1255,21,42,251,26,840,238,21,16,18764,244,83,10,24,267,2,0,547,66,43,4228,233,9,4649,787,82,4508,4019,469,912,512,447,487,1330,292,137,0,16,285,299,604,52,30,1,610,60,1679,127,31
"1.8.21",1278,0,53,173,44,35,925,4,155,1232,51,34,194,26,1941,213,44,7,17201,212,169,12,54,368,1,46,663,136,46,3342,274,11,4095,924,115,4660,4729,506,863,489,581,541,1757,266,168,0,18,452,322,615,93,84,0,679,32,1498,186,67
"1.9.21",962,1,17,137,40,21,743,7,122,1185,32,38,292,52,1202,243,46,10,17672,226,103,10,33,501,5,13,415,50,44,1907,215,12,4077,1243,111,4661,3632,352,965,373,442,515,1711,239,136,1,36,397,215,580,90,48,5,833,18,1459,133,71
"1.10.21",1001,0,52,137,24,11,718,7,107,845,42,23,218,14,957,137,30,13,13247,122,104,4,42,343,1,1,633,96,30,1275,172,0,3546,917,99,3381,3408,387,627,332,467,324,1522,240,47,0,18,397,532,441,62,64,1,392,27,1133,87,35
"1.11.21",867,0,6,117,11,18,638,1,100,1082,25,20,235,15,896,104,31,22,12577,204,78,6,26,204,2,41,319,137,25,3257,160,0,3610,642,49,3475,3073,241,500,257,397,465,1081,160,56,1,15,275,267,419,74,32,5,486,23,1150,89,52
"1.12.21",711,1,30,144,15,21,525,6,176,1146,24,8,185,10,946,172,55,24,14134,130,147,3,34,302,4,2,585,114,34,3211,177,6,2817,1208,40,1562,3684,287,657,161,404,454,1232,197,122,0,6,273,212,516,73,64,2,497,13,1164,159,47
"1.13.21",944,0,17,144,18,18,649,4,102,695,15,38,192,12,816,59,45,24,12121,94,79,0,32,347,0,9,384,92,25,2745,191,7,2751,1075,68,3252,3379,365,771,266,460,552,1120,171,107,0,18,347,207,588,75,27,2,448,18,1143,80,59
"1.14.21",814,0,26,129,20,19,679,1,82,796,15,55,197,5,908,305,73,8,16919,177,116,3,11,297,2,3,381,89,41,2462,230,6,3605,876,96,3263,2698,357,713,237,501,428,1322,174,168,2,10,282,301,483,67,80,1,536,19,1528,167,51
"1.15.21",1067,0,13,127,25,12,875,7,125,997,31,49,92,24,1149,260,56,12,14557,150,156,7,36,290,5,37,377,114,26,2116,231,3,3652,1165,89,2873,2815,420,840,287,606,378,1604,208,141,2,14,444,294,622,71,54,2,495,16,1157,149,53
"1.16.21",1178,0,33,140,58,42,962,6,144,1380,73,77,202,31,1097,417,70,13,14061,314,172,2,55,422,2,22,569,125,48,1282,292,3,4256,0,111,3280,3092,299,771,342,518,605,1486,263,95,4,5,512,404,673,77,70,0,787,38,1340,167,53
"1.17.21",804,0,15,72,12,10,576,5,85,799,33,30,120,19,718,132,68,12,10060,140,70,1,25,336,1,12,384,165,32,831,201,3,2909,0,66,2153,1985,317,485,194,387,317,1175,172,45,0,12,488,265,463,44,54,0,434,18,919,114,38
"1.18.21",581,0,15,87,9,24,402,2,59,521,16,23,105,8,826,80,19,9,9544,119,57,2,8,145,2,11,235,80,25,2056,84,2,2061,304,22,1408,2656,219,325,93,352,249,939,105,20,3,11,130,197,256,77,21,0,296,31,649,103,34
"1.19.21",513,0,8,66,5,11,415,3,38,781,17,16,40,19,530,120,34,37,8509,94,49,0,11,197,3,5,305,71,17,2046,94,3,2190,653,27,898,2627,205,271,123,234,366,799,125,24,0,6,180,66,366,31,29,0,469,11,819,172,26
"1.20.21",360,0,12,68,17,16,388,5,50,441,12,34,64,10,522,157,21,7,5932,62,34,0,27,121,1,0,141,59,24,1458,117,3,2516,524,49,2324,1817,194,381,84,210,337,513,58,93,2,16,140,131,277,69,18,0,335,27,784,63,35
"1.21.21",545,0,2,71,11,37,496,2,41,600,11,33,163,45,474,119,23,10,7853,83,50,0,10,228,2,0,209,43,36,1267,116,6,2404,626,65,1880,1278,157,254,226,228,354,1035,101,108,0,16,230,180,306,52,49,0,373,11,611,91,28
"1.22.21",396,0,4,75,25,8,304,3,57,647,26,29,65,15,685,144,12,6,8211,125,39,0,29,197,2,3,769,54,23,987,87,4,1511,578,48,1432,2954,260,233,191,258,348,412,149,86,0,6,167,221,310,56,56,1,299,15,429,82,33
"1.23.21",394,0,7,59,23,4,281,3,110,558,36,41,34,26,696,148,0,10,10703,78,29,0,0,178,0,3,261,65,37,94,0,6,1262,555,23,1290,3045,298,0,319,298,256,757,88,87,1,10,215,131,260,65,15,0,421,28,1196,75,44
"1.24.21",749,0,5,66,9,18,538,0,21,562,15,70,138,20,1118,86,43,4,7651,145,78,5,44,274,0,2,367,112,18,374,223,4,3181,705,58,2019,1709,281,558,109,271,510,915,137,28,1,6,256,255,339,38,57,0,405,9,789,125,45
"1.25.21",443,0,20,61,9,26,307,0,61,567,3,25,59,8,351,95,6,14,6516,74,52,4,18,143,3,1,233,52,18,42,117,1,1391,551,18,856,1569,196,284,112,237,340,549,76,22,0,10,137,116,324,43,23,0,207,6,585,70,26
"1.26.21",606,1,39,86,10,14,355,1,56,369,6,25,74,3,555,93,19,26,5816,67,74,2,22,187,7,7,256,89,45,1467,95,3,1370,417,14,598,1504,163,623,153,260,266,576,76,56,1,6,211,115,453,44,37,0,372,29,632,86,46
"1.27.21",354,0,3,51,14,8,249,3,28,256,13,19,61,5,643,60,2,6,6224,70,37,1,20,88,7,11,196,42,22,1139,92,8,1460,373,34,1459,1516,227,258,106,189,126,520,72,78,1,8,131,90,213,26,18,0,136,13,791,69,26
"1.28.21",577,0,8,60,10,9,424,3,58,557,2,56,135,16,565,125,22,6,6699,112,52,0,15,193,3,0,192,46,21,1334,151,3,1597,282,60,1336,1594,118,515,164,315,245,742,80,76,0,7,188,207,314,43,34,0,350,8,630,75,26
"1.29.21",460,0,10,94,11,7,329,3,38,582,25,21,68,9,665,141,20,6,6309,80,67,4,21,257,0,8,246,43,36,1564,124,1,1210,633,43,1055,1759,117,286,163,308,444,542,129,52,0,11,190,146,324,45,31,0,258,11,631,116,25
"1.30.21",419,0,48,64,6,15,447,0,69,577,14,35,118,20,636,144,17,3,6671,66,81,5,23,218,6,4,316,66,13,1350,67,6,1665,73,15,1208,2207,141,235,87,231,243,463,75,67,0,9,161,101,253,45,40,0,317,25,433,86,24
"1.31.21",362,0,31,47,15,6,320,0,19,396,11,25,48,4,485,109,17,4,5557,58,73,0,29,146,1,3,190,62,19,1416,82,0,1039,177,25,893,1316,139,268,94,209,230,517,87,33,0,3,168,118,301,63,28,0,273,11,718,74,30
"2.1.21",403,0,23,58,7,14,245,0,22,474,4,6,27,0,354,49,17,16,4159,84,48,1,12,65,1,0,188,45,19,1057,79,0,927,310,9,508,1196,151,172,80,187,276,485,69,24,0,0,166,87,173,24,8,0,208,15,482,53,13
"2.2.21",273,2,41,48,1,15,228,3,68,305,12,12,95,2,527,47,14,20,3868,26,27,3,18,154,7,1,196,56,14,851,48,6,911,262,12,513,1002,97,177,128,161,122,411,50,48,0,17,120,44,222,27,26,0,231,14,470,63,28
"2.3.21",338,2,6,57,13,9,214,1,23,241,11,16,52,0,560,54,12,7,4755,15,39,2,26,99,2,0,143,29,24,624,35,0,1152,319,20,1020,1054,205,281,113,229,177,411,43,61,0,19,98,101,324,39,21,0,183,20,577,49,14
"2.4.21",457,0,7,38,9,5,241,1,63,417,5,27,54,10,439,89,13,11,4865,103,25,1,5,113,1,6,136,39,18,685,67,2,862,247,28,769,1645,138,408,139,214,232,505,108,49,0,6,135,122,243,22,21,0,201,17,481,49,11
"2.5.21",300,0,11,43,10,10,208,4,40,414,21,30,65,20,521,109,24,3,4375,49,48,0,34,134,3,4,238,25,18,1105,54,16,854,344,15,735,1519,122,199,96,148,128,334,71,46,0,3,92,150,221,42,29,0,213,10,371,44,10
"2.6.21",456,0,8,66,14,6,374,5,50,452,19,23,41,9,348,138,14,4,4621,60,52,4,44,122,1,2,166,41,17,779,82,6,1094,547,14,796,1300,219,283,136,243,203,529,71,61,0,15,163,144,319,42,26,2,259,17,490,39,32
"2.7.21",341,0,37,37,5,5,275,2,25,261,6,15,5,11,387,24,20,5,2892,45,40,1,33,104,4,6,126,62,19,1232,70,0,579,397,32,620,1265,182,222,69,163,172,484,46,11,0,7,122,122,242,30,17,1,216,7,334,74,22
"2.8.21",243,1,1,19,3,9,208,4,33,284,12,7,13,2,273,55,9,11,2863,41,22,1,7,117,5,0,92,18,28,978,54,0,624,355,6,370,762,82,111,79,102,175,305,39,12,0,10,78,80,185,11,8,4,175,29,321,34,19
"2.9.21",288,0,4,43,7,14,270,1,39,325,10,2,0,11,665,46,6,13,3084,32,32,0,14,89,0,2,112,30,16,611,70,0,587,114,14,343,830,111,203,73,143,147,357,43,27,0,3,127,67,230,15,16,0,127,26,270,52,20
"2.10.21",330,0,1,34,3,8,187,2,21,174,4,20,1,1,449,21,20,7,3061,16,29,1,26,85,0,3,100,20,6,517,61,5,273,276,26,631,854,183,148,61,97,104,289,54,52,1,10,69,57,126,30,30,2,130,18,326,56,6
"2.11.21",221,0,20,31,6,10,147,6,20,317,8,30,26,6,451,81,27,4,3303,61,31,4,25,90,1,3,117,8,29,837,61,3,602,339,18,749,1151,124,249,68,116,164,347,83,30,0,7,52,92,205,19,18,1,153,25,325,27,20
"2.12.21",399,0,13,32,4,15,249,7,27,375,10,8,103,12,483,92,10,14,3132,40,38,1,27,132,7,0,170,8,8,0,57,22,494,270,13,555,851,112,257,76,123,84,372,64,25,0,4,111,96,225,20,7,0,158,20,260,37,14
"2.13.21",294,0,6,51,3,1,226,7,36,307,7,13,37,12,455,56,13,2,2954,34,37,0,19,91,1,3,107,24,14,1256,45,2,499,150,12,526,917,116,147,117,185,145,369,51,30,2,15,91,97,172,17,15,3,172,17,277,34,15
"2.14.21",199,0,11,20,3,8,172,3,33,280,4,19,18,9,265,27,5,3,1672,40,27,2,9,63,1,4,112,17,20,379,99,4,251,458,8,272,580,93,148,71,114,151,290,28,12,0,4,66,111,110,16,7,1,132,12,267,26,25
"2.15.21",206,0,11,9,5,7,175,2,27,189,1,5,5,7,144,38,0,4,1820,23,26,0,6,60,0,0,74,11,6,0,53,0,272,239,9,225,741,88,153,26,110,70,222,19,14,0,5,78,95,151,10,5,2,131,30,158,14,6
"2.16.21",120,0,4,29,1,7,125,0,20,172,5,0,14,7,152,14,12,3,1316,14,25,0,8,75,0,0,63,17,8,700,7,0,202,160,10,86,730,43,73,36,75,58,126,20,11,0,7,21,25,132,19,10,1,139,2,157,46,13
"2.17.21",142,0,2,25,4,4,164,7,13,222,4,10,19,6,263,38,16,12,2177,20,49,0,5,106,1,0,61,11,49,227,41,3,357,69,3,523,577,72,111,42,85,65,198,13,36,0,1,43,34,137,10,12,2,94,10,194,49,14
"2.18.21",218,0,2,25,0,2,148,9,3,206,7,17,9,16,308,35,13,6,2475,49,14,1,26,55,0,2,88,12,17,366,28,1,327,174,36,446,831,97,84,23,61,128,263,49,42,0,10,61,109,116,0,17,7,121,5,214,45,13
"2.19.21",214,1,11,34,0,4,151,3,33,264,4,14,27,0,213,77,12,9,2503,52,25,0,8,121,2,4,127,22,28,385,29,0,367,345,3,336,835,99,150,77,75,157,193,40,25,0,5,35,84,149,0,7,0,110,6,148,57,18
"2.20.21",182,0,5,22,0,0,191,5,30,277,1,36,23,14,243,51,11,1,2306,54,27,0,7,84,0,1,108,11,24,424,52,2,343,246,10,404,734,80,150,79,117,86,330,24,20,0,5,58,110,179,0,10,5,132,6,178,33,10
"2.21.21",158,0,3,18,0,2,161,5,17,160,3,23,8,6,125,12,11,2,1356,25,25,3,2,43,1,2,62,19,9,314,48,0,297,233,7,267,546,79,86,41,78,86,267,25,22,0,5,33,92,96,6,2,2,83,5,108,31,10
"2.22.21",151,0,3,2,0,4,117,6,14,226,8,0,1,16,111,19,7,8,964,30,23,1,0,75,0,0,31,21,5,276,38,0,188,198,10,128,367,60,75,22,98,50,229,17,10,0,2,38,59,117,12,3,1,84,28,98,20,9
"2.23.21",156,0,2,37,0,2,136,5,29,174,4,12,45,2,288,41,14,1,2027,31,27,0,5,46,0,0,48,17,14,276,29,0,353,166,8,308,488,52,94,37,123,65,247,18,36,0,8,38,38,137,68,7,6,90,8,151,40,14
"2.24.21",124,0,4,31,0,1,166,7,24,67,1,15,32,3,195,36,13,3,2063,44,30,1,1,93,1,0,61,9,15,300,44,0,232,116,13,309,689,68,140,77,101,81,225,25,23,0,7,35,75,118,12,11,3,72,23,154,31,9
"2.25.21",115,1,4,11,0,0,134,7,19,237,9,6,17,11,295,31,7,5,1983,24,24,0,2,92,0,1,71,22,13,191,19,0,260,224,9,367,535,80,117,28,109,71,253,34,28,0,9,41,54,121,11,12,4,104,7,158,27,6
"2.26.21",207,0,9,24,0,3,204,2,26,207,2,23,37,7,371,20,12,2,1690,26,24,1,7,74,1,1,48,16,13,373,53,2,248,231,7,194,692,77,115,26,50,94,246,37,30,0,14,35,62,100,18,5,1,109,2,145,29,9
"2.27.21",183,0,6,21,0,4,134,10,36,199,5,15,17,4,145,41,3,0,1662,33,43,0,6,47,1,0,59,24,8,301,20,0,282,104,8,341,471,50,92,54,76,82,195,25,22,1,7,68,79,101,14,3,0,103,3,93,18,12
"2.28.21",164,0,3,8,5,2,141,3,10,166,6,12,8,7,152,15,8,0,1029,30,18,0,3,53,1,1,19,15,12,198,52,0,176,192,6,154,300,34,86,12,62,73,197,20,9,0,2,41,57,91,5,7,0,75,6,129,17,11
"3.1.21",80,1,4,12,4,1,77,1,3,163,4,0,8,3,127,22,0,1,1031,12,11,0,3,30,0,0,16,3,7,188,30,0,120,88,0,77,303,33,46,9,38,32,131,7,4,0,0,27,30,78,0,5,0,48,2,103,3,5
"3.2.21",101,0,5,30,5,1,100,1,31,131,1,5,21,7,200,17,5,2,1379,28,26,0,1,27,2,0,21,24,4,200,28,0,170,146,0,238,409,77,80,25,52,56,151,37,25,0,6,49,41,72,7,2,4,85,1,104,15,9
"3.3.21",70,0,4,10,3,2,115,5,5,134,2,12,15,2,134,13,6,6,1684,33,31,0,3,27,1,0,15,10,27,190,26,3,148,130,2,225,374,60,103,27,42,67,160,36,22,0,14,41,46,91,8,5,1,42,6,109,23,4
"3.4.21",144,0,3,20,3,0,124,1,12,147,3,16,11,6,138,17,6,0,2161,49,24,0,5,46,4,5,43,4,11,178,52,3,251,171,7,275,539,40,83,44,37,63,205,24,34,0,3,40,73,90,9,3,0,79,3,132,5,4
"3.5.21",101,2,4,18,6,6,99,6,17,180,6,22,27,9,163,41,4,0,1950,31,38,0,8,65,1,0,33,15,13,265,79,1,217,203,9,237,543,49,119,39,81,50,192,25,21,0,2,47,39,93,27,2,0,96,1,187,25,13
"3.6.21",96,0,3,16,2,0,157,5,17,201,1,26,48,3,124,32,4,2,1740,24,15,0,2,38,1,1,36,20,11,309,61,0,155,157,3,101,438,38,130,37,79,42,186,7,20,0,4,51,67,95,11,4,0,65,3,72,32,8
"3.7.21",104,0,2,11,2,2,112,10,18,194,3,14,15,8,61,9,3,0,1284,30,24,0,2,58,0,1,23,8,8,124,42,0,162,190,2,125,204,38,100,24,52,42,178,14,9,0,3,28,51,98,13,7,0,82,2,49,38,12
"3.8.21",131,0,1,8,3,1,94,2,5,138,5,4,16,0,65,27,3,1,866,16,17,1,9,16,0,1,8,9,8,175,36,0,93,147,2,39,331,45,68,44,59,76,141,15,13,0,9,41,40,58,5,2,0,49,0,41,12,14
"3.9.21",76,1,4,11,4,3,74,5,11,100,2,10,15,4,136,15,7,0,1309,12,9,0,6,36,0,3,32,9,3,146,31,4,109,71,3,84,488,24,85,19,45,21,83,35,30,0,7,24,31,64,9,5,2,75,8,8,15,9
"3.10.21",83,0,2,5,0,2,60,3,5,148,4,9,10,4,66,25,5,0,1413,6,15,0,7,54,1,1,34,10,12,116,27,0,150,82,11,175,370,38,110,45,38,44,145,27,17,0,13,23,40,93,4,3,0,41,2,85,8,6
"3.11.21",113,0,2,14,2,1,101,7,8,176,4,7,0,7,55,18,7,0,1284,23,9,0,2,77,2,2,20,8,11,168,40,1,187,122,5,178,442,42,56,42,19,55,147,23,17,0,8,28,40,89,15,10,0,68,3,90,20,9
"3.12.21",94,0,5,18,1,0,116,6,8,188,3,13,23,4,199,53,12,1,1825,38,20,0,1,64,0,0,34,7,18,192,36,1,169,152,1,252,378,42,0,22,49,54,153,35,9,1,3,43,37,116,7,6,3,74,2,5,21,10
"3.13.21",113,0,1,7,23,0,106,8,2,150,3,10,30,5,51,32,9,1,0,22,16,0,6,42,0,1,30,10,10,182,33,1,161,137,6,174,392,29,0,22,53,32,136,31,0,0,3,19,48,118,8,10,0,52,1,0,33,15
"3.14.21",106,0,0,10,0,0,119,7,10,157,1,10,27,2,64,28,4,0,421,24,16,0,2,43,1,0,20,4,12,170,53,0,149,153,6,70,212,35,80,18,56,29,118,12,0,0,3,32,40,54,10,3,2,35,0,0,41,6
"3.15.21",46,0,2,5,2,0,40,0,4,77,4,2,5,0,65,4,0,2,393,2,5,2,2,24,0,0,7,2,3,171,28,0,43,76,2,35,191,13,76,9,21,17,82,14,0,0,2,33,20,59,4,1,1,33,0,0,6,2
"3.16.21",100,0,4,17,4,0,105,0,14,133,9,14,24,0,77,32,9,0,298,18,12,1,8,31,1,0,15,13,10,39,31,1,183,114,0,173,273,17,246,23,41,30,118,28,0,0,2,41,39,60,8,11,0,53,2,0,31,12
"3.17.21",96,0,1,17,1,0,78,5,3,109,6,14,28,5,124,17,5,1,778,15,9,1,2,53,0,5,38,10,14,183,34,2,121,132,10,197,423,45,249,28,34,30,141,41,0,0,2,24,29,121,12,11,1,42,0,0,7,8
"3.18.21",71,1,2,11,8,0,78,6,9,147,7,16,25,3,78,19,9,1,909,25,8,0,5,71,0,3,47,24,9,119,53,3,148,174,1,129,457,32,224,40,37,56,137,31,0,0,2,34,39,98,17,13,2,45,4,20,14,9
"3.19.21",83,0,2,14,3,0,95,12,14,128,8,7,33,2,146,16,2,1,640,20,7,1,9,59,0,30,20,13,2,143,33,2,155,119,3,237,431,33,226,20,19,45,117,28,0,0,1,46,19,144,6,3,0,40,4,56,14,3
"3.20.21",116,0,3,11,4,0,121,6,16,156,6,11,24,6,73,49,18,0,504,15,29,1,0,37,0,12,23,18,8,122,56,2,149,195,0,191,369,35,161,40,65,39,153,27,94,1,4,46,32,173,9,11,0,64,4,69,29,7
"3.21.21",72,0,1,11,1,2,69,1,12,106,2,3,30,1,58,8,6,0,386,5,29,0,12,38,0,7,8,8,6,121,17,1,110,146,0,46,199,51,74,34,31,21,104,11,4,0,3,35,24,96,7,7,0,47,3,47,9,4
"3.22.21",67,0,3,8,1,0,54,6,13,88,4,1,40,0,43,11,4,0,576,11,7,1,2,28,1,0,11,6,5,128,31,0,66,123,0,45,215,34,104,23,37,14,91,13,4,0,2,19,25,71,3,3,0,26,1,32,8,3
"3.23.21",56,0,2,18,8,0,61,0,12,98,2,2,21,1,83,11,4,2,425,4,14,2,0,20,0,0,21,11,9,140,29,0,86,146,1,116,263,35,105,10,9,17,70,30,17,0,0,38,14,70,15,3,0,41,3,43,13,3
"3.24.21",76,0,5,26,4,2,49,5,4,99,6,9,5,4,185,19,13,0,593,11,14,1,7,40,0,0,23,11,13,230,43,0,99,111,3,116,289,37,93,13,52,40,115,32,10,0,6,29,15,119,10,13,0,30,4,66,14,6
"3.25.21",77,0,1,22,7,2,68,8,13,180,6,9,27,1,58,18,5,3,547,20,14,2,4,51,1,0,22,11,12,137,41,1,85,206,3,153,238,54,123,56,64,47,123,33,21,0,1,32,30,71,20,1,0,52,1,59,18,16
"3.26.21",100,0,2,8,7,1,96,6,22,142,6,8,23,0,44,21,2,0,797,17,18,0,0,44,1,0,26,28,22,180,47,0,121,219,5,184,453,34,198,42,52,38,84,29,17,0,3,59,45,106,13,4,1,43,3,81,12,12
"3.27.21",128,0,6,0,3,0,108,3,14,180,2,11,32,3,82,11,3,1,659,16,31,0,2,35,0,0,34,11,9,117,39,1,111,212,7,169,252,58,120,35,65,27,166,17,18,0,5,29,35,81,11,17,2,31,3,64,20,4
"3.28.21",74,0,3,8,3,0,77,3,4,109,1,10,23,0,80,12,3,0,454,7,15,0,0,34,0,0,23,8,8,134,86,2,112,180,2,91,227,44,102,22,41,32,110,23,22,0,0,51,30,78,1,4,1,22,1,40,9,5
"3.29.21",101,2,8,8,3,0,97,11,5,93,3,8,19,0,53,11,5,1,414,15,8,2,1,20,0,0,15,11,19,139,37,3,64,158,3,53,323,9,97,7,52,31,107,12,16,0,1,45,25,62,11,4,1,14,1,35,22,9
"3.30.21",59,0,2,8,0,2,71,3,12,86,0,2,31,2,28,9,5,0,386,18,14,0,3,32,2,0,8,12,8,131,46,1,64,149,5,147,253,37,89,19,21,34,83,30,5,0,4,42,17,84,2,7,2,34,3,30,7,9
"3.31.21",83,0,5,28,7,1,70,12,12,97,9,0,37,0,84,12,2,0,585,16,21,0,5,49,0,0,3,10,18,176,25,2,85,45,5,167,328,23,82,21,46,36,87,17,12,0,4,23,18,100,5,15,3,21,4,47,6,13
"4.1.21",104,0,2,11,1,0,68,9,3,93,6,3,15,1,49,20,5,4,642,9,11,0,5,40,0,0,17,9,5,120,31,1,133,199,3,173,287,40,133,21,31,46,107,0,36,0,2,27,25,55,0,4,0,34,2,47,0,8
"4.2.21",207,0,15,24,4,1,125,36,48,242,10,1,38,3,41,12,11,1,637,13,14,0,2,178,0,0,37,43,36,111,138,2,203,709,11,231,527,68,202,37,60,54,172,0,27,0,2,104,54,254,20,14,1,37,2,66,23,15
"4.3.21",88,0,5,9,9,0,40,9,14,62,3,2,25,0,91,12,2,0,0,16,9,0,2,33,0,0,20,20,0,0,31,0,104,19,7,169,325,39,119,31,46,27,90,0,48,0,2,22,28,70,27,14,1,27,0,57,33,7
"4.4.21",92,0,5,20,1,2,70,3,8,105,2,5,19,0,40,0,5,1,0,3,6,0,0,17,0,0,17,13,14,0,48,0,117,167,9,94,210,39,63,27,27,42,113,0,15,0,0,35,26,50,6,4,0,20,0,39,11,6
"4.5.21",60,0,2,10,0,1,54,3,11,65,1,3,18,0,20,1,5,1,1586,17,4,1,3,23,0,0,6,6,9,537,47,0,16,96,7,44,169,16,79,13,24,22,122,0,3,0,4,26,23,65,5,3,0,21,0,25,3,6
"4.6.21",88,0,3,12,1,1,120,8,26,67,0,2,62,2,63,7,0,1,323,21,13,1,0,34,5,0,20,17,10,142,58,0,85,210,3,198,253,34,111,17,41,22,96,0,11,1,3,54,27,69,10,4,0,23,1,10,17,6
"4.7.21",42,0,3,11,1,2,45,1,13,57,3,7,52,7,85,2,0,2,403,10,17,3,4,37,0,0,16,47,10,110,45,0,138,98,5,196,356,46,71,26,45,33,128,0,15,0,3,20,10,46,9,4,1,18,1,41,8,5
"4.8.21",85,0,5,12,5,4,88,3,19,81,1,2,46,0,96,0,1,0,616,14,17,0,0,35,1,0,11,13,3,130,39,0,114,123,3,217,329,43,109,32,56,23,178,2,14,0,0,24,17,67,7,2,2,33,4,33,20,6
"4.9.21",194,0,5,41,1,1,154,6,20,99,0,10,23,0,260,8,2,1,726,15,17,0,2,16,0,0,49,5,6,109,78,0,714,414,13,813,238,60,202,27,51,116,263,35,16,0,0,46,24,113,6,4,0,31,0,76,11,11
"4.10.21",230,0,3,29,4,4,150,5,25,113,6,12,54,1,188,22,6,0,752,25,10,0,3,47,0,0,50,0,6,465,83,0,526,332,8,593,403,63,189,34,79,120,268,29,17,0,2,57,36,101,13,14,0,46,5,60,18,3
"4.11.21",130,0,2,6,4,2,109,2,29,102,5,15,25,3,169,6,9,1,497,24,10,0,0,25,0,0,21,18,15,218,62,0,195,250,10,103,248,44,97,41,23,52,147,22,15,0,0,54,27,93,8,14,0,15,2,44,3,12
"4.12.21",66,0,2,5,0,1,71,2,16,57,1,10,12,0,33,6,3,4,423,9,11,1,3,13,2,0,15,11,14,129,22,0,102,110,2,56,202,29,40,17,20,16,94,24,6,0,2,41,8,48,0,3,0,23,0,23,16,5
"4.13.21",106,0,2,13,0,3,128,5,23,103,2,8,40,1,60,16,10,1,408,35,11,1,3,18,3,0,24,24,7,110,62,0,150,162,5,205,307,29,73,34,39,7,113,43,31,0,3,33,44,82,4,20,2,26,2,38,7,3
"4.14.21",91,0,4,19,1,2,96,7,19,25,2,11,28,1,157,6,6,1,337,13,9,0,9,23,0,0,18,16,6,107,44,0,84,99,14,155,295,33,69,35,27,40,126,32,48,0,10,26,29,48,4,6,0,19,2,39,15,2
"4.15.21",81,0,3,17,2,4,86,7,19,67,1,11,15,1,57,9,3,1,573,16,16,2,3,31,0,0,13,2,13,101,40,0,121,151,9,212,310,50,100,40,71,22,117,28,18,0,7,44,17,91,7,2,0,32,6,28,19,10
"4.16.21",156,0,5,23,3,3,93,2,28,75,1,9,45,0,116,19,7,1,581,16,6,0,5,31,0,0,18,8,10,140,73,0,127,225,14,143,376,48,99,35,58,35,95,30,30,0,7,77,30,74,10,13,0,27,2,27,14,7
"4.17.21",126,0,4,26,3,1,91,1,31,68,2,10,25,0,61,12,3,1,523,11,9,5,2,37,2,0,13,13,14,107,60,0,147,184,4,201,263,42,100,20,51,35,197,32,25,0,11,74,20,77,5,9,0,24,0,27,23,8
"4.18.21",116,0,2,22,2,0,101,2,21,64,1,11,4,0,34,8,4,0,356,18,4,0,1,14,2,0,10,8,7,93,52,0,88,193,3,70,183,44,104,17,44,33,111,9,12,0,2,68,23,79,9,3,0,19,3,20,0,3
"4.19.21",110,0,2,15,3,2,87,7,18,87,0,12,9,0,20,3,3,3,331,13,4,2,0,18,0,0,5,6,13,74,36,0,48,134,0,56,187,25,57,19,26,18,108,21,7,0,7,38,9,54,8,2,0,17,3,19,0,0
"4.20.21",73,0,2,23,3,3,58,3,22,78,2,12,29,0,134,5,2,1,313,13,4,2,4,18,0,0,26,31,8,140,36,4,117,157,0,173,289,25,82,28,26,17,133,47,23,0,7,35,9,61,10,9,1,33,4,20,5,11
"4.21.21",112,0,1,26,4,6,95,2,19,80,3,30,32,0,48,23,3,0,357,8,15,1,3,33,1,0,38,16,14,82,54,0,110,182,9,146,296,78,106,41,67,27,94,51,48,0,7,43,23,67,18,7,0,11,5,23,26,8
"4.22.21",69,0,1,15,2,1,49,0,16,32,0,38,45,1,70,13,2,1,400,7,10,2,0,21,0,0,11,7,5,94,25,0,70,73,0,78,319,25,74,38,28,41,145,39,18,0,7,20,9,29,5,4,0,29,1,37,11,4
"4.23.21",107,0,4,19,5,3,139,2,18,75,0,18,15,1,64,10,2,0,0,12,6,5,16,41,0,0,16,18,8,81,47,0,103,180,7,73,0,37,96,20,43,26,140,66,23,0,4,56,26,84,10,14,0,34,0,24,31,3
"4.24.21",84,0,3,11,3,0,60,1,29,69,3,24,17,1,61,14,1,0,788,10,9,0,10,30,0,0,5,4,12,116,25,0,101,141,2,76,0,34,74,17,38,18,82,38,12,0,8,41,12,72,4,1,0,18,0,2,6,9
"4.25.21",148,0,3,33,5,3,96,4,24,76,3,29,13,0,24,6,1,1,346,8,5,0,5,27,0,0,11,6,14,84,29,0,103,147,7,94,0,30,79,24,43,21,106,28,17,0,7,46,17,91,10,9,0,33,2,15,14,12
"4.26.21",74,0,2,18,3,1,77,4,14,50,1,13,14,0,33,3,1,2,306,7,0,2,0,26,0,0,5,7,12,91,29,0,79,150,0,45,0,20,73,12,0,17,98,11,8,0,14,57,0,103,2,6,0,20,2,27,18,3
"4.27.21",74,0,0,23,2,2,82,3,18,52,1,17,4,0,105,6,3,0,293,13,3,3,9,12,0,0,13,5,9,114,23,5,104,148,3,68,0,29,62,12,10,25,74,28,21,0,8,53,7,63,14,5,0,18,4,18,16,2
"4.28.21",95,0,1,30,2,1,73,1,10,33,0,16,34,0,38,10,2,0,260,7,11,0,5,29,0,0,27,5,13,111,69,1,52,28,5,92,54,25,73,10,25,31,53,39,20,0,7,19,13,58,1,12,0,19,1,22,25,4
"4.29.21",104,0,3,30,5,3,69,4,11,38,1,19,59,1,23,12,5,0,360,11,18,0,6,57,0,0,21,12,20,65,47,0,85,77,2,68,154,31,62,25,42,36,87,19,28,2,15,25,16,94,3,10,0,46,1,18,25,8
"4.30.21",113,0,1,27,5,2,81,5,25,85,0,19,10,1,66,21,2,0,340,13,19,0,3,35,0,0,14,3,18,87,31,1,85,188,1,103,213,41,91,8,46,24,91,14,20,0,16,52,34,107,7,5,0,23,3,46,12,5
"5.1.21",105,0,0,37,9,1,98,16,38,67,0,11,21,0,53,5,1,1,414,13,9,0,5,32,1,0,19,8,17,93,54,0,106,183,7,99,221,44,81,12,35,24,99,9,33,0,28,77,21,70,5,6,0,37,2,41,28,5
"5.2.21",83,0,0,19,2,0,67,13,20,52,6,13,13,1,30,20,2,2,267,2,15,0,5,23,0,0,9,5,10,90,26,0,70,111,7,58,175,26,60,14,40,22,58,11,14,1,9,35,7,58,5,1,1,22,3,16,17,4
"5.3.21",63,0,1,7,1,1,54,1,23,44,3,8,14,0,24,6,3,2,226,4,10,3,5,25,0,0,1,10,15,61,28,0,46,158,1,29,199,16,63,6,34,13,52,6,13,0,23,54,13,66,7,4,0,18,0,8,11,1
"5.4.21",54,0,0,22,1,4,40,9,30,56,5,12,0,1,67,1,8,1,244,5,8,0,2,17,0,0,10,9,6,99,43,0,53,90,1,51,211,12,81,11,20,12,59,5,38,0,17,20,15,58,5,7,0,23,3,60,12,11
"5.5.21",56,0,0,25,3,0,68,3,15,47,4,9,21,2,103,21,4,1,0,5,15,1,5,15,1,0,26,9,10,63,39,0,75,98,7,81,236,27,61,37,47,9,52,8,22,0,14,32,13,69,12,10,0,26,0,23,28,4
"5.6.21",80,0,0,25,8,2,83,7,29,54,1,13,23,0,65,9,7,1,504,7,7,0,3,19,0,0,32,10,21,62,135,1,55,485,0,82,246,23,94,7,48,14,112,37,48,0,13,72,32,94,9,2,1,22,6,43,27,7
"5.7.21",103,0,0,19,3,2,83,5,17,93,2,21,42,1,81,10,2,1,404,9,12,0,3,0,0,0,10,6,17,56,31,0,85,115,2,101,233,17,78,16,43,14,100,24,28,0,13,40,14,89,11,4,0,38,1,36,7,9
"5.8.21",85,0,1,22,0,2,69,6,15,52,2,20,21,0,25,16,3,2,272,3,6,0,5,14,0,0,7,4,12,80,25,1,96,145,0,116,241,27,67,13,27,19,61,15,27,0,18,45,19,65,6,3,0,21,2,37,20,18
"5.9.21",83,0,3,24,2,1,81,3,10,58,2,11,15,0,38,7,1,1,229,2,6,0,5,7,1,1,5,4,11,39,21,0,72,104,8,41,208,27,67,7,32,11,47,5,8,0,4,41,11,48,0,2,0,29,3,9,4,6
"5.10.21",77,0,2,12,2,0,57,1,8,35,5,11,17,0,21,6,0,2,177,12,3,2,4,0,1,1,9,3,8,56,27,0,51,75,2,29,255,16,28,0,23,6,25,20,7,0,14,34,3,34,0,1,0,13,1,15,1,8
"5.11.21",48,0,0,20,0,0,49,8,15,43,4,3,20,1,49,4,2,4,171,9,6,0,3,10,1,0,12,10,2,83,28,0,74,123,0,62,152,24,59,10,59,6,35,0,18,0,6,35,12,54,4,5,2,24,3,44,6,8
"5.12.21",73,0,1,21,1,0,57,5,16,51,5,19,34,0,38,9,3,2,257,4,10,1,15,48,1,0,17,0,1,57,41,2,78,99,4,86,113,13,47,15,54,11,41,9,48,0,6,22,10,47,10,5,1,41,0,36,11,6
"5.13.21",77,0,4,25,1,0,66,2,10,35,4,45,28,0,38,8,3,2,200,6,7,0,10,48,0,0,17,7,5,43,23,0,241,121,0,265,211,22,57,22,22,24,55,6,21,0,10,29,15,53,4,8,0,39,3,38,5,6
"5.14.21",65,0,3,26,1,5,68,1,10,56,3,23,19,0,9,6,4,1,565,7,8,2,9,22,0,0,7,6,3,151,0,0,78,119,2,69,278,32,68,9,0,1,54,1,23,0,13,39,16,80,3,8,2,36,1,14,10,8
"5.15.21",58,0,1,22,5,2,71,4,14,46,2,30,20,0,86,3,2,0,252,8,2,0,6,2,0,0,9,4,10,60,33,0,66,102,2,58,150,28,44,10,0,16,54,7,27,0,10,20,13,49,5,7,0,25,4,34,14,9
"5.16.21",67,0,1,46,3,4,36,6,4,32,1,24,13,0,26,5,4,4,138,1,3,0,2,11,0,0,9,4,0,57,8,1,61,87,1,50,123,15,23,12,4,11,38,6,7,0,4,16,13,26,9,2,0,15,6,27,7,9
"5.17.21",23,0,1,5,2,0,28,4,5,32,1,8,18,0,22,3,0,1,150,6,6,0,5,10,0,0,4,3,6,45,16,0,54,24,1,51,60,9,21,8,21,5,19,8,11,0,6,10,10,37,2,4,0,19,1,10,3,0
"5.18.21",53,0,1,20,0,0,31,2,6,51,2,20,7,0,31,0,6,4,139,5,5,0,9,5,2,0,6,11,2,56,27,0,54,50,0,33,130,4,51,3,16,3,57,0,35,0,7,18,12,28,6,5,1,40,2,27,10,2
"5.19.21",73,0,0,37,1,2,87,0,11,32,2,11,14,0,73,1,2,2,210,6,7,0,10,8,1,1,0,1,7,69,62,0,51,144,0,69,100,17,60,7,28,14,5,0,42,0,4,34,27,52,6,8,1,26,1,23,10,4
"5.20.21",87,0,2,22,6,3,77,2,10,53,2,19,1,0,82,3,3,1,237,3,5,2,11,2,4,3,0,7,6,75,44,0,57,190,0,78,166,26,55,11,26,1,47,0,36,0,9,49,27,72,9,7,0,59,3,54,13,9
"5.21.21",68,0,1,19,0,3,54,3,16,56,2,14,21,0,60,5,0,3,235,3,7,0,0,31,0,0,0,0,4,41,31,1,51,65,1,53,76,19,81,35,13,9,25,0,26,0,5,17,20,59,3,1,1,57,2,21,10,4
"5.22.21",61,0,0,31,3,2,40,5,11,51,4,19,3,0,64,9,2,1,225,4,1,0,11,23,1,1,0,5,8,52,12,1,88,78,3,89,70,27,63,9,56,11,45,0,20,0,9,11,28,35,6,6,0,30,0,41,14,4
"5.23.21",56,0,1,7,3,1,72,2,8,34,1,23,0,0,24,3,2,0,174,1,5,0,5,19,0,0,4,5,4,57,24,0,62,115,1,35,84,23,46,8,30,7,41,0,9,0,3,27,14,37,3,5,0,16,2,13,7,7
"5.24.21",27,1,2,9,2,2,34,1,5,24,0,9,2,0,22,3,2,5,151,9,4,1,7,10,0,0,2,1,0,27,7,0,32,56,0,17,36,8,17,6,1,3,25,0,6,0,21,13,20,27,7,4,0,12,2,5,11,5
"5.25.21",57,0,1,19,2,0,64,1,14,41,1,6,11,0,62,4,2,4,195,7,2,1,9,5,2,4,8,2,5,52,26,1,66,113,1,143,81,8,42,8,19,15,35,0,16,0,5,26,20,44,9,7,0,12,1,31,8,6
"5.26.21",60,0,3,38,6,3,48,1,3,46,2,17,126,1,92,6,0,4,179,2,8,0,10,7,4,0,7,6,8,41,22,1,60,94,1,179,78,15,56,10,63,11,29,0,31,0,3,15,24,28,0,7,1,34,4,39,9,8
"5.27.21",45,0,1,70,9,0,35,3,7,44,0,14,18,1,74,4,1,1,4032,7,1,0,7,22,4,2,15,4,4,85,26,2,60,100,0,94,111,26,36,8,14,7,32,0,26,0,1,24,23,16,6,13,0,18,3,23,11,4
"5.28.21",49,0,0,7,2,2,47,2,17,27,4,5,0,0,95,9,6,2,193,3,2,0,2,15,0,0,4,7,8,85,21,1,42,118,0,152,97,10,82,19,19,16,10,0,3,0,4,38,21,72,10,1,0,18,0,23,14,11
"5.29.21",46,0,3,19,1,2,62,1,4,33,3,18,1,0,90,8,0,0,181,5,9,0,5,11,0,0,6,7,3,123,24,1,38,89,0,56,119,21,36,13,11,0,36,0,20,1,6,25,28,30,5,6,0,26,3,24,6,10
"5.30.21",0,0,2,2,0,0,30,2,4,32,1,8,4,0,22,5,2,0,170,3,13,0,3,2,0,0,7,0,2,35,8,1,54,35,0,21,63,8,28,10,12,0,13,0,8,0,0,35,13,20,3,3,0,9,1,4,4,4
"5.31.21",27,0,2,4,5,2,11,1,0,12,1,4,1,0,20,3,6,2,172,5,0,0,6,6,0,0,2,0,5,0,3,0,11,28,0,0,50,6,4,5,3,0,9,0,3,0,0,22,5,13,5,3,0,15,1,6,6,1
"6.1.21",18,0,0,0,2,0,15,0,2,27,1,4,0,0,16,0,0,3,116,7,0,4,5,1,1,0,0,1,3,62,6,0,38,57,0,11,63,10,8,2,0,5,13,0,4,0,5,1,10,16,5,4,0,20,0,4,3,7
"6.2.21",55,0,0,4,1,3,51,1,4,16,0,3,10,0,41,4,0,7,105,2,9,3,4,0,0,0,5,4,8,54,39,0,22,107,0,15,58,19,36,0,0,7,25,0,22,0,2,34,36,31,5,2,1,19,0,16,7,5
"6.3.21",32,0,1,48,5,0,47,2,9,22,0,12,1,0,64,2,3,1,198,4,5,0,8,5,2,0,7,4,4,32,44,1,33,97,0,22,104,23,99,8,9,10,40,0,20,0,3,13,29,29,6,6,0,12,0,45,5,5
"6.4.21",33,0,2,17,0,2,45,1,3,35,1,13,16,0,50,20,2,9,211,3,4,0,5,5,0,0,5,1,7,56,11,0,67,92,0,35,136,7,54,10,17,11,29,1,20,0,4,39,29,47,15,3,0,14,0,28,7,7
"6.5.21",30,0,4,23,2,0,64,2,6,25,1,19,11,1,48,15,6,0,233,6,3,0,6,9,0,0,3,2,5,63,24,1,63,73,1,27,127,33,41,3,20,0,57,4,19,0,2,16,39,23,5,2,0,13,3,17,5,3
"6.6.21",24,0,2,14,0,0,58,1,7,16,0,7,0,0,22,4,1,1,203,4,5,0,4,4,1,0,8,3,5,65,23,0,48,63,0,37,80,7,33,10,24,3,37,4,7,0,2,19,30,25,8,1,0,3,0,13,1,9
"6.7.21",53,0,1,7,0,1,61,0,11,20,0,1,0,0,23,2,5,2,134,5,3,0,5,0,1,0,0,0,7,21,23,0,37,93,0,21,82,6,29,6,22,5,32,1,8,0,0,31,27,38,4,2,1,10,0,10,9,3
"6.8.21",43,0,7,8,0,1,45,1,1,29,0,9,0,0,63,13,0,5,175,7,4,0,4,12,5,0,0,0,1,57,35,0,40,63,2,58,84,12,63,0,9,11,27,1,20,0,1,7,20,29,10,3,1,14,1,7,3,7
"6.9.21",31,0,2,17,3,1,68,1,8,12,1,16,0,0,64,25,1,0,159,2,4,0,6,0,1,0,5,8,2,48,32,5,39,73,2,40,71,10,51,8,14,4,24,0,23,0,3,7,19,14,5,0,2,15,1,13,4,6
"6.10.21",45,0,3,12,4,3,48,2,3,38,1,6,15,0,24,6,9,1,198,1,4,0,8,6,5,0,8,3,4,65,59,0,38,81,1,59,123,17,44,21,61,12,40,0,17,0,10,14,31,31,9,3,0,9,0,19,6,3
"6.11.21",39,0,1,11,0,0,64,4,6,47,0,5,14,0,13,2,0,2,163,2,0,0,6,3,1,0,7,3,7,33,34,0,46,70,3,57,109,20,72,8,23,4,29,4,14,0,1,30,55,33,6,3,0,13,4,18,4,1
"6.12.21",57,0,11,2,1,1,51,3,4,14,0,7,6,0,34,0,2,1,174,4,3,0,2,5,1,0,6,9,5,0,15,0,42,81,1,44,66,12,69,5,19,12,34,6,8,0,2,41,23,36,4,0,1,18,1,8,11,7
"6.13.21",46,0,0,11,0,0,53,0,5,13,0,5,1,0,11,1,4,0,6,4,5,0,2,4,0,0,5,9,5,0,20,0,37,93,3,43,74,8,26,5,7,0,52,2,5,0,1,15,16,23,0,2,0,11,2,4,3,5
"6.14.21",20,0,1,30,1,2,31,0,3,22,3,6,36,0,13,3,1,5,307,7,7,3,2,2,2,0,2,5,2,95,16,0,32,48,1,35,62,9,17,5,8,0,11,3,2,0,1,9,18,21,4,2,0,6,2,8,5,2
"6.15.21",42,0,1,11,0,1,34,0,5,18,0,8,0,0,56,0,2,4,204,4,2,0,6,4,3,0,8,10,3,42,18,0,32,42,2,21,81,4,41,0,0,2,7,5,25,0,1,22,29,38,9,0,0,26,3,6,4,3
"6.16.21",37,0,7,16,0,2,35,1,4,15,4,14,0,0,14,4,3,1,192,4,2,0,7,6,0,0,4,1,6,40,30,0,35,58,1,42,63,13,41,0,0,8,19,8,9,1,0,12,35,17,4,4,1,20,0,17,10,4
"6.17.21",43,0,1,11,0,2,55,0,8,29,0,12,0,0,23,7,1,3,201,15,4,1,13,12,19,0,18,3,4,50,40,0,90,74,7,63,121,23,34,0,0,7,50,10,6,0,2,20,52,16,9,6,5,75,5,21,7,6
"6.18.21",36,0,8,10,1,0,85,2,7,31,0,12,0,0,24,5,4,4,0,7,6,0,14,0,1,0,8,7,5,45,41,0,51,80,0,69,91,4,68,0,12,3,50,5,10,1,1,28,23,56,14,4,0,23,0,11,7,10
"6.19.21",79,0,0,9,1,0,65,1,17,30,4,13,0,0,28,4,0,1,328,7,5,0,9,0,0,0,5,4,7,0,40,0,45,61,1,48,85,10,31,9,17,3,31,4,10,0,1,18,26,46,2,1,1,24,1,19,10,7
"6.20.21",53,0,1,9,1,1,68,0,10,26,1,9,19,0,20,2,0,1,257,6,14,0,3,3,3,0,3,1,9,0,28,0,50,72,0,42,82,13,28,7,37,15,54,4,3,0,0,21,43,24,0,0,0,9,0,13,5,10
"6.21.21",27,0,2,1,1,0,40,0,6,27,0,6,0,0,17,5,0,3,126,11,7,0,5,0,0,2,2,3,2,135,19,0,38,60,0,27,83,6,20,3,4,5,29,2,2,0,1,24,31,24,4,0,0,6,2,11,5,5
"6.22.21",28,0,1,0,4,2,42,1,6,28,1,6,25,0,0,10,1,2,165,5,1,0,0,3,0,0,5,1,2,48,26,0,47,45,0,38,76,13,37,5,41,8,3,6,2,0,0,15,21,29,0,4,0,21,0,13,0,9
"6.23.21",30,0,0,3,1,1,47,1,16,28,4,7,28,1,48,8,2,5,252,8,3,0,0,0,3,2,5,3,1,23,27,4,508,72,0,52,93,17,43,3,36,6,39,0,0,0,0,12,26,13,4,2,1,10,1,13,0,9
"6.24.21",21,0,2,7,3,0,65,3,10,43,3,3,73,0,0,11,5,3,254,2,3,1,0,0,4,0,14,4,3,42,34,1,726,102,0,84,137,18,52,4,58,7,41,9,18,1,0,24,63,21,7,0,0,22,0,23,6,5
"6.25.21",98,0,1,11,0,0,69,5,4,14,2,10,0,0,101,5,0,1,322,9,0,0,4,0,0,0,4,1,5,55,15,0,607,71,0,52,116,20,46,0,36,7,0,3,8,0,2,19,23,27,4,1,0,3,1,11,6,0
"6.26.21",109,0,2,14,0,1,53,6,11,22,0,8,0,1,0,10,5,1,328,9,0,0,7,0,0,0,9,6,7,0,31,3,824,148,2,95,119,11,70,5,49,8,48,11,3,0,2,40,45,40,5,0,3,17,0,16,12,5
"6.27.21",53,0,4,6,1,1,51,4,6,21,0,4,6,0,0,5,5,3,239,2,2,0,4,1,0,0,7,3,7,0,31,0,167,103,1,85,114,13,33,11,27,8,31,2,9,0,1,29,41,18,9,3,0,4,0,10,10,5
"6.28.21",31,0,1,2,0,0,49,0,7,14,0,10,0,0,101,2,10,1,268,3,4,0,2,11,0,0,3,4,5,202,28,0,12,67,0,38,84,13,15,1,5,3,26,4,3,0,1,8,8,29,4,0,1,9,0,41,9,2
"6.29.21",0,0,1,0,0,0,0,0,0,0,0,0,0,1,0,0,3,2,303,0,0,1,6,0,0,0,0,0,1,55,0,0,327,0,0,0,111,0,0,0,0,0,0,4,0,1,1,0,0,0,0,2,0,4,0,0,0,0
"6.30.21",0,0,2,0,0,0,65,0,6,0,0,4,0,1,11,0,7,7,365,7,0,0,9,9,0,0,10,0,6,79,0,1,325,0,4,66,111,0,0,0,0,0,0,1,0,1,7,0,0,0,0,0,0,18,0,10,0,0
"7.1.21",54,0,2,0,0,0,75,3,13,0,2,10,0,3,0,0,22,5,500,10,0,0,7,11,0,0,5,0,8,75,17,2,0,0,3,88,137,0,0,0,0,0,0,4,0,0,2,0,0,0,0,0,0,36,0,38,0,0
"7.2.21",2,0,0,0,0,0,0,0,0,0,0,0,0,0,51,0,0,2,519,1,0,0,1,0,0,0,3,0,0,102,3,2,0,0,0,5,37,0,0,0,0,0,0,0,0,0,0,0,0,0,0,1,0,7,0,10,0,0
"7.3.21",2,0,0,0,0,1,4,0,0,0,1,1,0,0,0,0,0,0,589,1,0,0,1,0,0,0,1,0,0,0,7,0,1,0,0,2,26,0,0,0,0,0,0,0,0,0,1,0,0,0,0,2,0,8,0,8,0,0
"7.4.21",8,0,0,1,0,0,3,0,2,0,0,0,0,0,0,0,0,1,455,3,0,0,0,1,0,0,2,0,0,0,3,0,4,0,0,3,19,0,0,0,0,0,0,0,0,0,1,0,0,0,0,0,0,6,0,8,3,0
"7.5.21",212,0,10,56,8,0,299,7,49,0,0,33,0,0,0,0,22,1,436,27,0,0,17,15,0,0,7,26,14,0,109,1,0,446,29,360,180,0,56,17,0,40,0,19,0,0,6,97,0,93,0,1,0,32,0,105,40,16
"7.6.21",31,0,0,13,0,0,27,0,3,0,0,2,0,0,0,0,14,4,367,9,0,1,4,5,1,0,11,7,9,394,17,0,0,102,0,72,489,0,25,4,0,3,0,2,0,0,2,13,0,22,0,1,1,11,0,34,10,8
"7.7.21",85,0,3,9,1,4,49,0,12,0,1,2,0,3,162,0,1,2,430,3,0,0,2,1,0,0,11,0,8,0,31,2,107,112,0,88,158,0,88,8,0,11,0,6,0,0,7,43,39,0,2,4,0,19,0,99,12,2
"7.8.21",101,0,3,19,2,0,70,5,16,0,0,8,0,0,0,0,7,0,850,13,10,0,8,11,0,0,20,0,4,0,25,7,153,145,4,152,240,0,70,17,31,13,0,8,0,1,5,26,59,0,9,2,0,24,0,119,17,5
"7.9.21",3,0,0,3,1,0,5,0,7,0,0,1,0,0,68,0,0,3,1048,0,0,0,0,2,0,0,6,0,0,0,8,0,16,5,0,9,48,2,13,3,1,2,0,0,0,0,3,6,1,4,2,1,0,7,0,16,2,0
"7.10.21",5,0,0,2,0,0,2,0,1,0,1,0,0,0,0,0,0,3,1123,1,1,0,0,0,0,0,0,0,0,0,6,0,13,9,0,7,48,7,7,0,4,1,0,0,4,0,1,4,0,2,0,0,3,6,0,9,4,0
"7.11.21",511,0,6,33,12,2,369,16,49,0,7,37,0,0,0,0,32,0,1071,25,37,0,15,38,0,0,58,19,35,0,111,0,508,611,22,423,295,261,232,29,161,51,0,17,29,1,9,165,121,136,36,7,0,33,0,180,38,22
"7.12.21",135,0,2,8,3,1,96,3,17,0,0,11,0,0,96,5,7,3,1057,7,7,0,8,13,0,0,12,4,12,0,47,0,157,165,3,130,914,66,65,6,37,18,0,7,3,0,3,26,25,24,8,0,0,23,0,64,24,6
"7.13.21",161,0,2,8,2,2,135,2,14,0,2,13,0,0,0,10,13,1,1307,1,17,1,10,6,0,0,22,15,7,1226,45,0,223,167,7,164,425,72,86,16,49,17,0,6,14,0,5,68,55,46,17,7,2,22,2,84,21,13
"7.14.21",228,0,1,12,4,5,137,1,19,0,1,10,0,0,134,10,21,2,1076,17,16,0,8,36,1,0,18,3,5,0,47,2,236,226,4,246,351,117,102,24,70,43,0,13,17,0,8,36,39,73,15,0,1,33,7,84,18,15
"7.15.21",270,0,1,18,3,2,175,3,27,89,2,12,0,1,0,21,21,1,96,20,30,2,16,42,0,0,22,8,8,0,56,2,256,263,4,243,511,147,105,20,79,52,0,11,17,0,3,67,66,72,12,1,0,43,4,95,27,15
"7.16.21",10,0,0,2,0,1,7,0,2,20,0,1,0,0,116,3,0,1,3286,4,0,1,1,0,0,0,3,1,1,0,17,0,15,17,0,14,77,8,5,0,5,1,0,0,4,0,0,6,0,13,1,1,0,17,0,5,1,1
"7.17.21",11,0,0,4,0,1,4,0,1,20,0,0,0,0,0,1,0,1,1777,0,3,0,1,2,0,0,1,1,0,0,5,0,26,13,0,17,47,5,3,0,1,0,0,0,1,0,2,8,3,10,0,0,1,10,0,7,3,1
"7.18.21",827,0,14,68,6,5,608,7,69,257,1,61,0,1,0,41,65,0,1633,34,63,0,37,90,1,1,60,45,58,0,158,9,803,843,10,710,656,392,308,65,183,114,101,35,36,2,8,208,140,214,48,5,3,60,18,247,76,48
"7.19.21",207,0,3,20,2,1,104,2,24,70,1,5,0,0,207,22,23,0,0,12,13,1,5,30,0,0,24,9,9,1768,73,0,256,248,2,205,1491,107,102,7,63,26,123,16,13,0,5,51,39,69,8,3,0,32,2,72,20,13
"7.20.21",283,0,5,20,4,4,228,6,32,101,2,18,0,3,0,39,23,1,3319,13,30,1,8,20,0,1,46,13,16,363,71,6,420,352,3,312,615,86,117,29,116,33,151,12,13,0,6,86,51,72,20,3,1,69,5,117,58,23
"7.21.21",229,0,6,29,8,3,195,2,19,85,2,30,0,3,169,21,25,0,2372,6,34,1,15,36,0,1,24,18,5,356,55,0,315,277,0,322,570,173,103,24,87,69,136,8,21,0,13,44,27,74,11,8,2,36,0,84,33,35
"7.22.21",333,0,3,48,10,5,371,5,35,142,3,19,22,1,0,38,67,3,2703,29,27,5,19,58,0,2,26,21,31,364,100,1,510,406,4,388,750,260,185,40,129,89,256,9,11,0,10,130,139,115,28,5,1,63,60,126,33,24
"7.23.21",5,0,0,9,0,3,5,0,8,10,0,2,0,0,255,2,0,3,0,2,1,5,1,1,0,0,6,0,1,511,11,0,21,9,0,15,60,12,12,4,5,2,3,1,4,0,0,7,2,12,0,0,0,28,0,13,0,3
"7.24.21",4,0,0,9,0,0,9,0,4,12,3,3,0,0,0,3,0,2,5506,5,2,0,0,0,0,0,0,0,0,0,16,0,12,2,0,9,48,12,15,0,4,1,3,0,3,0,0,4,1,9,0,0,1,22,0,18,7,1
"7.25.21",980,0,32,96,8,6,955,29,108,392,4,113,41,3,0,95,146,1,2084,64,104,0,42,100,0,2,72,86,73,0,230,13,1279,1177,18,1092,1285,725,476,127,315,194,709,58,59,1,12,373,276,285,47,17,6,134,51,315,140,70
"7.26.21",295,0,6,20,1,4,234,4,25,140,2,15,0,2,305,34,25,5,1927,31,24,9,21,16,0,0,13,17,27,1429,108,0,462,390,5,263,2131,162,126,14,114,53,183,20,9,0,2,130,84,70,28,3,2,82,4,109,48,19
"7.27.21",250,0,7,61,4,5,380,8,45,168,0,21,11,1,175,41,24,4,2319,34,53,1,17,55,0,2,63,22,25,505,95,2,548,443,7,368,794,165,137,54,89,56,185,33,38,0,4,110,86,134,38,13,1,88,12,132,44,28
"7.28.21",291,0,9,69,9,3,264,7,36,193,6,22,49,9,135,50,34,6,2305,32,24,2,6,64,0,0,33,22,17,574,88,2,470,261,7,550,841,223,165,71,102,78,193,29,49,2,10,121,69,122,35,19,1,70,31,183,48,29
"7.29.21",321,0,7,64,5,6,387,31,59,201,4,33,68,4,138,55,48,8,3188,40,49,1,23,77,0,0,61,27,53,562,141,0,723,613,15,617,944,294,293,58,154,105,271,26,46,1,8,143,170,175,36,10,2,93,49,165,71,25
"7.30.21",6,0,0,8,0,0,2,0,12,26,1,2,2,0,145,4,0,11,3504,4,0,2,2,0,0,0,10,2,1,636,15,0,24,13,0,9,60,21,8,2,10,1,3,2,9,0,2,10,2,15,1,6,1,40,1,7,14,3
"7.31.21",4,0,0,13,0,2,4,0,6,12,1,3,3,0,0,4,0,4,3226,3,0,0,1,4,0,0,9,1,0,0,18,0,11,6,0,7,58,14,5,4,13,6,2,2,0,0,1,16,0,20,0,0,0,35,0,15,4,1
"8.1.21",1501,0,46,192,47,10,1496,66,178,713,16,141,136,12,0,157,118,7,3030,94,144,0,79,190,0,6,98,73,189,0,367,7,1950,1672,20,1819,2984,1040,776,163,419,279,899,134,126,3,19,467,475,515,131,39,6,244,127,547,190,110
"8.2.21",185,2,4,54,6,7,163,11,48,177,4,47,9,1,594,27,19,15,2361,17,16,21,40,25,2,2,47,19,51,2108,82,1,518,274,5,469,1077,134,134,15,125,46,152,44,22,0,9,61,59,114,25,12,1,101,35,118,40,23
"8.3.21",325,0,26,45,9,7,237,38,43,298,7,40,34,4,269,64,33,25,2266,75,48,9,37,41,1,7,38,40,75,945,142,17,758,427,9,419,1237,228,193,80,113,67,267,36,56,1,20,114,116,150,43,13,3,161,39,150,94,41
"8.4.21",207,0,9,56,18,8,234,11,75,198,12,77,49,6,263,67,19,10,3686,46,47,7,15,79,0,4,67,18,18,141,88,5,799,311,17,796,1011,175,252,86,142,107,219,45,54,1,17,84,69,133,32,17,4,114,21,157,55,48
"8.5.21",586,0,31,72,23,17,553,30,100,359,9,58,10,3,357,74,72,8,4021,57,57,10,41,112,2,2,77,47,77,857,297,3,1168,734,5,811,1180,400,317,123,163,107,370,54,94,0,18,234,146,334,55,30,8,136,35,453,74,46
"8.6.21",439,0,10,85,22,14,289,24,101,360,13,94,25,3,308,73,69,8,3815,31,50,12,61,86,1,19,84,31,99,1184,148,8,915,593,10,871,1548,367,272,116,113,99,277,60,75,0,15,108,140,201,42,23,4,183,55,223,59,34
"8.7.21",331,0,39,103,27,27,377,37,89,346,14,92,70,5,0,78,56,22,3853,51,34,0,42,116,0,1,79,38,93,0,179,6,1033,487,17,867,1333,285,376,112,144,99,434,74,83,1,13,116,123,260,56,20,7,162,47,198,129,33
"8.8.21",329,0,17,89,16,12,289,19,63,243,13,64,15,5,0,53,23,4,3016,36,40,0,14,68,0,7,52,11,44,0,97,2,723,477,18,732,1047,190,248,90,125,120,362,43,27,0,4,101,89,206,34,21,2,125,10,164,59,32
"8.9.21",367,0,22,42,10,12,294,38,51,269,12,61,37,0,903,69,35,16,3176,48,32,28,43,41,1,1,30,11,81,2277,166,0,659,715,10,689,966,185,212,35,116,64,243,52,27,1,11,106,129,186,45,17,0,113,14,142,51,27
"8.10.21",279,0,15,69,19,20,290,22,75,345,18,88,14,1,210,111,32,23,2752,72,41,5,51,62,2,0,84,24,64,677,135,13,869,372,14,657,1527,144,211,90,147,108,237,60,75,1,56,116,123,246,47,20,8,179,35,211,68,34
"8.11.21",276,0,34,72,16,22,267,23,77,213,19,50,50,1,355,68,13,18,3043,40,41,9,25,90,0,0,70,30,22,668,168,8,762,475,10,844,1195,181,268,146,118,132,289,51,108,5,43,106,137,199,59,23,1,126,16,170,35,35
"8.12.21",435,0,34,127,26,12,481,30,93,466,22,81,24,0,256,128,62,11,3806,64,42,25,86,162,2,0,87,48,114,509,195,5,1074,659,17,941,1289,227,331,188,138,190,321,73,90,0,17,132,116,289,67,68,1,212,51,264,109,66
"8.13.21",471,0,9,112,33,13,323,50,80,513,27,41,75,1,370,116,37,23,3701,62,106,10,57,158,0,0,82,51,73,1041,154,13,1136,676,26,988,1782,435,311,138,228,150,350,72,104,0,22,133,168,327,58,43,7,187,56,286,89,57
"8.14.21",383,0,37,108,15,16,419,42,80,443,12,119,18,3,0,123,40,9,4184,86,61,0,55,129,0,0,66,48,64,0,155,7,881,597,8,783,1376,180,369,105,133,99,480,59,129,0,17,141,142,313,58,36,7,254,26,214,64,39
"8.15.21",359,0,25,87,20,10,331,45,46,356,12,29,40,2,0,97,37,8,3347,28,20,0,48,77,0,0,56,42,68,0,129,1,890,505,18,999,726,197,262,79,109,160,286,57,43,1,19,95,102,276,56,25,1,140,10,248,67,42
"8.16.21",409,0,4,44,10,17,304,65,99,307,13,46,30,1,924,91,13,18,2701,58,38,26,21,70,0,2,49,27,49,2290,212,1,668,662,7,528,1216,165,294,58,133,89,269,58,52,1,14,127,146,317,39,21,1,175,52,172,59,50
"8.17.21",335,0,31,111,16,13,422,63,116,692,21,112,45,2,335,122,33,24,3178,103,74,11,62,157,3,2,89,61,71,762,282,9,1314,640,18,812,1846,146,241,112,109,125,380,43,166,0,34,238,102,404,72,52,7,268,59,665,61,42
"8.18.21",332,0,13,103,19,8,295,31,78,323,24,42,57,2,434,65,33,19,3648,51,40,5,32,211,5,3,73,54,30,1278,136,14,1099,490,11,1115,1190,143,335,173,133,128,215,39,94,1,34,163,124,288,31,62,5,189,40,255,86,36
"8.19.21",601,0,39,123,31,11,535,38,118,485,14,56,46,0,483,152,35,20,2951,89,65,16,40,154,1,5,103,45,62,622,240,22,982,1154,13,940,1496,272,477,165,177,100,573,82,132,0,26,228,171,359,58,40,8,268,33,248,124,67
"8.20.21",558,0,6,127,44,16,438,59,104,422,20,109,74,1,431,125,37,19,13703,86,58,6,77,198,2,19,79,48,61,882,223,12,1045,542,16,997,1610,225,421,115,131,104,384,64,100,0,20,200,184,335,80,73,10,233,42,226,91,66
"8.21.21",477,0,15,121,27,16,422,93,103,484,22,102,42,5,0,74,34,20,3864,64,52,0,67,123,1,10,85,59,63,0,161,8,1045,543,34,950,1586,220,425,187,127,162,406,65,158,2,25,220,167,317,69,39,10,233,41,276,92,57
"8.22.21",264,0,12,96,27,13,243,46,43,304,32,42,20,5,0,83,16,14,2771,59,49,0,30,91,1,0,55,20,55,0,129,8,763,492,9,567,1011,201,312,81,136,152,282,65,75,2,26,76,95,189,49,41,4,218,21,248,58,47
"8.23.21",410,0,20,91,32,11,293,44,75,456,31,33,23,4,1149,91,33,37,2598,49,42,40,38,101,0,6,44,26,68,1998,183,12,861,778,12,773,1050,123,380,74,119,90,307,53,95,3,31,136,95,329,67,33,4,233,26,186,78,28
"8.24.21",410,0,11,155,8,18,319,44,70,629,31,101,37,3,442,170,38,12,2888,111,48,9,49,173,2,0,89,42,53,586,115,19,996,640,16,762,1390,74,251,128,118,128,278,58,165,0,41,121,81,312,78,37,14,404,47,219,61,72
"8.25.21",329,1,35,109,40,11,364,30,70,423,18,81,45,6,599,62,28,18,2841,77,42,5,77,121,1,0,87,50,21,640,160,9,957,550,11,957,1439,107,355,175,105,144,237,65,119,0,43,136,139,300,70,49,12,265,67,223,188,50
"8.26.21",517,0,27,164,22,16,492,52,91,512,27,51,42,3,488,168,36,18,3119,104,51,15,53,168,0,1,84,47,87,528,191,9,960,970,18,893,1183,186,444,228,113,116,450,88,171,0,38,191,119,376,52,69,1,350,33,230,70,64
"8.27.21",485,0,17,157,30,10,584,70,119,682,23,97,87,9,564,128,35,14,2848,96,75,12,74,172,1,0,83,67,86,962,284,14,913,985,18,818,1951,174,541,128,163,110,572,93,133,1,29,329,224,423,94,64,10,333,51,188,88,94
"8.28.21",387,0,27,231,23,14,555,39,125,619,28,108,61,10,0,104,40,21,3357,90,53,0,57,210,2,0,65,52,71,0,290,7,858,1077,14,797,1222,216,551,189,155,107,480,81,167,0,58,267,141,541,81,55,6,348,31,164,107,59
"8.29.21",496,0,18,143,44,10,504,19,83,454,12,40,36,4,0,87,30,16,2216,55,28,0,31,145,1,2,35,41,58,0,259,5,775,1014,10,602,718,238,450,155,166,120,493,48,69,0,16,278,186,303,51,47,6,270,9,182,115,58
"8.30.21",251,0,6,154,5,17,245,44,62,435,33,23,29,2,1482,107,40,27,2334,44,28,22,45,97,0,3,62,27,63,1638,191,2,627,640,17,637,1089,93,301,142,107,102,308,43,67,0,24,106,118,253,79,68,3,250,15,44,69,87
"8.31.21",1114,0,48,211,33,7,1877,35,339,1360,31,106,42,6,511,184,39,28,1930,209,55,13,60,181,1,8,104,41,107,391,943,20,994,3354,31,606,1437,487,1183,103,466,98,1363,97,169,4,35,1085,615,862,117,108,15,502,24,155,138,125
"9.1.21",244,0,44,193,15,8,300,30,56,416,27,73,53,11,693,52,38,29,2367,58,12,9,45,179,0,2,53,35,48,689,194,16,865,652,24,824,973,109,290,177,95,178,225,37,211,3,63,133,76,318,48,90,2,271,37,191,61,55
"9.2.21",307,0,8,137,19,10,211,31,93,552,17,58,61,4,614,206,41,26,2695,100,25,8,32,144,3,9,73,31,68,482,179,12,832,820,18,719,1128,143,439,165,102,139,367,22,158,7,51,105,105,320,57,54,5,374,25,155,95,55
"9.3.21",262,0,8,124,27,5,272,52,94,588,18,64,31,4,609,125,51,21,2475,102,51,6,46,128,8,1,74,49,58,470,200,13,845,748,13,732,1296,152,334,71,129,134,312,62,137,0,44,167,141,333,82,88,8,350,52,137,95,49
"9.4.21",310,2,23,170,18,7,327,42,76,547,19,109,56,4,0,146,30,22,2065,97,27,0,42,151,2,7,53,27,59,0,160,10,963,771,12,836,1152,121,488,105,106,163,327,47,170,3,47,160,110,349,65,40,11,370,37,166,80,63
"9.5.21",236,0,6,116,20,4,242,39,53,371,27,20,24,1,0,99,18,23,2111,50,24,0,32,165,0,0,43,12,32,0,130,0,658,549,6,651,701,106,283,78,88,97,304,13,62,1,33,75,72,249,43,51,8,239,23,103,39,47
"9.6.21",187,0,6,113,16,3,114,14,34,395,15,11,30,6,0,109,23,26,1530,47,15,0,19,59,2,0,47,22,27,0,122,1,460,472,13,647,831,89,189,86,54,116,314,29,51,0,24,92,49,187,65,19,11,197,9,132,25,65
"9.7.21",201,0,32,178,18,4,206,45,60,606,33,95,14,13,1911,90,56,36,1056,148,7,19,65,114,0,0,94,23,83,1781,153,6,358,702,12,300,583,60,201,74,56,90,175,57,165,2,46,94,85,279,81,96,4,240,62,126,82,62
"9.8.21",238,0,14,88,19,4,310,4,51,471,11,58,33,2,555,84,29,24,2004,44,23,4,43,106,0,1,60,28,14,396,170,1,666,131,14,342,792,93,177,59,139,48,210,32,183,2,53,113,64,142,45,58,3,276,24,109,29,38
"9.9.21",235,0,5,119,8,13,221,17,62,460,14,41,65,6,483,61,22,25,0,62,31,17,29,146,0,2,38,38,13,348,213,26,762,328,20,778,759,145,267,174,92,184,185,29,221,2,51,112,97,272,50,52,7,196,21,283,48,34
"9.10.21",376,0,9,204,18,7,342,26,91,665,34,78,58,4,567,202,77,56,4197,132,45,10,104,263,0,2,104,70,77,619,231,13,1232,561,5,867,1081,123,352,57,111,145,325,57,307,2,33,153,101,472,74,103,3,425,41,544,103,56
"9.11.21",330,3,22,185,25,14,247,57,70,593,31,76,46,0,0,165,50,11,0,135,41,0,74,159,0,9,58,43,36,0,163,1,604,321,20,627,1224,149,280,127,91,133,323,81,238,6,19,121,129,381,70,57,2,440,37,187,85,54
"9.12.21",248,1,25,66,29,9,233,16,57,208,12,24,33,6,0,139,20,19,0,48,31,0,26,133,2,0,30,20,20,0,117,26,760,485,8,551,726,163,255,79,92,149,243,27,100,0,16,68,59,223,54,37,3,307,12,173,40,29
"9.13.21",201,0,9,183,21,3,172,32,43,300,16,34,17,6,1750,111,30,47,5648,56,31,34,49,130,1,4,31,28,35,1714,119,4,578,546,16,577,661,102,244,89,97,68,256,26,134,0,30,95,59,332,41,83,6,246,21,189,39,42
"9.14.21",175,0,29,152,29,2,169,20,61,567,25,61,46,3,482,109,36,36,1698,80,28,10,58,144,2,5,49,31,37,439,135,6,676,548,21,380,607,90,180,43,82,129,174,49,159,0,23,101,85,256,50,68,7,253,42,169,71,45
"9.15.21",172,0,2,172,16,11,175,19,70,271,10,42,49,10,675,44,7,19,1910,91,10,9,38,82,1,5,104,13,25,388,145,16,574,200,15,613,774,3,203,103,92,303,93,21,186,0,65,86,38,183,36,43,4,259,20,136,30,25
"9.16.21",279,1,27,106,22,14,235,16,72,539,22,60,80,9,510,131,39,65,1938,101,38,18,51,169,1,4,36,33,43,374,198,15,717,584,11,587,565,139,368,107,85,199,280,29,142,0,45,115,78,275,35,68,8,370,30,134,77,28
"9.17.21",303,0,16,136,25,8,280,26,57,484,6,49,73,11,605,134,28,40,1710,71,34,7,64,130,1,8,85,42,37,419,171,14,689,263,17,688,660,124,370,62,83,85,258,28,212,1,40,115,102,320,75,78,10,302,49,190,44,41
"9.18.21",232,0,16,103,24,9,174,17,53,491,18,31,66,2,0,92,21,17,2087,98,29,0,25,176,1,23,46,15,26,0,131,13,702,188,8,577,767,115,276,90,108,112,295,40,173,1,23,72,84,197,33,47,6,349,22,153,40,43
"9.19.21",147,1,25,118,30,3,136,20,43,232,19,34,27,3,0,91,26,12,1319,45,27,0,15,97,1,0,23,22,20,0,100,7,444,450,5,321,388,104,237,30,69,47,180,17,52,1,13,93,67,267,39,33,1,207,28,72,29,27
"9.20.21",196,0,9,100,8,3,141,31,39,347,13,26,27,2,1445,64,22,26,994,52,23,30,36,85,2,0,23,21,27,1093,143,0,404,459,5,383,389,110,158,60,73,77,173,25,115,0,29,101,39,226,35,49,8,235,16,218,54,21
"9.21.21",132,0,15,110,43,5,188,5,45,528,25,22,40,6,446,80,30,30,1227,121,18,10,17,92,3,15,95,30,33,459,93,14,512,396,4,344,723,95,161,67,39,59,81,19,164,1,38,76,51,199,39,42,5,358,26,124,28,30
"9.22.21",97,0,18,152,11,7,122,8,34,244,8,48,60,5,391,52,22,22,1717,75,35,8,55,84,0,2,44,10,22,316,63,5,510,183,12,568,892,85,259,83,61,38,150,38,150,0,34,49,21,165,33,26,2,230,16,168,32,34
"9.23.21",156,0,19,77,13,4,137,19,42,308,7,24,44,6,0,53,11,24,1858,60,23,7,39,90,2,6,45,19,15,377,116,8,542,224,6,484,906,111,287,53,73,51,227,24,114,0,19,62,50,292,19,30,4,202,14,86,58,27
"9.24.21",6,1,0,31,0,3,7,1,6,19,3,2,0,0,253,9,0,14,1515,4,3,5,5,7,0,0,11,0,0,447,6,1,7,19,0,17,39,2,15,2,1,3,7,0,17,0,11,3,3,32,0,5,1,54,1,7,4,1
"9.25.21",4,0,0,11,1,1,4,0,2,12,0,3,2,0,0,4,0,9,1560,9,1,0,0,0,1,0,8,0,3,0,12,0,7,4,0,10,15,7,2,4,1,1,1,1,14,0,6,2,0,15,1,5,0,42,0,7,4,0
"9.26.21",590,0,67,246,44,7,544,62,101,952,39,86,182,28,0,297,68,13,1174,203,60,0,88,326,5,15,141,74,71,0,281,30,1802,1025,47,1371,2423,253,664,181,232,218,646,81,319,1,52,209,190,629,72,125,15,694,68,336,104,84
"9.27.21",137,0,17,73,9,3,115,3,34,286,11,21,30,13,952,79,13,15,983,81,1,35,32,131,1,9,32,15,28,1777,53,1,286,370,6,195,386,74,164,55,58,69,138,13,56,0,27,46,45,155,38,33,14,225,30,93,35,17
"9.28.21",147,0,32,95,17,7,145,0,36,435,20,41,59,10,349,155,30,19,1120,81,27,12,50,119,4,2,59,35,33,307,105,7,577,237,11,414,645,80,112,84,68,218,94,33,129,2,22,75,48,178,23,46,9,279,44,159,40,35
"9.29.21",135,0,9,87,23,4,103,1,45,225,9,47,61,33,382,62,9,10,1397,69,36,4,19,86,1,0,67,29,26,371,102,13,483,398,12,348,557,53,175,50,53,103,159,102,118,1,14,75,32,118,37,42,3,188,28,124,27,29
"9.30.21",190,0,47,83,33,2,164,1,60,403,23,42,79,7,406,159,27,14,1510,129,17,16,56,181,0,13,61,20,40,456,128,9,682,221,16,555,586,111,265,121,96,98,200,37,118,1,17,83,73,236,28,59,9,260,33,105,57,23
"10.1.21",4,1,0,9,0,1,5,3,8,34,3,6,2,0,533,4,0,14,1463,15,1,16,9,5,1,0,11,0,1,326,20,0,21,26,0,14,27,4,8,4,3,1,3,1,15,0,5,3,0,19,0,12,0,57,0,7,3,1
"10.2.21",6,0,0,7,0,0,4,1,4,10,1,0,9,0,0,5,0,13,1368,9,1,0,0,8,0,0,3,1,1,0,4,0,7,10,2,3,22,1,4,3,3,0,5,1,7,0,3,6,1,11,2,2,0,36,0,5,2,0
"10.3.21",571,0,55,163,47,12,525,15,128,928,32,108,173,42,0,288,48,5,1026,144,62,0,70,324,4,14,86,56,72,0,228,30,1377,775,40,1142,1723,345,540,150,160,127,510,88,226,5,46,252,183,520,89,111,22,639,61,259,82,93
"10.4.21",104,0,5,34,9,4,75,3,24,341,12,7,30,4,819,86,9,24,850,70,18,40,16,69,2,7,20,19,18,670,50,1,255,252,4,123,410,68,73,30,36,43,110,13,66,0,17,44,41,96,17,26,4,169,14,65,47,20
"10.5.21",126,0,32,67,16,2,155,4,28,321,3,50,50,10,276,50,16,16,904,69,17,7,28,59,2,4,36,27,13,164,126,28,547,251,4,304,703,32,98,29,51,11,137,24,129,1,19,61,36,174,10,28,7,204,31,187,25,25
"10.6.21",95,0,12,87,12,1,81,6,29,153,5,22,26,6,453,41,8,21,1455,59,18,10,21,66,3,3,59,19,6,384,42,26,295,81,7,318,397,71,168,59,48,96,160,22,53,2,9,37,36,117,15,31,1,158,14,99,39,19
"10.7.21",201,0,32,76,47,12,198,8,78,459,9,38,69,2,361,117,12,17,1202,93,10,15,27,130,2,9,37,35,32,211,119,35,458,434,15,437,373,69,200,33,70,50,179,33,125,3,15,81,62,213,32,49,4,256,35,101,38,32
"10.8.21",1,0,0,11,0,6,3,0,4,26,3,3,13,0,427,6,0,20,1184,14,0,11,4,17,1,0,9,0,0,260,7,0,12,29,2,8,21,3,8,2,1,6,6,1,15,0,5,4,2,25,3,6,0,36,0,3,4,7
"10.9.21",4,0,0,4,0,0,5,0,4,24,3,3,4,0,0,1,0,17,1156,7,1,0,0,3,0,0,2,0,0,0,7,0,11,15,2,8,22,7,6,1,0,1,5,0,6,2,1,0,0,9,2,3,0,32,0,6,2,1
"10.10.21",428,0,42,157,31,7,388,12,100,943,22,108,180,49,0,230,67,6,1039,187,65,0,50,252,6,19,63,55,77,0,258,50,1182,852,57,975,1136,263,483,148,153,252,476,93,203,6,32,167,179,515,100,99,9,553,59,290,103,91
"10.11.21",84,0,8,37,3,3,78,3,29,302,13,21,41,5,747,68,13,21,816,78,9,0,12,47,0,8,14,13,27,0,56,3,214,293,5,179,728,61,82,12,26,32,75,18,36,0,11,43,40,89,20,40,7,213,23,47,29,21
"10.12.21",55,0,15,59,0,9,67,5,18,179,15,23,66,28,295,30,15,23,774,36,9,30,17,74,6,4,20,19,5,937,59,21,332,285,11,202,577,29,96,29,30,59,122,13,85,7,11,45,38,132,11,34,2,189,35,153,12,31
"10.13.21",105,0,4,52,6,4,90,1,17,238,7,23,52,18,340,57,1,11,991,48,11,8,14,57,6,4,27,24,7,215,48,27,287,231,3,173,336,79,111,19,25,33,112,6,92,2,13,48,18,122,26,33,1,136,8,82,39,18
"10.14.21",119,0,5,72,17,5,133,4,18,411,8,21,53,25,444,179,7,16,0,112,12,31,19,113,4,16,27,13,14,198,98,28,404,144,15,484,566,61,168,66,51,66,219,32,150,5,1,30,73,180,15,63,2,245,23,88,56,28
"10.15.21",5,0,0,6,1,2,8,0,3,30,1,3,7,0,430,8,1,7,2284,6,3,11,2,14,0,0,5,0,2,244,14,0,11,20,0,7,29,4,9,4,1,5,6,0,12,0,8,8,3,13,1,7,1,47,1,6,4,9
"10.16.21",4,0,0,8,0,3,3,0,5,10,1,2,4,0,0,4,0,13,0,8,0,0,0,3,0,0,2,0,0,0,6,0,5,10,0,3,24,7,7,2,1,0,8,0,8,0,3,0,1,16,2,5,0,37,2,3,2,1
"10.17.21",398,0,31,295,34,14,385,10,125,1013,33,74,154,68,0,221,59,14,1097,166,63,0,49,268,6,12,84,47,55,0,222,30,1077,820,41,1114,1579,193,446,145,143,170,494,68,195,5,38,141,111,496,73,113,7,599,69,282,96,69
"10.18.21",88,1,4,35,14,9,111,3,21,304,11,12,45,20,768,70,18,16,895,51,21,35,14,58,2,9,30,12,23,666,54,9,213,365,4,238,296,55,100,48,57,43,132,17,40,1,9,37,44,127,16,43,3,186,21,51,32,13
"10.19.21",46,0,22,66,8,5,32,2,28,168,14,23,74,25,313,72,14,23,1735,54,12,15,24,66,4,4,28,7,13,162,69,7,206,172,11,86,367,39,74,29,24,29,106,21,74,2,14,27,33,74,14,26,3,146,27,36,10,16
"10.20.21",118,0,12,55,19,9,113,5,29,262,4,19,77,32,362,55,10,10,1235,41,12,5,20,78,2,2,29,4,8,219,81,18,427,279,11,432,442,53,152,60,48,77,142,58,112,0,13,43,26,117,24,39,2,228,22,76,31,13
"10.21.21",162,0,33,96,22,6,138,4,41,482,18,28,80,32,373,147,27,15,1158,88,15,6,34,139,3,2,35,17,25,396,102,19,394,327,7,495,401,66,202,32,64,64,157,16,100,0,13,44,72,200,30,35,4,216,37,59,46,33
"10.22.21",6,2,0,15,0,4,5,1,7,45,3,4,4,0,386,6,1,17,1217,10,0,5,7,11,0,0,11,0,0,104,13,0,10,26,2,34,15,1,7,2,1,2,4,2,15,1,2,2,2,11,4,7,0,68,1,2,1,1
"10.23.21",3,0,0,4,0,0,2,0,2,21,0,1,0,0,0,1,0,10,1161,12,0,0,1,7,0,0,2,0,1,0,9,0,5,9,0,15,13,7,3,0,6,0,7,0,3,1,3,4,0,18,0,5,0,52,0,6,1,2
"10.24.21",5,0,0,8,1,1,4,0,2,13,1,5,4,0,0,2,0,5,913,8,0,0,1,5,0,0,4,0,2,0,6,0,7,8,0,8,15,1,9,2,1,2,4,0,12,0,0,3,0,20,1,1,0,59,0,0,2,0
"10.25.21",508,0,43,243,78,16,421,22,127,1559,24,78,197,75,946,402,71,18,664,275,71,31,86,405,5,22,101,52,100,835,345,19,1713,1414,34,1406,2341,227,546,159,208,225,629,87,286,0,21,166,270,652,113,130,5,843,114,270,177,87
"10.26.21",42,0,10,64,25,9,89,1,29,273,11,10,55,17,490,62,13,13,845,45,22,3,16,87,3,3,27,8,13,129,102,4,409,150,12,283,667,28,65,26,51,60,42,15,66,1,11,24,50,129,21,27,7,181,44,84,36,7
"10.27.21",129,0,6,76,4,3,100,8,42,287,7,27,61,36,477,62,7,22,888,61,9,5,29,50,0,2,48,7,17,355,57,41,387,204,12,293,536,48,146,80,61,67,155,24,106,7,4,46,37,160,16,23,1,149,16,97,28,23
"10.28.21",147,0,11,85,23,5,132,4,34,489,8,22,93,13,246,147,21,16,1878,135,18,17,24,132,0,2,60,7,29,314,111,9,501,316,25,474,427,57,161,53,59,74,189,45,73,0,5,64,97,199,19,44,3,233,42,79,58,26
"10.29.21",7,0,0,11,0,1,4,0,3,32,2,5,7,0,483,5,0,14,1318,11,1,5,11,10,0,0,17,1,0,325,9,0,23,13,0,23,2,7,1,3,2,2,5,0,7,0,0,1,1,16,4,3,0,56,0,3,3,3
"10.30.21",5,0,0,12,0,2,2,0,0,13,1,1,3,0,0,2,3,12,1408,5,1,0,0,6,0,0,0,0,0,0,10,0,5,10,0,11,0,7,5,2,2,3,7,1,6,0,1,1,0,12,0,1,0,43,0,4,2,4
"10.31.21",442,0,39,180,60,10,375,17,93,1276,17,50,182,60,0,240,55,8,1064,225,65,0,67,273,5,27,101,44,69,0,304,21,1368,551,35,1350,0,211,580,126,201,142,571,86,214,4,17,166,259,562,65,88,17,609,92,281,96,82
"11.1.21",92,0,14,32,8,4,77,3,20,290,2,16,20,0,969,64,13,20,949,70,18,32,36,61,6,3,30,12,29,906,62,3,272,239,11,223,1597,54,91,24,32,38,164,21,30,0,2,54,54,125,17,25,3,166,35,52,50,25
"11.2.21",84,0,3,40,17,6,77,2,30,259,10,11,38,15,271,34,6,18,895,41,23,6,43,47,2,4,31,15,15,169,82,2,345,242,2,232,440,39,114,30,41,35,142,28,30,0,5,20,55,110,18,13,2,166,30,69,34,16
"11.3.21",121,0,10,37,12,3,100,4,32,259,4,13,43,20,402,32,5,15,1579,67,9,7,22,72,2,1,37,7,10,214,66,18,493,221,12,446,397,47,123,56,48,46,151,10,98,1,7,39,39,127,8,19,1,134,16,112,24,14
"11.4.21",147,0,13,36,19,2,119,8,47,398,9,28,79,9,339,102,10,22,1800,110,33,10,37,119,4,6,49,14,39,292,104,17,528,465,10,938,686,68,194,65,52,84,267,36,73,1,5,56,74,182,34,36,2,220,29,93,75,15
"11.5.21",6,0,0,11,2,1,5,0,4,10,1,3,9,0,461,9,2,15,1518,11,2,7,6,4,0,0,16,0,1,383,9,4,9,19,0,8,472,4,12,6,6,0,4,0,6,0,7,1,0,8,2,4,0,46,2,2,4,2
"11.6.21",2,0,0,1,0,1,2,0,6,11,1,0,3,0,0,1,0,5,1616,1,1,0,1,9,0,0,2,0,0,0,9,0,10,7,1,10,0,3,9,0,2,1,1,1,5,0,1,2,0,12,1,1,0,37,1,2,1,2
"11.7.21",406,0,23,177,53,11,316,10,82,1019,14,106,209,41,0,208,39,6,1149,241,77,0,81,236,5,14,104,91,86,0,238,33,1384,788,31,1350,0,315,325,123,159,201,539,88,203,2,12,118,233,457,57,56,10,407,55,320,76,55
"11.8.21",87,0,12,40,9,5,82,2,18,232,4,25,35,4,986,30,4,13,988,36,24,20,18,69,2,0,22,4,24,874,63,2,261,203,1,276,1742,80,46,14,60,48,141,39,31,0,3,38,40,88,15,8,2,98,30,61,20,15
"11.9.21",74,0,6,31,8,4,67,1,23,223,7,27,79,6,314,32,6,9,1179,43,16,2,23,37,7,0,53,6,12,239,44,15,370,142,10,249,392,60,114,29,44,32,104,28,60,3,16,30,59,102,16,21,4,137,20,60,19,6
"11.10.21",105,0,7,29,5,2,83,2,17,183,5,18,107,24,316,43,2,12,1462,40,11,1,20,47,2,4,57,24,20,218,59,12,387,115,3,458,440,72,102,45,34,31,184,17,47,0,4,41,49,82,7,12,2,108,7,100,19,22
"11.11.21",9,0,0,4,0,0,4,0,1,15,1,0,19,0,0,2,0,5,1431,6,2,0,1,2,1,0,11,1,2,0,7,1,6,10,0,7,635,3,5,1,1,1,6,1,2,0,0,2,0,16,0,6,1,38,0,0,1,0
"11.12.21",268,0,12,65,24,6,200,7,81,654,12,55,168,8,633,136,24,6,1337,154,45,10,49,122,0,7,91,35,61,552,129,14,889,454,18,925,0,133,342,59,136,134,369,86,115,2,3,96,108,318,25,29,1,288,38,162,64,27
"11.13.21",3,0,1,4,0,1,1,0,1,13,1,2,9,0,0,2,0,5,1361,5,1,0,3,2,0,0,6,0,1,0,3,0,4,6,0,10,1205,4,7,1,3,1,4,2,3,0,2,4,0,8,0,1,0,35,1,1,5,1
"11.14.21",223,0,18,45,19,10,190,0,52,431,8,43,105,5,0,94,8,5,890,109,30,0,33,105,2,10,50,22,41,0,119,1,696,376,17,696,0,144,264,57,126,108,336,45,62,1,4,90,93,218,15,19,5,176,47,101,33,22
"11.15.21",106,0,6,45,15,6,65,1,29,181,5,25,67,1,504,46,7,11,823,48,11,25,15,45,0,3,37,11,12,705,50,1,277,193,5,309,0,41,74,27,34,40,168,23,21,0,1,32,49,71,16,10,5,113,23,56,30,17
"11.16.21",82,0,7,31,12,6,72,1,16,207,1,30,63,7,398,35,5,12,869,48,14,9,35,37,2,4,47,8,16,183,70,3,347,177,3,241,1212,44,61,46,26,59,146,55,79,0,4,28,36,99,16,7,7,99,17,131,16,12
"11.17.21",108,0,2,27,10,8,70,0,23,188,3,22,93,8,313,62,6,10,1266,37,22,8,16,41,2,0,40,16,13,341,55,1,350,179,11,472,590,62,142,31,60,71,186,18,34,0,5,41,38,86,7,19,4,131,7,84,25,15
"11.18.21",147,0,6,38,9,4,108,7,40,227,1,35,77,10,222,55,14,2,1042,49,19,5,39,85,10,0,50,17,33,200,83,8,416,271,9,392,564,59,163,87,43,74,211,56,87,2,9,59,61,146,12,18,6,124,26,87,41,19
"11.19.21",7,0,0,7,1,0,8,0,3,10,1,5,16,0,333,3,0,8,1577,4,4,9,9,2,0,0,5,1,0,328,11,0,13,15,0,19,378,4,8,1,3,7,8,1,5,0,4,2,2,8,1,0,0,44,0,4,4,0
"11.20.21",3,0,0,7,0,1,5,0,2,9,1,3,7,0,0,2,0,5,1831,5,2,0,0,1,0,0,0,1,0,0,4,0,4,4,2,9,0,0,4,2,4,0,3,3,1,0,0,4,3,10,0,0,0,26,0,3,1,0
"11.21.21",390,0,11,81,19,14,320,22,64,633,4,78,221,34,0,123,26,1,1049,140,55,0,73,189,1,32,103,66,76,0,134,17,1296,558,30,1310,0,217,347,134,159,163,559,110,145,2,20,116,147,279,37,21,13,232,49,195,73,37
"11.22.21",127,1,9,26,7,4,77,0,14,109,1,12,45,0,539,28,3,9,723,21,16,11,16,20,0,11,25,5,20,769,28,0,216,145,5,265,600,42,48,15,42,45,173,27,6,0,4,38,47,46,14,1,3,67,8,36,21,6
"11.23.21",53,0,0,26,0,3,89,2,24,104,3,15,63,5,274,29,0,2,693,16,17,3,13,34,0,1,30,2,11,151,53,2,309,115,8,193,1385,58,74,23,32,39,169,38,40,1,2,12,25,74,4,11,4,99,7,52,12,4
"11.24.21",7,0,0,4,1,2,2,0,3,9,0,3,19,0,253,1,0,7,1043,2,3,2,3,1,0,0,6,0,1,180,17,0,13,11,2,15,502,2,11,3,1,0,12,0,2,0,1,4,3,13,1,1,0,30,1,6,6,0
"11.25.21",4,0,0,1,0,1,3,0,1,2,1,0,6,0,0,1,0,0,0,6,2,0,0,3,0,0,1,0,0,0,3,0,6,0,0,10,0,2,3,0,1,0,1,1,3,0,0,2,2,5,2,1,0,19,0,4,0,1
"11.26.21",5,0,0,2,0,2,3,0,0,9,1,3,11,0,0,1,0,3,2054,1,6,0,0,6,0,0,9,0,3,0,5,0,7,6,0,17,0,3,4,2,2,2,5,0,0,0,0,1,4,14,1,0,0,26,0,3,3,1
"11.27.21",2,0,0,5,0,1,4,0,3,10,0,4,13,0,0,2,0,6,618,2,1,0,0,4,0,0,8,0,0,0,8,0,7,5,0,7,0,2,1,3,1,1,8,0,2,0,1,1,2,11,1,1,0,32,0,5,6,0
"11.28.21",467,0,33,151,56,20,395,42,129,784,16,102,334,25,0,169,49,3,574,180,110,0,72,248,18,31,151,47,101,0,245,24,2457,845,48,2383,0,255,530,173,210,235,743,184,166,1,38,225,215,417,66,46,8,472,46,330,98,56
"11.29.21",60,2,3,17,3,0,96,1,8,146,10,19,55,0,1008,8,5,12,786,21,22,31,16,16,0,18,31,1,6,1226,40,1,305,135,9,315,391,48,49,17,59,36,198,40,1,0,6,28,44,68,18,4,1,69,7,45,11,6
"11.30.21",69,0,10,28,7,10,105,14,29,126,1,32,60,0,137,19,3,5,860,47,35,2,10,41,7,14,49,4,10,222,68,3,416,170,15,346,1828,26,52,39,38,56,185,21,36,0,18,24,42,67,9,12,1,84,16,90,34,4
"12.1.21",110,0,7,46,11,3,120,4,23,133,2,40,113,2,213,42,6,5,1454,31,30,7,12,67,0,3,41,11,8,228,58,7,475,218,25,385,552,61,145,40,65,59,179,26,31,0,9,57,53,81,22,2,2,99,12,90,20,8
"12.2.21",219,0,6,43,21,7,183,4,48,239,4,28,148,5,134,72,8,8,1940,63,43,10,20,99,15,7,80,11,46,314,93,10,596,301,19,812,1049,94,178,84,66,95,332,96,49,1,7,44,66,145,30,14,0,101,21,82,49,17
"12.3.21",7,0,1,5,1,0,4,0,2,14,3,1,22,0,261,2,0,4,1904,9,4,5,1,5,0,0,21,0,1,356,5,0,10,10,0,20,654,5,5,7,8,3,17,1,1,0,7,2,0,8,3,2,0,50,1,2,0,3
"12.4.21",10,0,1,5,0,0,6,0,2,3,1,2,30,0,0,0,0,3,2290,4,4,0,0,3,0,0,11,0,0,0,6,0,6,14,0,11,0,4,1,3,3,0,14,0,0,0,2,1,2,9,2,1,0,31,0,7,1,0
"12.5.21",599,0,32,86,43,17,433,25,96,726,18,70,229,21,0,178,16,3,1631,127,142,0,88,199,2,24,138,56,75,0,285,10,2065,829,60,2141,0,320,414,140,279,323,853,139,134,2,11,187,263,392,46,13,14,269,42,620,72,50
"12.6.21",130,0,8,18,9,1,86,0,14,108,1,12,60,3,564,39,4,2,1099,26,44,11,16,24,0,6,50,8,21,1443,56,1,319,223,8,371,1269,58,35,13,72,57,214,26,7,0,1,35,81,52,21,7,0,79,8,72,37,20
"12.7.21",102,0,10,32,2,8,98,15,18,188,3,29,67,6,189,47,3,7,1001,36,34,5,32,61,1,8,68,24,12,306,80,2,450,243,21,402,0,75,76,33,54,60,172,46,46,1,8,65,48,125,3,5,4,166,17,151,12,16
"12.8.21",121,0,4,25,10,0,93,1,18,129,5,16,56,3,313,30,2,2,1749,36,26,2,11,38,1,3,95,12,5,283,78,9,563,144,17,553,3131,68,92,26,63,47,218,12,25,0,3,27,26,69,15,4,0,88,6,88,17,9
"12.9.21",144,0,6,42,14,1,112,11,39,172,4,19,128,6,157,63,6,4,1686,28,37,0,13,66,0,2,64,38,18,295,29,10,573,279,15,653,826,85,145,53,70,62,183,54,50,0,5,55,49,108,20,8,1,76,11,67,38,23
"12.10.21",5,1,1,4,0,0,6,0,5,13,0,1,29,0,228,3,0,2,1898,3,2,8,3,12,0,0,11,4,0,314,13,0,16,15,1,24,598,7,5,3,2,6,11,0,1,0,1,2,2,15,0,2,0,28,1,12,8,3
"12.11.21",8,0,0,2,0,0,1,0,0,11,0,2,15,0,0,2,0,1,1799,2,0,0,1,2,0,0,6,1,0,0,3,0,10,2,0,23,0,6,4,3,3,1,13,1,3,0,0,4,1,6,0,2,0,24,0,3,2,1
"12.12.21",505,0,10,57,33,9,360,15,95,539,4,86,300,16,0,133,25,1,1459,77,115,0,60,132,1,21,187,49,58,0,187,8,1833,768,45,1842,0,316,396,156,223,277,618,114,76,0,9,134,197,336,42,22,1,220,34,401,81,47
"12.13.21",111,0,1,21,6,3,67,0,14,138,0,24,79,0,478,21,4,1,1115,41,24,9,7,34,1,5,56,12,9,1169,35,3,286,169,3,321,1033,77,54,29,68,24,234,29,0,0,2,27,71,60,12,6,0,67,10,89,26,8
"12.14.21",115,0,11,16,11,1,105,0,21,125,2,19,96,9,278,18,5,1,1139,13,23,1,12,26,0,3,34,10,11,199,64,7,514,198,15,338,1959,46,48,11,41,45,153,42,27,0,7,25,48,97,13,5,1,69,11,174,30,4
"12.15.21",82,0,3,23,6,4,105,0,23,111,0,26,181,5,222,26,7,1,1821,22,25,3,5,22,0,0,52,29,3,314,48,9,559,211,6,550,610,147,108,35,63,37,127,21,23,0,5,39,44,63,8,1,1,73,3,111,23,13
"12.16.21",252,0,11,35,11,4,147,0,38,194,1,36,137,1,126,71,9,0,2249,32,28,4,13,51,0,1,82,26,33,316,82,7,596,273,17,569,945,166,129,96,83,97,333,59,37,0,8,82,83,116,8,9,1,105,17,171,48,13
"12.17.21",15,1,0,4,0,0,10,0,5,8,3,10,28,1,258,1,0,4,3319,4,7,6,5,1,0,0,17,0,0,449,5,0,14,24,0,20,584,22,7,6,3,4,10,1,2,0,4,7,2,14,1,1,0,25,0,7,5,1
"12.18.21",19,0,0,7,0,1,4,0,3,1,0,2,18,0,0,0,0,1,3692,5,4,0,0,1,0,0,5,1,0,0,6,0,10,13,0,17,0,30,17,3,7,6,14,4,2,0,2,4,3,7,2,1,0,30,0,12,2,2
"12.19.21",908,0,11,71,29,10,540,5,102,481,6,68,233,6,0,95,23,3,3502,69,182,0,38,117,0,12,178,80,68,0,203,7,1992,907,35,1850,0,826,437,168,407,296,819,157,64,2,12,169,290,316,40,27,3,188,31,580,99,47
"12.20.21",338,2,7,16,7,4,179,0,18,126,2,21,74,2,457,28,3,4,3254,32,63,7,10,33,0,6,61,22,25,1355,70,0,611,249,6,439,1067,359,77,51,130,68,404,34,17,0,1,59,40,102,6,0,0,81,3,347,34,12
"12.21.21",314,0,7,25,6,0,252,0,23,132,5,20,78,12,220,17,5,3,3097,24,99,1,20,30,3,6,50,41,17,652,100,6,663,309,18,423,3286,346,61,36,153,68,391,44,37,0,4,88,77,86,12,12,0,100,30,255,53,15
"12.22.21",581,0,5,43,5,2,369,0,54,166,2,38,216,5,227,40,6,2,6472,21,134,2,19,45,2,0,81,54,6,1057,138,11,1023,328,24,937,903,603,166,84,246,193,531,57,21,1,3,64,160,109,22,9,0,101,10,571,72,13
"12.23.21",771,0,12,31,11,5,507,0,57,221,7,35,160,4,0,63,13,6,8611,43,181,8,15,74,2,21,76,73,57,655,131,1,1361,509,22,1093,2236,751,219,135,399,197,655,106,27,0,5,128,168,143,23,12,0,114,16,514,86,13
"12.24.21",35,1,2,11,0,4,43,0,6,18,0,3,27,0,0,1,2,1,9926,4,17,0,0,2,0,1,21,5,1,0,16,0,69,47,2,105,2347,28,13,4,20,2,59,12,3,0,2,16,1,21,1,4,0,43,1,66,18,0
"12.25.21",17,0,1,17,0,1,33,0,5,13,0,5,4,0,0,1,0,3,0,5,31,0,0,2,0,0,26,4,2,0,17,0,90,35,1,73,0,17,8,10,23,7,34,3,4,0,4,2,8,23,3,3,0,42,0,56,18,1
"12.26.21",65,0,0,17,1,6,54,0,11,48,4,7,22,0,0,7,2,2,20794,6,49,0,0,2,0,0,35,8,0,0,34,0,119,105,0,133,0,36,32,9,43,12,67,6,6,0,6,18,26,26,2,4,0,78,0,106,21,1
"12.27.21",2761,0,32,177,39,11,1769,6,181,881,37,135,392,29,780,123,21,7,7409,115,575,0,39,189,4,26,258,279,93,6475,483,2,4698,1860,146,4651,0,2753,876,399,1471,686,3166,294,68,4,15,564,664,507,112,30,2,376,59,1861,255,67
"12.28.21",649,0,9,78,12,7,551,14,70,244,11,56,137,16,0,52,17,6,9451,44,165,20,20,69,0,19,106,57,19,987,196,3,1503,601,41,991,8352,890,223,109,414,304,1033,75,31,0,7,194,114,154,25,14,4,163,29,806,54,20
"12.29.21",1312,0,6,85,6,6,1120,11,80,417,18,75,337,28,0,66,9,8,16483,78,316,7,28,126,2,13,197,143,27,2749,203,1,2889,984,71,1777,2415,1430,535,193,854,530,1292,194,53,0,9,298,418,199,29,23,2,237,6,1221,293,33
"12.30.21",2051,0,11,154,24,7,1554,17,150,725,13,154,281,23,0,108,14,5,20169,90,471,20,40,236,1,46,260,210,26,3402,386,4,4342,1575,82,3622,4234,1451,647,455,1134,577,2670,343,90,0,13,448,583,341,55,42,0,307,33,1196,214,40
"12.31.21",135,0,1,25,0,2,111,1,21,71,3,12,110,2,0,15,5,6,27037,20,25,0,11,15,0,1,61,9,9,853,50,1,152,146,2,147,6042,72,44,13,129,19,123,34,6,0,2,47,9,55,1,6,0,76,0,103,26,2
"1.1.22",100,0,1,36,0,6,80,2,18,23,2,19,16,1,0,10,5,13,0,17,31,0,3,18,2,1,66,10,6,0,67,0,155,106,1,191,0,58,66,12,52,12,141,21,21,0,11,26,13,54,6,9,0,85,1,82,22,6
"1.2.22",259,0,5,38,2,10,127,0,15,83,0,21,49,2,0,27,5,11,44710,14,41,0,6,14,0,5,87,15,7,0,67,0,202,255,0,280,0,209,73,9,149,36,196,18,18,0,10,60,30,77,2,12,0,99,3,130,40,6
"1.3.22",9095,0,96,517,82,35,5811,34,613,2984,49,479,948,130,3092,534,88,18,16230,374,1128,50,169,791,2,76,1006,832,288,14574,1285,15,13548,7262,383,16217,0,5058,3259,1408,4206,2418,10068,818,189,7,49,2236,2388,1560,251,84,2,918,140,4991,882,209
"1.4.22",1706,0,26,227,31,13,1629,13,186,785,37,129,361,29,324,143,36,20,22632,146,182,8,113,236,9,23,335,142,45,5930,290,9,3706,1835,82,2941,24067,1601,742,214,844,631,3113,171,92,2,31,456,358,492,79,41,1,434,60,1556,439,86
"1.5.22",1868,0,0,111,0,21,1552,0,49,60,10,123,454,70,607,0,0,27,26674,38,213,34,13,268,0,21,290,154,29,4646,285,8,2235,941,74,1453,7345,882,276,365,1049,710,2239,525,49,0,23,402,587,305,109,13,0,25,0,903,508,50
"1.6.22",4161,0,75,357,61,20,3173,25,262,2663,42,259,792,85,896,380,82,27,37094,468,597,12,202,509,0,43,677,355,158,6266,809,35,7689,4581,200,6960,10282,2393,2096,500,2098,1614,5627,305,253,4,61,1082,1167,962,183,129,9,1053,137,2685,645,165
"1.7.22",415,1,5,84,2,8,421,2,36,275,26,41,201,0,1527,25,11,28,43604,58,32,60,39,146,0,3,251,9,12,7201,84,8,288,736,7,489,5671,255,83,70,181,59,391,24,50,0,46,185,33,167,28,27,1,168,6,160,45,17
"1.8.22",117,0,3,33,0,11,124,1,13,105,3,27,83,2,0,14,25,17,34364,37,18,0,1,24,0,6,95,19,21,0,49,1,229,153,1,229,0,254,61,55,59,21,115,16,34,0,12,45,85,93,13,13,1,140,4,136,19,5
"1.9.22",14282,0,129,630,157,40,8226,48,865,4737,70,459,1321,132,0,783,192,42,45553,596,1342,0,307,1224,8,155,1623,821,400,0,1951,33,18090,10484,350,18934,0,7082,6007,1845,6036,3697,16284,1855,372,9,49,2605,3447,2318,447,205,12,1621,238,7174,1654,392
"1.10.22",3622,2,76,319,58,31,2569,24,241,2027,32,318,732,87,5229,282,67,93,43521,273,405,75,177,614,3,32,502,177,209,25439,711,25,5665,3694,132,7767,5933,1992,1332,433,1669,939,4187,425,144,2,71,959,972,1027,208,105,3,789,109,2214,478,141
"1.11.22",4045,0,53,359,64,17,2981,36,291,2361,51,315,581,63,1143,264,102,59,35244,289,437,25,225,727,6,15,744,259,205,5607,981,15,8679,4084,167,6480,52300,1728,1836,660,1801,990,5362,841,226,5,73,882,979,1337,216,101,11,1145,138,3458,470,170
"1.12.22",4213,0,52,246,82,19,2663,15,320,2209,59,214,740,63,1635,287,57,63,40373,343,362,39,176,557,2,42,961,374,121,11533,686,44,5432,4666,129,5519,6448,2179,1882,663,1942,1194,5205,804,285,0,68,857,1063,1112,196,117,12,1075,66,2778,467,124
"1.13.22",5223,1,94,493,113,37,3443,48,381,2488,69,420,821,77,1890,483,150,71,44942,441,595,42,253,739,1,46,1152,324,267,11847,891,34,7840,4337,143,7150,24639,2417,2414,587,2392,1599,6187,999,223,4,69,1129,1870,1595,243,158,5,1204,189,2642,495,212
"1.14.22",344,0,21,113,3,10,466,1,46,409,26,62,210,17,2002,44,21,45,40485,93,43,80,68,268,0,3,286,10,30,7404,115,10,328,784,8,465,7716,195,154,105,236,176,328,22,72,0,40,111,56,282,64,48,0,288,18,94,44,29
"1.15.22",51,0,9,31,1,10,106,1,18,102,8,32,20,4,0,8,12,42,41656,28,35,0,13,16,0,2,93,5,13,0,86,7,144,152,1,187,0,175,80,21,29,10,105,9,33,2,13,88,26,101,8,12,2,161,4,59,28,5
"1.16.22",12978,0,198,1159,279,97,8712,114,885,7557,152,672,1635,207,0,1652,195,46,43838,1043,1051,0,464,1990,1,107,1761,1877,547,0,2332,52,18945,10762,514,20178,0,6270,7175,1895,5513,3810,15425,2063,530,7,97,2873,3667,3482,661,315,17,3207,332,6017,1190,564
"1.17.22",2835,1,30,217,51,31,1900,34,275,2555,28,64,541,70,3250,303,75,57,31543,305,356,0,154,373,1,30,450,137,125,18821,543,10,6351,3040,57,6073,9856,1291,1343,351,1140,634,3799,267,113,4,55,743,938,735,185,65,19,1127,55,1433,210,117
"1.18.22",3036,0,109,324,128,5,1953,27,249,2503,28,264,494,30,5487,419,95,139,22523,329,459,74,224,1085,3,2,948,286,207,5456,617,45,6409,3946,116,4052,0,1403,1141,524,1465,712,2780,526,258,2,115,966,1017,1536,272,120,5,1467,144,1432,213,156
"1.19.22",4327,0,134,407,96,40,2475,16,290,3062,69,245,595,36,1892,665,72,122,32253,493,380,37,223,903,7,35,1059,194,161,3906,636,27,6604,3271,133,4523,35896,2262,1804,612,1687,1488,5036,858,287,1,75,910,1030,1320,212,141,10,1478,96,1440,656,168
"1.20.22",4507,1,98,480,79,24,2814,30,361,4097,57,287,782,65,2033,621,97,78,41900,744,559,35,236,1030,5,48,1069,339,281,10823,1080,56,10227,4882,116,7743,12201,1662,2434,846,1989,1123,4640,739,636,4,77,1009,1370,1432,268,151,10,1947,143,4079,705,187
"1.21.22",233,0,18,80,9,12,274,3,46,389,9,50,175,11,2351,40,28,64,43023,125,37,38,78,233,0,1,416,39,22,11869,60,4,232,629,13,279,14195,139,128,34,204,112,328,23,67,2,33,89,51,207,28,18,1,283,10,77,33,33
"1.22.22",32,0,3,43,0,6,80,0,16,105,4,19,76,5,0,8,12,56,39053,28,19,0,3,4,0,3,126,8,4,0,62,5,79,98,3,76,0,88,56,3,39,9,108,13,47,1,18,83,10,60,14,2,1,154,7,31,21,7
"1.23.22",10103,0,250,1140,261,89,6717,154,664,8420,169,681,2252,99,0,2055,315,40,26300,1382,1137,0,516,1628,6,69,2526,889,680,0,2048,83,18778,9488,487,17542,0,4396,6399,2035,4562,3492,12852,2812,835,5,92,3613,3788,4066,572,321,36,4019,518,6350,864,478
"1.24.22",2565,1,116,393,98,21,1736,47,250,2940,49,202,575,38,6941,741,86,75,25681,613,314,92,241,784,6,16,885,226,174,18639,453,31,3991,2872,117,3225,11311,1041,1446,507,1172,948,3669,672,259,6,75,731,998,1148,274,117,19,1378,148,1576,612,153
"1.25.22",3767,0,223,346,108,39,1853,54,238,2498,60,203,965,76,1620,664,135,103,20297,639,324,75,357,870,5,25,878,186,193,2666,581,41,4970,3500,128,3709,23365,930,1363,568,1155,913,2901,680,307,2,63,640,937,1308,258,122,23,1505,150,1465,226,215
"1.26.22",3101,2,86,415,134,22,2408,33,504,1727,70,167,785,74,2428,559,114,42,20693,662,237,29,276,645,0,27,1167,230,206,2640,500,32,3229,2476,121,2663,6530,962,1564,634,1117,941,2641,463,231,4,48,552,916,841,202,104,11,986,207,1155,280,160
"1.27.22",3088,2,93,391,103,18,2201,48,212,3224,49,140,816,36,1745,709,112,37,25971,567,341,34,189,589,3,8,1114,267,221,4279,731,40,4450,3041,119,3657,10662,1123,2133,684,1414,1058,3580,944,294,1,41,779,965,1306,171,145,25,1489,118,1431,248,146
"1.28.22",132,0,11,54,16,5,174,4,19,225,8,37,111,9,1877,38,17,49,23646,102,15,31,49,163,1,0,245,27,27,4836,52,12,69,324,5,101,6635,58,65,35,69,55,146,18,49,1,37,58,14,147,24,16,1,261,8,36,15,16
"1.29.22",18,0,1,22,1,1,37,1,7,57,2,10,30,3,0,10,3,69,21609,16,20,0,2,15,0,1,49,2,2,0,23,2,41,51,5,37,0,49,14,7,20,2,49,11,14,0,4,66,7,42,2,7,0,106,4,19,6,4
"1.30.22",6254,0,142,729,192,65,4932,246,490,6992,110,442,1318,34,0,1614,337,21,16757,1027,740,0,285,1539,7,28,1968,469,407,0,1484,51,9009,6631,276,8845,0,2555,4338,1228,2692,2532,8995,2104,614,2,59,2008,2456,2490,327,200,36,2594,444,3074,936,291
"1.31.22",1056,0,61,195,35,27,768,49,78,1210,31,116,226,4,4223,248,82,32,10663,318,162,57,142,486,0,1,400,135,88,10079,262,17,1179,1372,36,1337,4118,381,609,93,379,256,1847,308,169,0,62,452,338,584,178,71,3,637,73,569,165,88
"2.1.22",1148,0,118,173,60,24,1040,31,149,965,20,79,312,12,970,148,82,34,8680,334,93,15,123,353,3,0,649,105,63,1024,265,15,1908,1162,78,1397,11426,521,595,243,613,434,1651,159,233,1,34,283,210,602,117,81,5,646,47,686,109,61
"2.2.22",623,0,4,96,8,22,641,20,43,790,28,66,265,19,1240,125,31,24,15550,222,66,26,55,296,0,0,493,80,44,1383,206,17,1258,839,8,959,2438,421,260,338,375,357,1439,361,100,0,33,239,325,347,67,41,1,549,33,209,101,34
"2.3.22",1498,0,83,220,40,24,1092,58,142,1697,34,161,405,5,1050,502,61,25,11432,278,160,13,109,462,0,15,670,127,129,8523,418,13,2818,1564,88,1890,5500,489,909,255,673,530,1931,437,220,0,57,428,545,749,145,85,13,746,70,646,305,89
"2.4.22",62,1,5,29,3,2,104,3,5,162,17,36,51,4,1870,7,6,29,15286,44,5,11,23,98,0,1,192,0,10,3098,23,4,71,188,3,39,0,29,31,15,33,29,107,7,27,0,16,19,7,86,16,8,1,137,12,12,14,16
"2.5.22",12,0,4,12,2,2,28,0,3,34,3,3,17,0,0,7,3,23,9854,8,9,0,2,10,0,0,43,4,4,0,11,1,12,23,2,21,0,25,12,7,14,1,21,4,11,0,7,38,81,27,7,1,1,80,1,8,6,0
"2.6.22",1501,0,69,302,81,48,1008,60,354,1209,53,147,256,22,0,138,186,12,6943,443,193,0,105,211,11,0,614,258,195,0,477,10,4355,1951,44,1811,0,661,1102,484,754,652,2486,402,168,3,25,373,678,758,123,113,17,927,101,719,185,124
"2.7.22",1572,0,70,214,45,2,1067,57,104,2021,34,146,339,9,1855,503,68,24,4250,274,195,95,138,527,5,15,1678,14,89,390,413,23,675,1742,107,1813,5981,856,886,208,1543,527,1744,306,187,0,65,501,429,656,114,72,8,695,89,680,240,90
"2.8.22",1974,0,78,200,72,41,1385,68,199,2069,26,126,357,13,707,349,295,23,4279,345,218,11,137,410,5,15,4990,1118,121,3536,422,32,3103,1827,151,1852,6306,4022,808,581,7510,868,2366,644,210,2,50,3126,518,861,145,81,4,1050,91,941,469,135
"2.9.22",626,0,26,102,26,12,698,53,136,679,24,96,169,6,2120,251,80,12,5012,234,92,18,73,223,7,5,269,89,66,2065,201,20,2087,1320,60,3154,1652,617,489,307,379,394,1525,321,158,1,35,283,391,382,53,58,0,485,39,438,139,83
"2.10.22",1052,0,27,182,21,15,622,59,133,1011,15,154,274,3,738,181,51,29,6166,181,90,15,90,292,7,2,428,106,55,1386,166,12,1704,839,34,1080,1064,574,626,236,385,566,1077,254,176,1,20,576,375,739,55,42,6,471,55,496,201,66
"2.11.22",42,0,6,14,2,2,65,2,6,87,2,22,43,0,1208,11,2,14,5532,31,12,10,24,57,1,1,80,2,1,187,9,7,55,88,2,30,2391,17,8,11,17,6,55,2,20,0,13,19,17,44,15,3,1,77,5,14,6,5
"2.12.22",13,0,0,11,0,1,19,1,1,18,0,5,11,4,0,1,2,39,4660,6,3,0,0,12,0,0,13,0,3,0,2,2,16,12,0,14,0,16,11,4,9,1,16,0,8,1,6,6,5,14,2,0,1,51,2,5,2,1
"2.13.22",1558,0,55,270,62,21,1050,117,179,1792,30,155,364,15,0,357,120,25,4812,350,177,0,82,278,7,10,475,213,92,0,387,10,2820,1610,52,1823,0,1193,800,323,648,164,2243,442,165,1,36,564,641,637,100,64,5,738,137,691,287,105
"2.14.22",668,1,21,103,17,3,504,47,51,733,10,81,142,6,1436,164,55,28,2203,168,89,13,59,185,10,5,186,36,46,1631,124,8,852,730,21,740,3615,298,363,89,279,157,944,157,87,0,30,132,176,311,57,45,6,401,34,323,66,30
"2.15.22",983,0,22,80,20,11,326,14,82,398,8,58,74,0,881,87,25,14,2088,89,54,4,71,126,3,0,202,56,15,790,62,7,834,515,19,485,0,188,178,79,132,47,536,133,106,0,24,104,109,169,29,32,2,291,28,229,139,1
"2.16.22",423,0,15,98,14,11,412,35,78,441,12,60,103,5,738,111,39,19,3211,142,28,5,44,134,4,0,1152,72,35,554,119,6,947,545,28,570,3584,239,248,185,205,248,643,108,97,0,21,121,215,235,45,23,8,227,48,182,51,38
"2.17.22",403,0,7,91,10,5,410,41,44,587,13,61,94,6,858,158,39,35,3197,158,62,4,30,143,7,2,182,76,42,762,151,4,1006,720,21,820,2046,213,341,131,228,32,669,260,92,0,11,178,211,256,43,24,1,229,46,222,81,47
"2.18.22",15,0,2,4,3,0,32,0,10,30,3,1,16,1,1241,5,4,18,4596,7,1,4,3,18,0,0,42,2,1,85,8,0,27,48,0,14,939,10,13,8,9,7,14,2,3,0,4,7,7,17,8,1,2,24,0,1,1,0
"2.19.22",8,0,2,6,1,0,6,0,0,13,1,5,11,0,0,0,2,21,3158,2,2,0,0,9,0,0,8,0,0,0,7,0,8,9,0,5,0,8,7,3,3,2,1,1,1,0,2,1,1,14,0,0,1,41,1,5,2,0
"2.20.22",4,0,0,3,0,2,1,0,2,7,0,0,5,1,0,1,0,13,2630,2,1,0,0,4,1,0,11,0,0,0,1,0,12,11,1,7,0,4,11,4,1,1,2,2,3,0,0,1,0,6,0,0,0,25,0,4,4,0
"2.21.22",1414,0,43,187,40,13,909,90,173,1345,16,159,251,6,0,467,151,12,1323,274,129,0,84,328,4,4,602,158,96,0,318,13,1950,1532,66,1528,0,678,964,365,618,640,1789,412,164,0,31,996,521,638,95,85,17,643,90,615,158,98
"2.22.22",16,0,0,27,3,3,125,11,21,237,3,19,32,3,1630,174,21,13,1173,58,21,13,19,50,2,1,46,25,8,1049,0,7,304,234,11,262,2749,93,87,16,167,83,193,18,28,0,19,67,58,103,14,11,0,146,13,134,18,13
"2.23.22",263,0,28,65,4,11,220,15,28,230,10,46,69,7,768,59,17,4,1910,52,35,9,43,61,3,0,132,35,11,322,40,5,432,292,15,354,2238,177,156,77,172,63,445,101,47,2,11,137,186,131,32,12,10,125,23,105,68,22
"2.24.22",3195,0,8,52,11,3,686,15,42,394,2,21,88,6,853,164,16,16,1933,67,27,4,19,59,4,0,161,41,28,329,52,10,490,303,15,446,1588,954,167,96,284,74,420,128,45,0,5,124,110,116,40,15,0,194,12,136,32,18
"2.25.22",9,0,1,4,2,1,9,1,0,15,1,1,9,1,643,5,0,5,2338,2,1,5,4,9,0,0,8,4,0,361,2,1,26,16,0,12,643,7,4,2,6,1,13,2,6,0,3,4,5,9,16,1,0,29,2,3,2,0
"2.26.22",9,0,0,3,0,0,21,0,0,7,0,0,1,0,0,2,0,2,2146,1,0,0,0,5,0,0,6,0,3,0,5,0,12,5,0,7,0,3,5,9,4,0,3,2,2,0,1,1,2,4,0,0,0,22,0,1,0,0
"2.27.22",761,0,24,88,22,8,517,52,58,718,7,95,144,12,0,154,80,1,0,78,107,0,36,144,1,0,247,96,52,0,165,18,1007,598,28,796,0,256,397,208,385,220,865,225,104,3,21,294,341,309,50,39,2,302,74,371,132,32
"2.28.22",99,0,6,12,6,0,107,10,1,150,3,11,25,4,1078,9,5,8,2784,22,21,18,15,46,0,1,38,1,12,667,15,0,82,140,0,93,1711,86,26,8,62,30,201,36,12,0,16,42,24,50,11,3,2,81,5,0,15,8
"3.1.22",130,0,27,31,4,3,125,3,9,97,1,14,57,1,687,23,7,57,1068,39,0,4,26,47,2,0,67,27,14,180,50,4,325,75,8,217,0,85,71,34,63,63,69,24,18,1,7,24,48,93,6,6,0,83,29,17,54,13
"3.2.22",68,0,9,66,3,5,226,8,23,352,5,27,65,1,590,60,26,4,1541,37,20,6,16,71,0,0,62,38,7,215,50,6,330,215,8,341,1376,0,78,98,167,53,388,66,29,0,2,73,111,128,33,10,0,100,23,105,4,16
"3.3.22",119,0,3,31,11,5,163,19,16,232,6,41,26,3,746,110,19,4,1572,25,36,5,18,56,0,0,88,24,0,467,54,1,282,207,6,345,1432,64,122,58,144,67,348,89,39,0,8,67,109,116,46,10,10,98,28,0,62,18
"3.4.22",12,0,0,7,0,0,15,0,1,7,1,1,2,0,769,2,2,8,1382,5,1,0,2,6,0,0,17,1,0,233,4,0,5,17,0,6,944,11,3,8,9,9,14,2,2,0,0,2,4,8,0,0,0,8,0,0,5,5
"3.5.22",8,0,0,5,0,0,3,0,0,8,0,0,4,0,0,0,0,2,1353,0,2,0,0,2,0,0,6,1,0,0,3,1,1,3,0,1,0,7,1,1,2,0,2,0,3,0,4,3,1,2,0,0,0,5,0,0,0,1
"3.6.22",477,0,23,55,0,2,245,19,35,361,12,34,71,11,0,125,28,9,0,35,50,0,78,69,0,0,133,52,10,0,75,3,607,454,15,724,0,208,175,90,274,68,564,133,50,0,10,143,145,182,44,24,4,269,55,60,26,28
"3.7.22",127,0,3,25,7,3,138,15,11,166,0,19,3,1,664,17,24,14,1643,36,41,7,21,47,0,0,38,45,12,440,33,0,169,168,9,138,1540,0,97,48,128,33,269,69,36,0,2,59,76,43,14,3,2,52,31,69,55,8
"3.8.22",177,0,39,29,3,2,330,5,17,162,5,13,14,2,162,29,10,1,830,23,27,2,11,23,0,0,134,28,10,125,7,0,157,210,12,257,0,0,45,28,75,19,19,53,23,0,7,40,42,77,4,7,1,69,20,0,18,5
"3.9.22",162,0,2,12,4,1,100,2,17,86,10,30,45,0,69,35,15,1,1108,23,25,3,8,36,1,1,48,34,0,136,22,4,154,116,9,293,1317,0,67,26,101,19,244,43,38,0,0,63,4,54,6,9,0,50,19,0,28,10
"3.10.22",190,0,18,11,4,1,150,26,24,164,3,11,75,0,175,23,8,0,1352,17,48,1,13,54,1,0,70,24,10,375,44,0,199,162,4,229,887,0,78,26,106,41,234,66,13,0,2,75,50,62,24,3,0,75,32,58,21,9
"3.11.22",4,0,0,2,1,0,10,0,1,10,0,1,1,0,199,1,1,0,1899,7,4,1,0,5,0,0,25,1,0,76,5,0,5,6,1,4,430,0,2,3,2,1,7,0,2,0,0,5,0,2,0,0,0,6,0,3,1,1
"3.12.22",0,0,0,1,0,0,2,0,0,4,0,1,1,0,0,0,0,1,1556,0,1,0,0,2,0,0,7,0,0,0,1,0,4,2,0,5,0,0,3,1,3,1,3,0,3,0,2,1,2,1,0,0,0,6,0,5,0,0
"3.13.22",473,0,17,34,0,4,294,17,25,380,11,22,100,6,0,128,33,0,0,25,69,0,22,57,1,0,83,56,12,0,90,3,470,200,0,438,0,0,128,96,234,32,509,106,40,0,13,159,91,192,45,14,0,129,89,149,39,19
"3.14.22",90,0,4,9,0,3,71,0,8,63,1,7,1,1,329,20,5,2,1825,7,18,6,10,20,0,0,58,11,0,682,20,0,50,0,0,65,1129,0,23,8,52,0,115,20,7,0,1,21,24,16,4,0,0,10,2,34,42,7
"3.15.22",69,0,0,10,0,0,60,0,26,171,0,1,49,0,188,25,0,0,720,4,12,0,20,13,2,0,60,8,1,63,11,11,101,0,0,105,0,0,3,17,24,0,0,12,17,0,2,32,10,1,2,1,0,39,36,45,22,8
"3.16.22",107,0,1,16,0,0,86,6,6,164,3,5,25,0,236,8,2,1,970,5,26,2,7,52,1,0,24,0,2,98,41,1,147,18,0,144,959,0,45,76,100,0,103,44,16,0,0,18,54,0,23,2,0,76,8,65,4,2
"3.17.22",147,0,7,24,0,0,136,6,17,190,2,8,37,0,108,13,9,0,1811,12,29,3,2,30,0,0,72,0,0,255,50,1,259,153,0,196,1346,0,65,46,110,0,244,42,10,0,4,65,56,59,10,8,0,79,7,172,8,10
"3.18.22",6,0,0,2,0,0,11,0,0,4,0,2,0,0,110,1,0,1,2969,0,1,3,3,3,0,1,6,0,0,581,2,0,7,6,0,3,374,0,2,2,4,0,4,2,2,0,0,4,2,5,11,0,0,10,1,2,0,1
"3.19.22",4,0,0,3,0,0,2,0,2,0,0,1,0,0,0,0,1,0,3195,0,0,0,0,0,0,0,2,0,1,0,0,0,4,4,0,2,0,0,5,0,3,0,3,1,0,0,0,6,1,0,0,0,0,5,0,5,0,0
"3.20.22",359,0,4,36,0,1,243,6,0,333,1,12,96,0,0,26,11,0,0,11,73,0,15,58,0,1,90,27,4,0,42,20,647,466,3,287,0,191,165,43,120,0,503,66,27,0,4,56,130,10,16,23,0,68,0,135,49,20
"3.21.22",71,0,1,7,0,0,52,3,0,89,0,1,1,0,140,6,3,13,2069,7,11,2,6,11,0,0,17,3,0,955,25,0,54,29,4,0,1489,66,17,5,4,0,105,3,2,0,0,8,15,2,12,0,0,9,3,28,7,5
"3.22.22",121,0,2,15,0,0,320,0,43,186,4,12,38,0,0,5,2,1,654,19,16,0,4,13,1,1,55,6,0,81,55,0,113,55,12,173,0,95,56,43,78,20,281,21,7,0,3,189,65,0,14,4,0,86,8,57,45,6
"3.23.22",377,0,14,17,0,0,107,6,9,114,4,0,44,0,89,16,2,1,851,16,25,0,5,4,1,3,51,4,0,132,20,3,134,35,1,199,814,118,52,87,108,8,180,28,0,0,5,31,35,0,10,1,0,66,1,59,14,7
"3.24.22",143,0,1,10,0,0,103,1,4,156,3,1,20,0,0,13,2,7,874,6,48,2,6,30,0,0,57,12,0,126,14,11,118,139,1,196,818,162,46,30,95,14,245,19,15,0,0,45,42,0,4,1,0,54,0,45,39,7
"3.25.22",16,0,0,0,0,0,3,0,0,10,0,2,0,0,92,2,0,0,1289,2,9,4,3,1,0,0,14,0,0,136,1,0,8,4,1,4,299,6,0,1,3,3,16,1,0,0,0,1,2,0,0,1,0,5,0,3,4,2
"3.26.22",3,0,0,0,0,0,3,0,0,8,0,0,1,0,0,0,0,0,957,1,9,0,0,1,0,0,3,0,0,0,3,0,11,1,0,3,0,13,2,1,0,2,5,0,1,0,2,2,0,0,0,0,0,0,0,0,1,1
"3.27.22",442,0,4,16,0,0,264,5,27,251,5,9,11,2,0,3,13,0,0,4,78,0,8,29,0,0,92,22,5,0,50,3,192,327,4,115,0,360,160,61,167,0,640,0,9,0,3,32,0,0,9,5,0,45,0,145,0,14
"3.28.22",69,0,0,10,0,0,71,0,7,113,0,0,6,2,65,5,2,2,1055,3,10,1,2,7,2,0,18,0,4,350,8,2,58,42,1,0,489,70,13,6,18,0,138,0,2,0,3,16,1,0,4,1,0,3,0,38,51,7
"3.29.22",78,0,3,7,0,0,59,0,5,129,0,0,0,0,0,11,1,0,552,1,45,0,8,14,1,0,0,10,0,56,1,1,69,163,3,186,0,121,0,24,103,0,123,0,3,0,1,14,30,0,7,4,0,52,0,80,16,5
"3.30.22",216,0,2,14,4,0,145,0,16,196,0,0,8,1,84,31,0,0,1051,8,27,3,3,14,2,1,139,13,0,132,23,1,86,53,6,135,581,147,62,33,115,17,203,14,5,0,1,106,39,0,10,0,0,50,0,39,30,7
"3.31.22",192,0,0,19,2,0,173,0,10,117,0,0,17,3,0,25,0,0,500,4,59,2,6,18,2,0,60,13,0,190,39,43,139,144,3,213,918,154,43,32,169,126,284,32,1,0,0,36,73,0,5,2,0,76,0,68,25,5
"4.1.22",13,0,0,3,0,0,6,0,0,21,0,0,1,3,113,0,1,0,1111,0,12,0,0,3,0,0,11,2,0,152,3,1,3,8,0,11,597,12,15,1,1,0,11,2,0,0,0,3,6,0,1,1,0,8,0,3,0,3
"4.2.22",5,0,0,3,0,0,1,0,1,2,0,0,0,1,0,0,0,0,0,0,7,0,1,1,0,0,3,0,0,0,0,1,13,7,0,4,0,6,3,1,4,0,1,2,0,0,1,0,1,0,0,0,0,4,0,4,1,0
"4.3.22",0,0,0,1,0,0,3,0,0,0,0,0,0,0,0,0,0,0,0,0,8,0,0,0,0,1,6,1,0,0,2,0,5,1,0,3,0,8,2,0,7,1,4,1,0,0,1,1,6,0,0,0,0,0,0,0,3,0
"4.4.22",496,0,3,18,4,1,202,0,15,386,3,0,31,5,0,23,5,0,2288,17,81,2,17,52,0,0,80,34,11,0,52,47,278,362,7,289,0,467,84,45,331,21,770,77,10,0,3,0,134,0,11,3,0,98,0,139,48,4
"4.5.22",15,0,1,3,0,0,8,0,0,5,0,0,0,2,0,0,0,0,825,0,8,1,2,5,0,0,6,1,1,444,1,0,12,8,0,7,1121,9,3,2,12,1,12,0,1,0,0,0,7,0,0,0,0,3,0,3,2,0
"4.6.22",10,0,0,3,0,1,7,0,0,8,1,0,0,1,140,0,0,0,1012,2,15,4,1,5,0,0,11,5,0,0,0,0,12,5,0,10,0,8,2,5,10,1,13,3,2,0,0,0,9,0,1,1,0,3,0,7,3,0
"4.7.22",514,0,1,36,2,2,320,0,13,152,3,2,0,5,0,29,11,0,1038,7,90,2,14,40,2,0,92,38,2,0,45,37,447,562,9,925,0,433,135,54,484,128,707,183,21,0,2,55,244,0,10,10,3,457,3,170,195,9
"4.8.22",8,0,3,2,0,0,12,0,2,1,1,2,0,0,84,0,0,3,4119,0,19,4,1,5,0,0,4,4,1,492,3,0,14,7,0,13,879,15,3,2,16,2,12,4,0,0,1,0,6,0,1,0,0,1,1,2,0,0
"4.9.22",6,0,1,3,0,0,13,0,0,2,0,2,0,1,0,0,0,0,0,1,14,0,0,3,0,0,1,8,0,0,2,0,3,1,0,3,0,5,2,0,4,0,7,3,0,0,0,1,4,0,0,0,0,4,1,2,1,0
"4.10.22",5,0,1,0,0,0,7,0,0,0,0,0,0,0,0,0,0,0,0,0,36,0,0,2,0,1,4,0,0,0,2,0,10,2,1,3,0,8,3,3,3,0,3,2,0,0,1,2,4,0,0,0,0,2,0,3,0,0
"4.11.22",11,0,0,4,0,0,20,0,2,2,0,2,0,2,0,0,2,0,2704,1,29,3,1,2,0,0,10,2,0,0,1,0,13,10,0,9,0,15,8,2,13,10,14,1,0,0,1,5,7,0,4,0,0,7,0,5,5,0
"4.12.22",806,0,1,17,10,2,334,0,38,236,2,11,65,3,121,16,6,0,794,5,116,2,16,47,0,5,85,70,26,0,21,36,408,745,10,1147,0,657,113,52,663,189,913,144,0,4,2,0,445,0,19,4,0,249,7,216,99,4
"4.13.22",9,0,0,6,1,0,13,0,0,7,0,2,9,0,0,2,1,0,933,0,26,6,6,2,1,0,7,10,1,0,6,0,20,3,1,3,0,14,2,6,14,4,10,3,0,0,2,0,6,0,0,0,0,5,2,6,6,0
"4.14.22",478,0,1,9,5,0,285,0,2,142,2,8,20,4,0,9,7,0,1155,1,111,3,8,20,0,6,139,40,12,1131,34,6,120,660,0,693,1667,388,0,38,506,97,450,131,0,0,1,0,153,0,11,0,1,243,1,113,70,6
"4.15.22",11,0,0,3,0,0,12,0,2,1,2,1,0,1,85,0,0,1,1295,0,21,0,0,1,0,1,5,1,1,528,5,0,10,14,0,5,581,13,0,4,12,2,9,1,0,0,1,0,5,0,9,1,0,4,1,6,3,0
"4.16.22",8,0,2,2,0,0,7,0,1,1,0,1,0,1,0,0,0,0,0,0,21,0,2,0,0,1,6,1,1,0,1,0,6,4,0,3,0,16,0,0,7,1,9,1,0,0,0,0,16,0,0,0,0,7,3,6,0,0
"4.17.22",10,0,0,2,0,0,6,0,0,1,0,5,1,0,0,0,0,0,0,0,26,0,0,1,0,0,9,2,3,0,2,0,7,3,0,4,0,9,0,1,3,0,8,0,0,0,0,0,9,0,0,0,0,2,0,4,1,0
"4.18.22",861,0,5,33,14,2,336,0,27,118,0,53,35,0,0,29,9,0,3226,0,186,5,25,33,1,7,128,93,25,0,53,3,471,827,46,1022,0,634,0,47,641,191,1085,104,11,0,3,0,264,0,12,0,0,225,8,258,35,11
"4.19.22",19,0,1,5,1,0,25,0,2,11,0,3,2,0,115,0,1,1,861,0,23,0,5,6,0,0,16,1,2,825,2,0,20,12,0,18,973,12,0,5,19,5,24,2,3,0,1,0,15,0,2,0,0,8,1,10,0,1
"4.20.22",29,0,3,4,0,0,18,0,3,10,0,11,3,0,0,1,1,0,1120,0,16,8,11,3,0,0,13,9,2,0,5,0,12,22,1,22,0,17,0,6,20,8,28,2,1,0,2,0,29,0,0,0,0,6,0,13,2,0
"4.21.22",911,0,15,29,9,0,594,0,20,184,2,61,32,5,0,19,9,0,2085,0,188,5,38,0,1,2,160,81,21,0,115,2,481,1239,0,1418,0,747,4,93,858,168,1170,262,18,0,8,132,176,0,0,3,0,391,17,196,208,22
"4.22.22",37,0,0,8,0,0,21,0,1,9,1,8,0,0,183,0,0,9,2027,0,10,2,3,0,0,1,14,1,0,950,4,0,18,19,0,12,1821,27,5,7,17,3,22,2,0,0,0,6,20,0,0,0,0,4,0,6,0,0
"4.23.22",19,0,2,5,0,0,16,0,4,4,0,6,0,1,0,1,0,0,0,0,11,0,5,0,0,1,14,2,0,0,3,0,15,12,0,8,0,26,2,1,11,1,14,1,1,1,0,3,4,0,0,1,0,8,2,11,2,1
"4.24.22",12,0,0,3,0,0,18,0,1,6,0,3,1,1,0,1,0,0,0,0,46,0,0,0,0,0,15,2,2,0,1,0,10,3,0,3,0,26,8,4,6,1,27,2,0,0,0,5,9,0,0,0,0,9,0,8,4,0
"4.25.22",1297,0,10,20,13,4,834,3,63,213,6,119,54,2,0,29,15,0,4485,0,238,3,42,29,0,3,168,118,30,0,124,0,749,1284,21,1234,0,987,259,95,941,183,1641,251,28,0,4,247,424,0,0,9,2,237,21,355,109,14
"4.26.22",42,0,0,9,0,0,37,2,2,12,0,8,5,0,139,1,1,0,1541,0,24,2,17,2,0,0,25,2,2,1094,4,0,17,31,0,17,1562,22,13,8,18,6,44,9,3,0,1,11,19,0,0,0,0,10,0,24,4,1
"4.27.22",38,0,1,7,1,0,37,0,4,10,1,6,5,0,0,0,0,0,1590,2,19,1,6,17,0,1,39,4,0,0,4,0,26,21,1,14,0,25,10,11,29,5,44,3,0,0,2,11,16,0,0,0,0,14,2,26,5,0
"4.28.22",1199,0,15,59,21,0,754,8,53,129,2,67,26,5,0,24,10,0,2370,22,179,2,39,47,0,0,226,114,23,0,134,12,584,1278,1,747,0,982,195,140,840,218,1677,305,19,0,7,247,325,0,21,5,0,285,30,269,82,20
"4.29.22",37,0,0,6,0,0,41,0,4,9,0,16,5,0,150,0,0,1,2418,3,15,5,17,9,0,0,24,3,3,1260,8,0,22,38,2,8,1889,35,16,18,21,3,34,6,0,0,0,5,14,5,3,1,0,10,1,36,3,2
"4.30.22",14,0,2,6,0,0,19,0,2,8,1,8,1,2,0,0,0,0,0,1,20,0,1,2,0,0,14,2,1,0,7,0,21,8,0,10,0,20,4,5,13,2,30,4,1,0,0,5,13,5,1,0,0,17,3,22,3,0
"5.1.22",17,0,0,4,1,0,10,0,4,7,1,9,2,0,0,1,0,0,0,1,30,0,0,2,0,2,23,1,1,0,8,0,18,13,0,9,0,23,5,3,18,3,24,0,2,0,1,2,12,7,0,2,0,12,0,32,1,1
"5.2.22",1761,0,13,53,22,3,1110,25,79,285,0,147,48,2,0,27,18,0,5757,46,241,8,44,78,1,6,199,119,37,0,151,1,1051,950,31,829,0,1389,282,132,1032,300,2146,440,34,0,11,352,432,196,35,13,1,99,50,440,181,25
"5.3.22",42,0,3,3,1,0,38,5,5,28,0,14,7,2,212,0,0,6,1857,7,23,4,13,7,0,1,41,2,2,1355,7,0,27,39,0,18,2200,27,12,9,15,4,46,4,1,0,2,10,21,14,3,3,0,16,0,32,6,2
"5.4.22",44,0,1,5,0,0,43,2,4,19,2,19,6,0,0,0,1,0,2462,5,23,6,18,24,0,1,34,7,0,0,15,0,24,45,3,12,0,30,27,9,33,2,50,6,1,0,0,12,24,11,2,1,0,14,0,43,1,8
"5.5.22",1504,0,11,54,9,0,841,18,67,333,1,104,143,5,0,40,8,0,0,30,229,0,31,63,0,7,232,93,39,0,172,49,1067,661,34,824,0,1081,317,128,849,262,2194,378,42,0,9,253,481,123,24,13,0,67,38,430,117,27
"5.6.22",42,0,1,7,2,2,44,0,7,23,1,14,11,1,267,0,0,5,6129,5,22,10,8,4,1,1,29,1,3,1613,10,0,27,51,2,16,2444,35,28,15,25,5,62,4,2,0,0,18,18,16,2,2,0,17,3,43,11,3
"5.7.22",21,0,1,3,0,0,12,0,3,9,0,7,3,3,0,0,0,0,0,3,46,0,2,1,0,0,37,0,2,0,11,0,20,20,0,6,0,21,12,5,8,2,15,4,1,0,2,8,15,7,0,0,0,11,1,30,4,1
"5.8.22",18,0,0,6,0,0,17,0,2,6,0,8,6,0,0,0,0,0,0,0,32,0,3,0,0,1,26,1,5,0,10,1,27,12,5,5,0,20,9,11,21,3,30,10,0,0,0,5,9,8,0,1,0,12,0,24,2,0
"5.9.22",2851,0,11,81,16,3,1273,27,96,389,5,214,77,6,0,50,20,0,6992,95,449,22,76,125,2,4,370,139,61,0,273,2,1315,1305,44,1026,0,1400,414,167,1258,297,2304,430,51,0,13,450,683,234,0,11,8,116,40,547,212,37
"5.10.22",44,0,0,9,0,2,58,1,9,22,1,22,13,3,251,1,1,6,2113,9,35,3,11,19,0,2,53,2,6,1854,15,0,36,72,2,11,2758,25,22,21,38,11,64,8,2,0,0,13,26,18,0,2,0,36,0,50,9,1
"5.11.22",56,0,1,4,1,1,42,0,6,30,0,17,18,6,0,0,0,0,2936,13,43,10,13,19,0,3,48,2,3,0,16,1,29,66,5,26,0,27,62,25,38,15,80,11,1,0,0,19,38,19,0,7,0,27,0,38,11,3
"5.12.22",1014,0,10,44,14,1,827,8,51,316,5,64,15,22,0,29,5,0,3330,35,191,6,46,81,0,4,137,40,15,0,157,8,648,654,22,694,0,914,246,99,702,192,1480,251,34,0,4,218,285,160,5,9,0,42,22,404,88,41
"5.13.22",53,0,0,14,1,1,63,1,10,20,2,13,13,5,476,2,6,5,3942,12,23,3,12,11,0,1,43,2,1,1430,23,0,33,64,1,17,2829,38,40,29,51,11,84,6,2,0,2,13,26,27,1,3,1,48,2,43,10,3
"5.14.22",32,0,1,2,0,0,30,0,0,19,1,8,1,1,0,0,0,0,0,9,43,0,7,9,0,1,39,2,1,0,10,0,29,26,0,8,0,20,12,4,21,3,33,8,0,3,0,7,14,9,1,2,0,35,0,14,3,3
"5.15.22",20,0,0,8,0,0,30,2,5,10,4,7,3,0,0,0,5,0,0,0,49,0,4,3,0,1,53,7,1,0,23,0,35,22,3,12,0,24,16,3,28,5,39,14,1,0,2,10,12,11,1,1,0,24,0,25,7,1
"5.16.22",3656,0,23,130,24,6,2364,84,185,784,9,275,180,10,0,128,44,0,7973,142,577,19,81,221,1,10,423,218,124,0,498,16,2101,2068,82,1762,0,2459,948,296,1920,579,4713,768,106,0,16,841,1150,470,83,24,1,261,68,978,414,90
"5.17.22",78,1,1,16,2,0,81,3,8,42,5,14,13,3,380,1,1,7,2198,22,48,9,12,36,0,0,86,5,6,2960,31,1,56,95,6,30,3611,32,185,29,55,11,87,15,8,1,7,26,38,35,7,3,0,46,3,58,9,3
"5.18.22",68,0,2,21,0,1,85,0,6,31,1,17,10,9,0,4,2,0,4318,15,61,4,10,19,0,0,65,8,8,0,37,1,43,100,1,14,0,31,41,44,39,18,73,8,3,0,2,30,45,26,4,3,0,39,0,54,7,3
"5.19.22",2536,0,36,135,24,1,1583,48,136,643,8,137,105,21,0,138,37,0,4638,109,411,4,73,194,2,4,325,129,54,0,385,33,1913,1720,52,1431,0,1608,785,290,1373,487,3351,326,72,1,8,580,733,400,55,32,2,251,62,835,250,80
"5.20.22",68,0,0,9,3,1,74,5,15,40,4,15,1,1,389,1,2,24,3102,16,33,23,7,16,0,4,65,3,7,3498,16,0,44,85,3,21,4138,33,17,32,58,27,87,14,6,0,2,25,34,21,3,3,0,46,3,39,8,8
"5.21.22",26,0,0,12,0,0,17,1,3,30,0,8,3,4,0,1,0,0,0,8,39,0,4,3,0,0,40,4,2,0,16,0,23,23,1,19,0,31,8,5,23,5,51,18,3,0,2,8,13,10,1,1,0,39,2,18,6,4
"5.22.22",21,0,0,14,0,1,33,2,2,21,1,8,2,2,0,1,0,0,0,6,44,0,5,6,0,0,55,3,0,0,12,0,25,30,8,25,0,13,19,14,26,13,43,19,2,0,2,6,9,22,5,1,0,36,0,19,11,2
"5.23.22",3339,0,32,177,30,6,2297,111,214,965,11,176,204,19,0,146,43,0,12199,158,540,20,113,282,0,12,467,214,118,0,540,15,2723,2400,110,1827,0,2110,925,391,1859,678,4457,325,118,1,16,1019,976,522,103,32,4,388,111,1144,429,89
"5.24.22",91,0,3,28,2,2,82,4,9,67,4,22,20,1,860,5,2,17,3520,23,45,23,14,28,0,0,64,7,3,3033,33,1,52,126,3,34,5016,33,33,47,50,24,88,15,6,0,4,20,49,38,5,1,0,70,4,31,16,4
"5.25.22",59,0,4,22,2,2,100,2,7,37,0,18,13,3,0,5,2,0,4161,15,49,9,10,31,1,0,61,12,7,0,16,0,49,121,2,29,0,27,32,53,54,27,90,10,12,0,8,27,38,32,4,2,0,55,0,50,5,8
"5.26.22",2605,0,44,144,21,5,1735,27,192,732,20,143,131,9,0,118,51,0,6124,101,353,21,73,199,2,7,326,142,57,0,384,32,2031,1897,71,1700,0,1468,677,411,1371,529,3461,190,102,1,24,558,593,368,75,25,2,282,58,874,244,60
"5.27.22",75,0,0,22,0,3,73,4,11,56,0,13,15,3,919,3,0,23,5719,11,41,7,9,10,0,1,53,2,9,3227,20,1,51,92,2,15,4659,47,24,32,38,20,86,8,3,0,2,9,27,13,4,1,0,55,4,37,9,2
"5.28.22",41,0,0,16,0,0,32,0,8,32,1,6,5,1,0,3,2,0,0,9,34,0,4,5,0,0,45,3,4,0,10,0,32,42,0,25,0,40,21,11,25,1,16,12,6,0,2,11,12,14,1,1,0,37,1,23,8,1
"5.29.22",26,0,0,16,0,1,24,2,1,31,0,10,10,2,0,1,0,0,0,3,30,0,0,6,0,1,32,1,2,0,13,1,28,20,0,27,0,21,15,3,27,10,27,8,5,1,4,10,11,7,2,3,0,33,1,20,7,2
"5.30.22",3299,0,48,190,33,3,2196,23,238,1137,11,125,136,10,0,199,68,0,12524,165,471,0,81,251,4,5,384,205,127,0,537,21,2504,2485,110,2127,0,2029,906,410,1833,592,4558,329,86,2,39,652,825,555,89,36,4,417,80,1220,358,96
"5.31.22",87,2,1,23,0,1,136,1,19,75,3,28,27,1,845,1,9,34,2126,40,42,36,18,37,2,0,88,8,5,3604,29,3,78,158,8,36,5314,53,41,71,52,34,88,10,7,0,12,56,44,31,6,4,0,89,4,52,10,4
"6.1.22",54,0,6,18,0,1,95,2,20,69,2,20,24,2,0,6,4,0,4385,20,35,39,17,23,0,0,66,3,2,0,30,1,62,141,5,35,0,42,43,65,42,23,77,20,11,1,6,24,39,24,6,5,0,59,3,49,11,6
"6.2.22",1788,0,36,84,26,8,1089,19,126,633,5,85,272,11,0,110,45,0,4957,87,265,6,62,139,5,3,299,116,44,0,261,22,1502,1436,73,1576,0,1438,480,267,1045,395,2841,202,28,0,22,393,368,243,64,21,5,253,31,577,201,69
"6.3.22",64,0,2,16,1,0,92,1,12,55,3,21,11,3,767,5,2,34,4986,13,27,27,8,10,0,0,64,3,5,3265,25,0,58,104,2,46,4232,49,33,35,52,15,120,11,7,0,9,10,26,27,6,7,0,66,2,34,10,7
"6.4.22",30,0,2,10,0,2,29,3,3,33,2,5,10,0,0,0,3,0,0,9,35,0,1,3,0,0,47,8,1,0,16,1,30,35,4,35,0,32,19,9,12,2,47,13,1,0,1,11,9,17,1,1,0,35,3,25,14,2
"6.5.22",24,0,2,5,0,5,40,0,4,17,1,6,12,1,0,0,6,0,0,4,41,0,1,9,1,0,35,2,1,0,17,1,25,29,3,29,0,21,37,6,28,21,41,13,3,0,6,17,14,14,3,1,0,42,3,17,5,4
"6.6.22",3940,0,46,269,45,11,2782,27,246,1521,32,187,270,18,0,230,98,0,14324,236,492,20,168,358,2,9,693,319,195,0,556,12,3163,3234,168,2768,0,2137,1314,562,2081,855,5049,433,133,0,30,968,1155,819,138,47,7,568,97,1195,413,99
"6.7.22",48,0,2,14,0,4,83,1,12,70,2,13,32,3,1139,3,6,42,3644,28,37,24,11,24,2,1,65,9,4,4384,32,1,50,103,4,42,6018,22,31,33,37,18,84,12,12,0,10,20,28,23,6,2,0,55,1,43,11,7
"6.8.22",43,0,3,25,2,3,53,3,11,66,0,16,33,8,0,4,6,0,6139,16,27,7,31,16,2,2,54,7,6,0,32,1,51,102,4,28,0,22,37,45,55,13,80,7,7,0,4,17,32,23,2,4,0,50,2,44,9,1
"6.9.22",2502,0,53,234,40,13,1909,24,173,1041,12,124,237,6,0,161,47,0,4792,172,272,11,98,228,6,8,378,211,86,0,369,23,2122,1931,100,2400,0,1344,965,401,1199,441,3521,429,100,0,26,922,608,504,83,38,3,430,48,883,254,103
"6.10.22",50,1,3,11,0,2,45,3,10,46,2,11,17,5,919,3,2,34,6144,14,25,14,2,9,0,2,69,2,1,4299,13,0,40,88,2,33,5349,30,20,29,27,5,67,10,10,0,14,14,19,14,0,1,0,36,3,34,15,3
"6.11.22",23,0,1,14,1,1,31,1,3,23,3,7,3,3,0,1,1,0,0,8,27,0,8,5,0,1,40,1,1,0,18,0,29,23,1,31,0,38,16,7,13,4,34,10,9,0,6,14,23,13,2,1,0,21,2,34,8,3
"6.12.22",22,0,0,16,1,1,35,0,2,20,0,8,14,2,0,1,3,0,0,2,34,0,4,4,0,0,32,4,2,0,9,0,29,35,3,23,0,20,19,10,23,14,37,14,6,0,8,10,25,21,1,0,0,28,1,32,7,4
"6.13.22",2946,0,104,266,47,11,2061,45,205,1477,26,176,288,12,0,197,102,0,12894,235,458,23,113,338,5,9,524,325,124,0,521,14,3096,2749,127,2993,0,1936,1171,436,1599,548,4135,552,129,0,28,860,847,718,130,54,4,526,79,1117,559,108
"6.14.22",52,0,2,25,0,3,67,4,12,56,4,24,44,5,989,4,1,37,3227,18,28,12,16,28,0,0,51,4,3,3872,22,1,35,69,6,31,5733,18,37,52,22,13,51,7,7,0,8,24,19,22,4,3,0,47,3,52,12,4
"6.15.22",44,0,5,16,1,1,59,3,8,62,3,17,30,1,0,2,1,0,5654,9,11,9,13,25,1,1,46,1,5,0,15,0,35,83,2,44,0,28,36,48,14,16,44,11,8,0,6,22,14,30,4,1,0,44,4,38,11,3
"6.16.22",1086,0,13,98,18,6,819,10,87,492,11,74,101,5,0,75,20,0,4461,100,193,17,48,151,0,7,235,110,31,0,172,18,1228,900,39,1638,0,753,391,269,618,203,1660,153,56,1,26,295,289,344,58,24,5,148,28,518,394,37
"6.17.22",47,0,5,16,2,1,51,1,12,62,1,14,29,3,1267,3,0,25,5074,10,13,7,10,19,0,1,55,3,5,2807,23,1,44,34,3,38,4893,40,20,20,16,14,48,12,11,0,9,12,17,20,2,2,3,41,4,45,11,4
"6.18.22",14,0,0,10,0,5,25,0,4,28,6,4,12,6,0,1,1,0,0,6,13,0,4,5,0,0,30,3,5,0,12,1,36,21,0,31,0,33,11,6,19,12,32,5,8,0,0,12,17,11,6,3,0,31,1,21,13,3
"6.19.22",20,0,4,11,0,0,28,1,3,18,1,7,13,1,0,1,2,0,0,6,10,0,3,10,0,0,28,1,1,0,14,0,15,24,7,22,0,19,9,9,22,10,46,10,3,0,4,9,18,18,3,4,0,40,3,23,5,0
"6.20.22",3536,0,77,306,53,14,2426,63,250,1984,32,251,449,14,0,329,109,0,12033,301,483,0,124,416,2,8,766,279,154,0,507,19,3873,2944,145,3628,0,2354,1352,467,1935,686,5103,678,150,2,45,993,1066,805,156,61,3,780,109,1427,567,129
"6.21.22",62,0,2,14,0,1,68,4,19,65,3,17,33,5,1227,2,2,34,2277,18,23,33,5,26,1,3,65,3,9,5039,13,0,68,72,6,38,0,39,46,48,25,25,61,7,12,1,12,22,26,27,19,3,0,62,0,40,18,6
"6.22.22",37,0,3,12,1,2,49,2,7,67,2,13,35,6,0,1,3,0,5535,11,12,13,9,32,1,1,42,1,3,0,12,1,60,48,3,47,0,32,30,45,20,14,49,8,18,0,8,18,24,28,2,0,0,59,6,55,12,1
"6.23.22",2563,0,87,221,38,11,1753,32,187,1044,22,143,294,7,0,219,51,0,5552,199,298,33,112,312,8,5,566,164,69,0,348,21,2266,1766,67,2575,0,1426,835,330,1197,455,3393,362,150,0,36,786,639,536,85,47,10,500,98,840,254,86
"6.24.22",62,0,1,19,1,2,94,2,12,62,9,4,53,3,1433,3,0,41,6081,15,24,9,4,16,0,1,53,1,0,4716,21,2,49,45,2,34,9584,33,27,32,35,28,48,12,12,0,7,41,20,31,0,3,0,69,12,37,11,6
"6.25.22",34,0,2,14,1,3,26,2,4,36,0,5,30,4,0,4,0,0,0,6,12,0,3,9,0,1,26,1,6,0,12,0,44,23,2,25,0,27,26,5,13,3,53,11,9,0,1,14,17,25,1,6,0,57,6,29,9,0
"6.26.22",15,0,1,22,0,0,43,3,6,26,2,11,25,4,0,0,1,0,0,3,7,0,5,3,0,0,29,4,4,0,20,0,42,28,1,28,0,18,15,10,21,13,28,3,14,0,3,21,11,19,1,5,2,38,3,29,6,1
"6.27.22",3272,0,72,270,47,12,1952,90,261,1688,17,188,464,28,0,252,79,0,13628,255,439,27,118,352,5,5,497,234,104,0,483,26,3298,2453,113,2957,0,1862,1074,362,1608,694,4120,567,203,0,36,765,909,722,104,57,14,600,98,1209,492,97
"6.28.22",55,0,2,20,0,2,64,6,18,70,7,12,66,9,1461,3,5,23,3757,12,13,19,6,35,1,0,61,3,14,4190,23,1,66,52,3,47,6059,26,42,37,34,14,54,8,18,0,7,32,19,20,3,2,2,87,8,62,8,3
"6.29.22",37,0,1,18,0,1,63,2,11,57,5,7,77,6,0,5,2,0,6497,17,7,12,12,18,1,2,47,3,4,0,9,1,47,63,1,46,0,24,36,37,25,17,58,8,13,0,6,18,16,22,2,4,2,74,6,79,6,4
"6.30.22",2425,0,38,211,41,20,1678,63,231,1278,21,115,316,23,0,233,51,0,5689,193,262,11,97,372,8,20,551,205,111,0,371,29,3071,1985,126,3230,0,1486,930,334,1299,542,3690,339,190,0,35,1481,537,628,104,55,12,484,123,1038,361,88
"7.1.22",56,0,3,17,1,2,71,3,10,49,0,6,32,0,0,3,3,38,7246,27,7,3,6,17,1,1,63,6,7,4739,28,1,70,39,3,42,6351,30,31,28,31,12,45,14,19,0,7,32,21,27,2,3,2,75,6,75,17,6
"7.2.22",31,0,2,18,0,0,43,2,8,55,0,9,27,6,0,4,1,0,0,14,13,0,4,4,1,1,31,0,5,0,20,0,53,23,1,34,0,39,33,12,16,9,36,13,10,0,2,17,19,31,0,2,0,42,7,36,15,0
"7.3.22",27,0,1,13,0,2,52,0,4,37,1,4,21,2,0,0,2,0,0,4,17,0,0,9,1,0,38,0,6,0,14,0,45,25,9,35,0,24,26,14,19,11,30,11,11,0,1,16,8,17,0,1,1,41,9,25,7,0
"7.4.22",2909,0,61,214,37,15,1987,81,195,1564,14,101,455,23,0,300,64,0,15316,219,392,0,77,332,1,11,481,207,121,0,521,22,4214,2172,137,4061,0,1753,1117,419,1549,716,3954,571,174,7,35,750,657,723,155,67,10,604,77,1322,421,110
"7.5.22",84,0,1,18,0,2,101,4,18,130,6,14,120,10,2649,4,2,14,2921,26,11,22,46,48,4,2,70,4,8,4573,30,1,95,98,5,75,5854,60,66,71,39,23,68,22,29,0,6,36,27,59,2,14,2,112,4,106,18,0
"7.6.22",57,0,4,21,1,2,76,5,9,87,1,11,98,10,0,14,3,0,4834,25,10,12,16,31,0,3,52,5,10,0,21,1,87,71,7,78,0,26,73,42,22,29,63,16,24,0,12,24,18,39,2,4,2,81,7,63,10,1
"7.7.22",2141,0,34,128,24,8,1273,45,129,982,9,80,461,21,0,170,26,0,5320,151,245,17,82,219,3,10,429,119,39,0,309,24,2056,1290,83,2043,0,1352,540,187,1005,369,2783,167,115,1,20,495,417,434,77,42,13,411,71,743,1001,74
"7.8.22",50,0,7,20,5,1,76,4,11,105,2,16,110,8,1468,4,0,17,0,16,11,9,5,33,3,2,63,8,5,4199,25,1,63,51,0,64,5275,53,51,32,9,15,51,14,17,1,5,13,19,36,2,9,1,93,5,81,13,2
"7.9.22",44,0,2,14,0,0,49,2,8,53,3,11,40,4,0,1,3,0,0,14,16,0,4,10,0,1,30,1,2,0,14,0,58,28,3,43,0,27,17,15,14,4,22,8,8,0,3,14,17,16,1,2,1,68,6,39,12,1
"7.10.22",24,0,2,14,1,1,59,0,5,41,0,10,53,1,0,2,1,0,0,8,11,0,10,5,4,0,49,3,4,0,8,2,55,21,1,51,0,21,29,19,15,10,28,9,10,0,2,15,6,33,0,9,1,58,2,47,14,0
"7.11.22",3454,0,56,262,51,28,2209,130,211,2287,29,191,592,33,0,419,91,0,24552,331,354,21,120,469,10,14,650,227,165,0,508,19,5410,2600,157,4952,0,1777,1386,537,1583,813,4207,686,196,0,31,861,775,994,167,90,23,924,148,1565,310,121
"7.12.22",61,0,6,19,2,3,60,10,11,83,2,19,111,4,1752,9,2,19,5117,45,9,6,14,35,2,1,66,0,2,5303,16,2,85,51,3,91,7511,28,47,32,33,13,58,14,30,0,7,18,20,33,7,7,1,105,2,88,15,3
"7.13.22",45,0,7,19,2,3,76,3,6,91,4,17,100,0,0,10,5,0,6542,15,9,11,24,32,3,0,88,3,7,0,15,1,95,47,6,88,0,24,58,30,19,17,42,9,19,0,2,25,28,37,2,7,0,100,4,100,8,13
"7.14.22",2455,0,50,253,50,11,1886,70,194,1629,18,177,621,24,0,303,63,0,8476,277,221,7,103,419,9,4,620,146,100,0,356,53,3953,1758,101,3622,0,1246,948,351,1103,560,3091,414,178,0,28,521,523,635,123,70,13,663,126,1125,266,111
"7.15.22",62,0,6,6,4,2,87,2,9,96,3,15,115,5,1658,11,2,6,8694,58,6,11,6,27,0,0,78,4,9,1412,21,1,74,47,4,78,1521,47,42,46,21,12,43,14,12,0,8,13,23,26,1,5,4,99,4,74,15,9
"7.16.22",35,1,1,5,4,2,51,3,3,65,3,12,42,5,0,7,3,44,0,19,11,0,5,12,0,1,27,1,2,4136,26,2,62,28,0,41,5666,40,45,12,17,7,29,12,7,0,2,12,9,12,1,8,0,85,3,39,11,0
"7.17.22",18,0,0,15,6,4,53,0,2,43,3,12,44,1,0,4,0,0,0,13,7,0,3,11,0,1,42,2,7,0,16,1,51,15,4,62,0,16,30,20,10,20,26,5,4,0,5,17,11,23,1,5,0,60,0,41,13,0
"7.18.22",2963,0,45,198,51,16,1796,223,181,2236,16,150,765,16,0,427,64,0,18626,320,331,14,109,399,0,11,558,178,87,0,401,27,4980,2035,103,4387,0,1432,1212,329,1251,749,3405,491,172,1,36,628,643,786,143,71,17,767,117,1341,264,104
"7.19.22",32,0,0,13,3,6,71,2,9,81,0,20,97,1,1342,8,6,30,4322,28,10,2,11,26,0,0,80,3,12,4584,16,1,110,58,5,72,7172,25,59,25,20,21,52,12,16,0,7,21,18,26,0,0,1,88,2,73,11,9
"7.20.22",24,0,4,14,0,4,57,1,9,91,1,14,90,2,0,19,8,0,6613,23,13,11,11,32,0,0,81,4,7,0,17,2,95,42,2,73,0,19,62,38,23,22,52,15,14,0,7,27,28,26,3,7,1,107,9,78,10,1
"7.21.22",1862,0,50,194,30,14,1407,47,104,1428,27,152,596,16,0,278,67,0,8627,263,201,16,110,376,31,6,542,144,59,0,274,32,3509,1501,86,3363,0,1037,880,221,1095,531,2717,395,175,1,23,461,444,613,98,55,12,586,126,1011,202,110
"7.22.22",47,0,2,20,2,2,58,0,3,84,0,23,96,7,1437,13,3,63,8064,22,4,10,6,25,0,1,75,0,6,4446,23,0,74,43,3,65,7116,52,48,30,15,20,38,15,14,0,6,8,14,0,2,11,0,72,3,90,13,3
"7.23.22",29,0,1,16,0,4,37,0,5,49,1,10,32,7,0,1,2,0,0,11,8,0,8,12,0,1,34,0,7,0,8,0,64,25,0,45,0,29,32,12,12,6,27,8,5,0,3,14,18,0,1,2,1,57,4,35,17,2
"7.24.22",17,0,0,7,0,0,30,1,2,58,2,13,21,1,0,3,1,0,0,6,10,0,7,15,0,0,21,1,2,0,10,0,40,18,9,43,0,16,23,11,14,31,25,12,6,0,2,6,10,0,0,3,1,69,0,35,8,4
"7.25.22",2550,0,45,180,43,10,1602,37,185,2016,18,140,463,26,0,326,71,0,15265,309,289,0,110,387,12,7,553,153,70,0,337,8,4161,2104,140,3916,0,1340,1001,293,1098,674,3441,508,144,0,52,578,602,638,127,72,9,723,81,1547,230,105
"7.26.22",59,0,3,15,1,3,82,1,14,105,3,20,88,6,980,9,2,5,3509,26,7,14,13,31,2,1,110,1,8,4923,6,1,79,63,2,57,6405,15,76,33,21,25,86,13,8,0,9,15,18,0,1,8,0,98,0,55,16,1
"7.27.22",40,0,4,17,2,0,56,0,5,96,4,14,81,2,0,2,2,0,7420,26,11,0,11,25,0,1,87,6,3,0,20,1,79,71,2,69,0,15,60,27,11,23,38,17,15,0,8,16,28,0,1,4,2,88,2,59,11,1
"7.28.22",1985,0,42,215,41,15,1448,0,125,1454,24,125,511,11,0,264,79,0,6954,231,224,0,121,428,1,9,526,131,53,0,271,18,3359,1444,70,3291,0,1010,914,224,811,524,2519,367,150,0,25,466,445,11,126,48,4,546,110,991,169,86
"7.29.22",48,0,1,13,1,0,54,0,5,75,4,11,64,2,1264,3,1,27,6221,9,5,17,11,40,0,1,75,2,6,4246,21,0,51,29,5,44,6173,30,48,20,13,31,33,12,15,0,6,11,26,551,5,9,1,98,2,40,12,9
"7.30.22",28,0,1,17,0,0,24,0,1,48,2,10,28,1,0,1,3,0,0,11,8,0,12,16,0,1,35,1,2,0,14,0,45,19,1,34,0,12,25,12,9,10,21,3,7,1,0,12,11,0,0,2,1,60,1,40,13,2
"7.31.22",19,0,5,9,1,0,41,0,4,43,1,12,28,4,0,0,1,0,0,5,2,0,4,7,0,1,47,3,4,0,13,0,29,11,3,43,0,10,30,13,18,19,19,7,1,0,2,13,7,0,1,3,0,65,0,33,3,0
"8.1.22",2590,0,23,238,52,14,1624,2,167,1985,15,148,492,15,0,401,72,0,13280,311,300,0,97,389,1,5,566,162,68,0,406,7,3927,2002,88,3478,0,1113,1114,313,1140,654,3037,450,199,2,27,588,585,0,136,65,3,768,80,1112,257,93
"8.2.22",38,0,2,14,1,9,54,0,5,83,1,16,59,4,1110,10,0,15,3313,31,24,18,9,31,0,2,75,4,5,3707,14,0,48,39,0,59,5907,14,42,14,12,25,30,12,10,0,6,19,11,788,1,6,1,78,0,44,15,4
"8.3.22",33,0,7,12,2,1,60,0,6,84,1,22,49,10,0,5,2,0,6636,23,8,0,14,40,0,2,70,3,0,0,13,0,51,48,4,51,0,14,45,27,6,26,35,7,11,0,4,22,13,0,0,3,2,85,2,42,5,5
"8.4.22",1636,0,31,160,26,20,1294,35,84,1201,20,123,363,16,0,233,49,0,4860,239,180,18,83,333,11,5,491,122,59,0,246,20,2522,1379,72,2663,0,867,767,268,762,457,2048,324,101,0,26,486,389,0,124,24,6,447,66,774,162,64
"8.5.22",43,0,4,15,1,0,40,1,3,51,3,11,54,1,1079,7,0,86,4841,41,28,0,6,38,0,0,63,1,6,3648,12,0,43,25,6,55,4780,29,40,22,7,21,31,1,13,0,6,11,10,545,2,5,1,60,2,37,8,1
"8.6.22",11,0,1,11,0,0,26,1,1,24,1,13,39,0,0,1,0,0,0,10,6,0,2,6,0,0,35,1,1,0,7,0,45,21,2,27,0,20,34,8,10,8,32,4,3,0,2,8,4,0,2,0,0,53,1,29,14,1
"8.7.22",12,0,2,10,1,3,19,0,3,22,1,8,28,1,0,0,1,0,0,6,5,0,1,5,0,0,45,1,1,0,7,0,39,9,2,36,0,10,36,5,7,12,21,7,10,0,2,6,7,0,0,4,0,43,1,22,8,1
"8.8.22",1872,0,24,187,36,5,1268,32,119,1462,11,117,407,11,0,282,61,0,10351,250,247,17,77,293,2,4,512,173,51,0,300,9,3184,1508,107,2882,0,806,958,336,888,589,2267,393,103,0,33,1329,493,0,102,36,4,668,78,954,177,84
"8.9.22",43,0,1,13,3,1,47,0,6,51,1,15,67,1,970,9,3,0,2379,23,12,1,10,29,0,0,81,1,7,0,10,1,52,39,3,58,0,17,42,22,11,16,27,3,8,0,3,14,9,0,0,2,1,86,1,49,6,2
"8.10.22",39,1,1,11,0,1,45,1,6,35,0,9,56,4,0,3,1,28,4499,11,4,0,9,30,1,1,67,2,2,2976,7,0,54,33,4,60,3978,19,42,23,15,29,24,9,3,0,4,11,6,665,1,9,1,83,0,33,12,10
"8.11.22",1384,0,31,178,23,4,1114,25,89,971,9,128,276,3,0,181,43,0,4292,181,133,13,63,258,2,5,370,90,46,0,248,14,2084,943,77,2008,0,629,721,211,656,402,1737,236,86,1,18,372,334,0,108,26,6,402,44,619,161,57
"8.12.22",30,0,3,12,1,1,30,1,7,45,1,9,45,5,1056,7,1,116,3939,25,7,0,2,35,0,0,54,1,2,3328,11,1,44,32,1,48,3882,17,32,24,9,20,24,4,12,0,4,14,6,661,0,0,1,87,2,34,4,3
"8.13.22",13,0,3,9,3,0,17,0,4,25,0,8,15,2,0,1,3,0,0,6,7,0,7,7,0,0,33,1,2,0,10,0,31,17,1,16,0,8,19,6,4,5,21,2,8,1,0,12,1,0,0,1,1,55,0,17,5,1
"8.14.22",15,0,0,11,1,0,23,0,1,29,2,9,17,1,0,0,0,0,0,7,3,9,3,6,0,1,36,1,2,0,6,0,32,11,5,26,0,6,22,5,12,13,21,5,4,0,3,9,0,0,0,1,0,56,4,14,2,2
"8.15.22",1278,0,25,157,25,15,1208,30,98,1210,11,89,247,7,0,207,62,0,9979,203,195,3,54,317,1,5,446,143,48,0,277,5,3158,1431,86,2754,0,727,866,228,700,514,1899,293,103,1,18,363,361,0,107,47,6,550,81,884,195,76
"8.16.22",33,0,0,18,1,1,32,1,3,66,1,21,36,2,1378,9,1,18,2645,39,6,0,5,48,0,0,66,0,1,2656,9,0,59,39,2,70,3148,5,38,18,6,22,31,5,10,0,4,15,7,499,2,7,2,110,0,61,3,5
"8.17.22",16,0,5,13,0,2,41,0,6,48,3,27,38,4,0,3,4,0,4660,21,5,8,13,43,0,1,69,1,3,0,8,0,48,35,3,68,0,6,30,7,13,20,25,5,9,0,5,18,8,0,6,5,0,117,0,49,5,6
"8.18.22",1077,0,33,125,21,4,806,16,81,844,12,89,150,17,0,163,44,0,3307,182,118,1,80,260,5,2,358,81,56,0,181,7,1919,1123,44,2056,0,573,697,172,494,380,1502,223,130,1,20,246,252,0,104,35,6,359,43,764,158,61
"8.19.22",34,0,1,14,0,4,30,1,3,57,1,27,41,5,1011,11,1,34,0,18,11,0,1,31,0,1,36,0,4,2846,4,0,48,59,3,50,3216,24,29,13,8,9,34,6,4,0,2,11,9,574,2,4,3,96,3,38,8,3
"8.20.22",27,0,0,11,0,1,11,0,4,23,0,10,15,4,0,7,2,0,0,4,6,0,8,5,0,0,30,2,1,0,8,0,30,28,2,16,0,17,23,2,5,4,16,5,0,0,0,7,3,0,1,6,0,52,1,20,3,0
"8.21.22",18,0,0,4,1,6,9,0,2,24,0,12,19,0,0,5,4,0,0,6,2,0,1,8,0,2,28,0,2,0,4,0,28,24,3,38,0,1,27,8,3,7,16,4,2,0,1,8,3,0,0,0,0,50,2,16,8,1
"8.22.22",1381,0,30,160,23,10,999,19,87,968,11,109,219,9,0,226,52,0,12119,200,135,19,68,290,2,6,358,69,72,0,203,5,2592,1336,50,2977,0,598,672,223,610,467,1793,294,90,3,21,287,367,0,93,27,4,544,57,815,103,69
"8.23.22",33,0,1,17,2,4,39,0,4,84,2,15,41,0,1147,8,3,24,2369,25,8,7,17,42,0,0,49,3,6,2190,7,0,69,84,1,68,2870,14,40,13,12,18,27,4,10,0,2,13,13,487,0,3,2,101,0,74,10,4
"8.24.22",27,0,1,20,4,4,30,0,3,59,1,12,19,7,0,5,1,0,3851,24,3,2,8,53,0,0,44,0,8,0,14,0,65,54,4,60,0,10,43,11,3,15,15,3,6,0,2,6,11,0,5,2,0,102,1,37,2,4
"8.25.22",1055,0,19,164,35,17,724,10,83,711,11,80,137,4,0,123,49,0,2972,146,118,0,85,273,2,0,294,68,30,0,170,16,1762,884,63,2388,0,478,536,156,374,275,1179,212,117,0,8,235,203,0,87,32,1,399,53,543,87,63
"8.26.22",28,2,0,9,0,2,20,0,5,50,1,10,28,7,997,8,2,6,3673,14,8,0,1,32,0,0,21,1,5,2336,7,0,48,45,1,35,2555,5,25,10,8,15,21,4,12,0,5,10,7,770,2,7,1,72,1,50,9,3
"8.27.22",7,0,2,12,0,0,7,0,1,37,2,2,13,7,0,2,1,0,0,6,2,0,2,8,0,0,15,0,2,0,11,0,36,20,0,26,0,6,17,4,7,6,13,4,4,0,0,11,0,0,1,2,0,48,0,15,4,0
"8.28.22",10,0,1,13,0,5,9,0,4,16,0,8,10,0,0,3,4,0,0,4,9,0,2,8,0,0,16,2,2,0,4,0,26,18,4,31,0,6,21,7,3,11,13,1,5,0,0,8,3,0,0,1,2,49,1,13,4,1
"8.29.22",1194,0,29,125,37,12,857,18,112,831,16,75,220,4,0,197,43,0,6371,198,147,19,39,233,0,0,231,58,58,0,233,10,2261,1175,58,2557,0,560,587,226,499,417,1382,232,85,1,14,326,329,0,100,32,5,511,62,658,74,82
"8.30.22",26,0,1,16,2,0,24,0,4,40,3,7,39,4,1211,4,1,18,2156,20,6,29,11,29,1,0,30,0,2,1636,12,0,57,57,2,38,2069,11,30,13,9,11,29,7,13,0,1,11,6,491,3,1,0,68,0,23,10,5
"8.31.22",20,0,0,15,2,2,19,0,3,99,1,4,35,3,0,4,2,0,3229,16,4,0,10,22,0,0,16,1,20,0,8,0,38,43,3,32,0,9,34,14,9,10,15,6,5,0,2,7,7,0,0,7,1,53,0,38,8,2
"9.1.22",846,0,28,147,19,0,880,7,69,740,15,70,138,6,0,129,45,0,2524,148,70,30,52,213,3,3,222,75,57,0,148,6,1518,863,42,2049,0,388,486,155,366,276,1046,180,74,1,17,289,208,0,72,41,4,291,46,487,87,60
"9.2.22",14,0,0,14,1,0,22,2,1,61,0,7,22,1,1216,2,2,24,2846,3,8,3,2,15,1,1,21,0,0,1912,7,0,40,41,1,33,2375,11,20,7,9,8,9,5,5,0,1,4,7,592,2,3,3,44,0,17,7,0
"9.3.22",6,0,0,12,0,0,11,1,1,22,0,3,13,1,0,3,1,0,0,4,10,0,1,3,0,0,17,0,2,0,6,0,14,8,0,16,0,16,18,1,3,2,14,2,3,0,0,5,2,0,0,2,0,23,1,13,4,3
"9.4.22",5,0,1,8,0,0,5,0,2,16,0,0,10,2,0,0,0,0,0,1,2,0,3,3,0,1,11,0,0,0,2,0,25,10,1,23,0,5,9,3,9,4,7,1,3,0,0,5,0,0,1,1,0,38,0,11,2,1
"9.5.22",870,0,23,125,16,8,692,7,53,706,6,73,89,10,0,169,40,0,5015,137,99,0,33,173,0,1,206,55,57,0,132,1,1628,854,33,1965,0,260,473,97,377,296,1152,199,69,0,25,212,232,0,57,50,6,289,34,503,90,50
"9.6.22",9,0,0,13,1,3,19,2,6,68,4,6,44,2,762,3,2,10,1415,22,0,12,11,31,1,3,21,3,5,1290,5,0,51,64,3,32,1728,7,15,17,8,5,18,4,13,0,0,18,7,309,2,1,1,59,1,36,8,2
"9.7.22",14,0,0,11,2,0,27,0,6,33,2,5,28,6,0,5,16,0,1782,5,4,21,7,17,0,1,17,0,4,0,2,0,34,40,0,16,0,12,13,2,10,5,15,0,23,0,4,12,3,0,0,3,0,37,0,17,11,1
"9.8.22",545,0,13,92,9,7,482,8,49,435,6,38,193,16,0,62,17,0,1677,66,97,2,46,127,4,4,102,56,25,0,119,7,1251,481,68,1961,0,136,350,24,279,180,689,71,64,0,8,183,392,0,53,22,1,156,35,338,29,45
"9.9.22",11,0,0,10,1,0,18,0,2,23,0,4,21,2,860,2,0,3,2191,6,4,11,0,12,0,1,21,0,1,589,4,0,24,24,0,11,368,8,17,6,4,5,12,3,9,0,1,12,6,105,0,3,0,29,1,24,8,4
"9.10.22",8,1,0,5,0,1,11,0,2,11,0,5,8,8,0,0,1,13,0,2,1,0,4,2,0,0,9,0,0,749,3,0,14,13,0,9,1096,8,15,3,2,3,12,2,6,0,0,5,0,197,1,0,0,18,0,14,0,0
"9.11.22",6,0,1,1,0,0,10,0,1,11,1,4,11,0,0,0,0,0,0,3,5,0,2,3,1,0,4,0,0,0,2,0,11,10,0,15,0,3,8,2,8,2,11,2,3,0,0,3,0,0,0,0,0,13,0,14,3,1
"9.12.22",23,0,3,7,1,2,28,1,8,22,0,13,28,9,0,3,3,0,4495,7,2,8,6,11,1,0,18,1,4,0,7,0,30,63,4,18,0,14,21,14,5,4,16,4,8,0,6,6,6,0,1,3,0,32,0,24,3,3
"9.13.22",1045,0,19,115,11,11,938,27,67,633,8,78,191,9,0,146,36,0,1633,193,122,9,27,182,2,3,203,69,41,0,170,16,1635,910,57,2129,0,219,444,152,417,289,1225,226,123,0,32,253,257,0,84,33,3,289,49,622,98,60
"9.14.22",11,0,0,6,2,0,10,0,4,18,2,9,10,3,0,2,0,0,1763,8,4,2,4,3,0,0,12,0,2,0,4,0,24,35,0,19,0,6,10,8,3,7,12,2,4,0,1,9,2,0,1,1,0,30,0,16,5,1
"9.15.22",12,0,0,7,2,0,14,0,6,15,3,3,17,2,1871,4,1,7,1797,5,8,4,1,10,1,1,8,4,2,1455,3,0,29,41,0,16,1581,7,12,5,5,2,11,2,10,0,1,5,4,307,0,3,4,23,0,10,6,1
"9.16.22",13,0,0,5,3,0,18,0,2,10,1,8,15,3,0,0,1,3,2097,3,3,0,2,4,1,2,10,0,3,297,5,0,17,30,0,16,140,7,13,3,9,6,15,4,8,0,3,6,2,51,0,2,1,20,0,14,2,2
"9.17.22",13,0,0,3,0,0,7,0,2,9,0,0,5,2,0,0,0,0,0,0,3,0,1,2,0,0,3,1,0,0,5,0,18,7,0,9,0,6,4,1,4,2,10,0,4,0,0,3,0,0,0,1,0,18,0,11,5,0
"9.18.22",4,0,0,5,2,0,3,0,0,10,2,6,8,2,0,2,0,0,0,0,4,0,0,4,0,0,9,1,2,0,6,0,18,21,1,11,0,4,3,0,8,1,7,0,5,0,1,3,1,0,0,1,0,12,0,9,5,0
"9.19.22",15,0,0,11,3,0,11,0,3,25,0,8,22,1,0,4,3,0,3465,3,4,7,5,7,0,1,16,0,1,0,9,0,27,32,3,20,0,5,6,9,9,4,22,5,13,0,2,11,3,0,0,2,4,30,1,13,3,0
"9.20.22",1322,0,46,135,21,10,982,22,75,615,14,85,212,11,0,166,35,0,1540,133,125,0,41,150,0,7,150,116,39,0,224,23,1421,842,57,2782,0,171,452,240,557,278,1285,230,121,0,19,301,294,0,79,26,5,235,58,639,64,77
"9.21.22",13,0,0,10,0,0,13,0,4,13,1,3,11,3,0,1,0,0,1423,5,5,2,2,2,0,0,9,1,0,0,5,0,28,24,0,15,0,6,5,8,4,5,13,5,4,0,0,7,1,0,0,0,0,22,1,5,4,0
"9.22.22",13,0,0,9,1,0,9,0,3,12,1,2,10,3,1904,0,1,9,1554,0,0,2,1,0,0,0,9,0,0,1479,4,0,18,17,2,6,2889,9,6,7,1,2,8,4,5,0,1,3,6,359,0,0,0,17,3,7,6,0
"9.23.22",5,0,0,4,6,0,14,0,3,16,0,2,13,2,0,0,0,3,1619,0,2,0,0,2,0,1,9,1,1,318,6,0,8,20,1,15,274,6,8,2,3,3,15,11,6,0,1,5,1,329,0,2,0,16,1,7,6,3
"9.24.22",12,0,0,3,0,0,4,0,2,9,1,7,7,4,0,0,0,0,0,0,2,0,0,1,0,0,10,0,1,0,6,0,10,5,0,7,0,5,11,1,5,1,14,2,5,0,0,3,1,0,0,2,0,18,0,6,0,0
"9.25.22",7,0,1,2,0,1,4,0,4,7,0,1,6,0,0,0,1,0,0,3,0,0,1,0,1,0,5,1,3,0,6,0,10,9,0,10,0,6,7,1,9,0,13,3,2,0,0,1,3,0,0,1,0,17,0,7,2,1
"9.26.22",21,0,2,7,5,6,19,0,3,26,0,4,13,1,0,1,2,0,3162,5,0,1,7,7,0,2,11,1,0,0,13,0,19,37,0,22,0,5,17,8,9,1,21,8,9,0,1,4,3,0,0,0,0,22,1,13,5,1
"9.27.22",1024,0,34,99,25,9,1234,18,82,663,15,108,143,3,0,108,30,0,1315,46,184,5,39,246,1,3,183,78,64,0,200,13,1227,1186,38,1686,0,1602,446,114,672,257,1583,164,96,1,20,327,306,0,67,36,3,158,48,448,138,49
"9.28.22",14,0,2,5,0,0,9,0,2,9,0,5,6,2,0,0,1,0,1331,1,4,1,6,6,0,0,16,0,1,0,5,0,25,29,0,16,0,2,7,1,3,6,21,5,8,0,0,2,3,0,0,1,3,18,0,10,1,1
"9.29.22",16,0,0,8,0,0,13,0,2,17,0,3,7,0,1903,4,0,15,1485,1,1,3,4,6,1,0,8,2,13,1562,3,0,18,24,3,20,2205,4,3,8,7,5,9,1,5,0,1,2,6,249,1,0,2,9,0,3,3,3
"9.30.22",15,0,1,5,1,0,10,0,5,9,0,2,12,2,0,1,0,6,1865,3,4,0,0,1,0,0,7,0,3,438,9,1,12,20,1,12,231,12,9,6,2,3,11,6,6,0,1,5,2,167,0,1,3,20,0,9,2,0
"10.1.22",6,0,0,2,0,1,2,0,4,8,0,3,8,2,0,0,0,0,0,1,1,0,4,0,0,0,6,0,0,0,6,0,12,6,0,13,0,6,3,3,4,0,12,2,4,0,0,3,2,0,0,0,0,13,0,5,0,0
"10.2.22",3,0,0,7,1,2,3,0,0,2,0,1,10,0,0,0,0,0,0,0,0,0,4,2,0,0,7,0,1,0,2,0,14,9,3,12,0,6,6,3,2,2,3,6,4,0,2,2,2,0,0,1,0,14,0,8,2,1
"10.3.22",14,0,0,2,1,0,12,0,1,13,0,9,23,2,0,1,0,0,2441,3,5,0,3,4,0,0,13,2,0,0,3,1,19,33,0,28,0,6,4,9,4,7,19,7,3,0,1,7,3,0,0,6,0,19,0,19,5,2
"10.4.22",1136,0,12,79,14,13,868,12,84,613,1,89,122,9,0,98,34,0,1149,79,189,0,48,122,3,4,135,87,68,0,200,24,1085,858,36,2127,0,463,386,165,625,260,1441,234,60,1,14,340,322,0,61,39,3,217,42,523,148,38
"10.5.22",14,0,0,2,2,0,7,0,1,6,0,1,15,2,0,1,0,0,1040,2,0,0,6,2,0,1,5,0,0,0,4,1,16,29,1,8,0,3,7,9,2,2,7,2,5,0,0,2,3,0,1,2,0,10,0,5,3,2
"10.6.22",10,0,0,3,0,0,11,0,0,6,1,5,14,3,1561,1,1,0,1799,3,4,0,5,3,0,0,5,0,0,0,3,1,18,12,0,10,0,6,10,5,1,3,7,0,7,0,2,4,0,0,1,1,0,22,0,3,2,3
"10.7.22",11,1,0,5,1,0,4,0,2,6,1,8,8,1,0,2,0,5,1321,0,2,0,1,1,0,0,9,0,1,1865,2,0,10,16,1,11,3300,2,7,4,2,2,8,3,6,0,0,4,1,418,0,1,2,5,1,10,2,0
"10.8.22",3,0,0,2,0,1,1,1,2,3,1,7,6,2,0,0,0,0,0,2,2,0,1,2,0,0,4,0,4,0,4,0,12,9,0,5,0,7,1,1,1,1,7,1,3,0,1,4,1,0,0,2,0,13,0,5,4,0
"10.9.22",9,0,1,6,0,0,3,0,1,3,0,6,6,2,0,0,0,0,0,0,6,0,3,1,0,0,2,0,1,0,3,0,14,2,0,8,0,4,5,1,3,2,11,0,5,0,1,6,0,0,0,1,0,6,0,4,1,0
"10.10.22",22,0,0,1,0,0,13,0,0,11,1,6,20,2,0,1,0,0,0,2,6,4,0,5,0,0,10,1,2,0,3,0,12,20,0,9,0,3,5,7,3,4,15,2,7,0,1,2,1,0,1,0,0,20,0,5,3,0
"10.11.22",1001,0,14,116,13,11,775,8,55,418,22,87,176,5,0,73,20,0,3162,53,192,0,34,96,6,1,75,68,35,0,139,14,1099,786,35,1325,0,543,287,107,534,237,1150,218,73,0,16,251,263,0,31,21,6,133,28,426,77,20
"10.12.22",8,0,0,0,1,0,5,0,0,13,1,10,18,1,0,5,2,0,833,1,4,0,2,1,0,1,8,1,2,0,2,1,10,18,1,9,0,1,5,12,4,2,9,2,10,0,2,2,4,0,0,3,1,12,0,6,6,0
"10.13.22",16,0,0,1,0,0,10,0,1,9,0,4,9,1,802,3,0,3,1511,2,3,0,2,4,0,1,10,0,1,1517,4,1,22,21,2,11,1902,1,5,4,2,1,9,0,7,0,3,3,1,156,0,1,2,21,0,2,4,2
"10.14.22",16,0,0,5,0,0,9,0,3,8,0,7,12,0,0,0,1,1,1185,3,4,0,0,4,0,1,11,1,2,323,4,0,16,15,0,6,70,3,7,10,1,4,4,2,5,0,3,6,0,14,0,1,1,13,0,6,6,0
"10.15.22",12,0,0,4,0,0,3,0,2,4,2,4,6,2,0,0,0,0,0,6,1,0,1,1,0,0,4,0,2,0,4,0,10,5,0,13,0,4,4,2,0,0,8,1,0,0,0,3,1,0,0,1,0,5,0,1,5,0
"10.16.22",12,0,0,4,0,0,2,0,0,2,0,8,6,0,0,0,0,0,0,0,2,0,0,1,1,0,10,0,2,0,1,0,16,7,1,7,0,1,2,3,6,2,6,5,2,0,2,6,0,0,0,0,0,12,0,6,2,1
"10.17.22",18,0,0,6,1,0,2,0,4,18,0,14,16,3,0,1,0,0,1570,2,1,0,2,1,0,0,11,0,2,0,5,0,28,27,1,7,0,10,7,3,2,2,14,4,9,0,0,1,6,0,4,1,0,13,0,7,11,0
"10.18.22",855,0,12,42,18,2,832,10,72,490,11,77,136,6,0,73,33,0,0,44,146,0,37,117,1,6,98,70,36,0,133,11,1122,778,29,988,0,488,376,90,540,197,1237,277,66,0,14,277,241,0,36,24,0,145,41,382,119,35
"10.19.22",14,0,2,0,1,2,4,0,5,13,0,3,16,3,0,2,0,0,2290,2,2,0,0,7,0,0,8,0,0,0,3,0,17,20,3,20,0,2,13,2,4,3,19,3,4,0,2,5,7,0,0,3,3,18,0,11,3,0
"10.20.22",12,1,1,3,0,0,16,0,2,15,0,10,11,2,542,0,1,7,1222,1,1,0,2,3,0,1,7,1,2,1109,5,0,22,15,0,6,1608,6,10,1,8,2,11,1,14,0,3,2,3,229,0,2,0,20,0,13,8,1
"10.21.22",5,0,0,2,1,1,4,1,2,8,0,6,11,3,0,2,0,0,998,0,1,17,1,0,1,0,13,0,6,177,4,0,19,19,1,17,236,6,8,5,2,2,15,1,15,0,0,3,0,28,0,4,0,6,0,9,4,0
"10.22.22",6,0,0,5,0,0,9,0,2,5,1,3,6,0,0,0,0,0,0,3,2,0,0,1,0,0,2,0,1,0,5,0,13,7,1,8,0,4,4,0,3,0,9,0,7,0,0,1,2,0,0,0,1,6,0,3,1,0
"10.23.22",6,0,0,5,0,1,7,0,1,4,0,2,7,2,0,1,1,0,0,1,4,0,0,0,0,0,9,0,0,0,5,0,18,11,0,6,0,3,7,1,3,3,10,0,4,0,0,0,1,0,0,2,0,11,0,5,0,1
"10.24.22",19,0,0,2,0,2,12,0,2,14,2,7,18,0,0,3,0,0,4175,2,2,0,1,4,0,1,15,0,2,0,4,1,19,25,1,17,0,8,12,8,3,3,23,3,11,0,3,4,4,0,0,0,3,24,1,13,11,1
"10.25.22",1092,0,14,103,21,6,683,5,71,443,10,93,111,6,0,110,21,0,1078,52,128,0,48,167,1,4,165,53,48,0,159,15,912,709,34,783,0,445,357,110,461,167,1116,295,97,3,9,236,256,0,32,35,3,122,32,324,94,40
"10.26.22",17,0,0,0,0,0,8,0,2,15,0,3,7,1,0,1,0,0,1263,4,2,0,1,3,1,1,12,1,3,0,4,0,13,39,2,10,0,11,7,3,2,6,10,4,6,0,4,6,1,0,0,1,4,17,0,11,9,0
"10.27.22",16,0,0,8,1,0,5,0,1,20,1,7,11,2,692,0,0,11,1171,2,2,0,2,4,0,0,11,0,8,1218,6,0,24,21,0,9,1586,4,12,2,5,5,19,1,5,0,1,1,5,200,0,0,2,17,0,7,3,0
"10.28.22",14,0,0,4,1,0,7,0,0,5,0,0,12,0,0,1,1,0,1172,3,0,18,1,5,0,0,16,2,3,156,5,0,24,19,0,10,275,10,9,2,3,1,10,3,7,0,1,2,0,37,1,0,3,22,0,7,2,1
"10.29.22",5,0,1,3,0,0,4,0,2,7,2,1,8,0,0,0,0,0,0,3,0,0,3,2,0,0,9,0,1,0,2,0,13,8,0,7,0,5,4,1,3,0,10,2,5,0,2,1,0,0,1,1,1,10,0,7,0,1
"10.30.22",12,0,0,4,0,0,5,0,2,9,0,1,16,1,0,0,0,0,0,0,1,0,0,1,0,0,7,0,1,0,3,0,20,15,0,10,0,2,9,2,1,3,9,2,3,0,2,4,2,0,0,4,2,15,0,14,1,0
"10.31.22",24,0,1,11,0,0,9,0,4,16,0,7,25,1,0,1,0,0,2501,6,1,0,1,5,0,0,11,2,5,0,3,0,33,38,0,22,0,10,23,4,5,5,8,3,5,0,1,3,4,0,0,4,1,21,1,14,8,1
"11.1.22",1129,0,17,154,15,9,738,14,113,548,5,54,136,6,0,118,31,0,818,57,160,0,28,128,1,2,138,37,35,0,149,15,1001,781,40,1005,0,584,355,88,527,190,1194,188,68,0,21,315,219,0,45,27,15,129,16,351,86,50
"11.2.22",19,0,1,8,0,1,9,0,2,13,2,6,8,1,0,3,3,0,1386,10,2,0,6,8,1,1,11,1,3,0,10,0,33,27,1,13,0,10,5,3,3,6,12,1,17,0,2,4,4,0,0,5,0,20,0,14,1,0
"11.3.22",23,0,2,7,0,1,17,0,3,17,2,2,18,0,561,7,7,18,1224,3,2,0,1,5,2,0,9,0,5,1112,7,0,22,34,0,27,1763,4,12,7,8,6,13,1,14,0,7,6,2,292,0,5,3,16,0,10,2,0
"11.4.22",25,0,2,9,0,0,8,1,0,19,1,8,38,1,0,5,1,0,1434,2,0,0,1,4,0,0,15,2,2,188,4,0,37,30,0,17,314,5,15,2,1,4,17,2,14,0,2,7,0,37,1,4,1,22,1,12,2,0
"11.5.22",19,0,0,5,0,0,4,0,0,9,1,2,8,1,0,5,0,0,0,1,1,0,2,1,1,0,12,1,9,0,2,1,32,13,0,7,0,6,5,2,3,2,11,0,9,0,0,3,1,0,0,11,0,21,0,10,1,0
"11.6.22",10,0,0,3,0,0,3,0,4,11,1,2,13,0,0,3,0,0,0,2,0,0,1,2,0,1,10,1,4,0,4,1,24,17,0,10,0,5,7,0,4,2,15,1,9,0,2,2,5,0,0,2,0,19,0,9,5,1
"11.7.22",20,0,1,5,0,0,10,0,4,23,7,9,39,2,0,10,4,0,2958,7,3,14,3,11,0,2,22,0,14,0,5,0,38,47,0,33,0,13,11,3,7,10,27,4,20,0,1,6,2,0,1,15,0,34,0,22,11,1
"11.8.22",1222,0,26,91,14,2,764,3,92,491,15,75,195,16,0,106,33,0,1475,59,118,0,37,96,2,2,185,26,43,0,175,3,1277,862,27,1173,0,988,386,86,731,168,1330,152,83,1,13,292,174,0,67,43,1,230,55,368,170,41
"11.9.22",27,0,0,8,0,0,17,3,2,17,0,7,58,3,0,2,1,0,2669,4,7,0,0,5,0,2,9,0,3,0,5,0,38,41,1,39,0,14,10,3,3,3,18,2,16,0,4,7,1,0,0,1,1,29,0,9,6,1
"11.10.22",25,0,0,10,2,3,10,0,1,12,0,5,48,4,714,5,4,12,0,3,4,0,3,4,0,1,21,1,6,1075,6,0,24,39,1,18,2068,5,12,3,2,3,13,2,9,0,1,6,5,248,1,3,2,23,0,22,2,6
"11.11.22",11,0,0,4,2,2,5,0,1,12,0,4,33,2,0,1,1,0,0,6,0,0,1,2,0,0,29,1,2,199,6,0,41,17,0,23,369,9,10,2,5,6,22,5,4,0,1,3,1,27,0,3,0,39,1,14,1,1
"11.12.22",13,0,0,7,0,1,5,0,3,13,0,3,13,3,0,5,0,0,0,6,1,0,0,3,0,0,17,1,0,0,3,0,26,11,0,16,0,13,9,1,3,2,6,0,4,0,0,3,2,0,0,2,0,21,0,15,1,0
"11.13.22",16,0,0,10,1,1,2,0,2,11,0,7,12,0,0,5,0,0,0,0,1,0,0,2,0,0,24,0,1,0,4,0,38,13,0,19,0,9,8,3,9,3,16,3,4,0,1,6,4,0,0,7,1,15,0,11,3,2
"11.14.22",26,0,1,8,3,2,17,0,3,31,0,8,49,1,0,17,1,0,6115,13,1,15,11,9,3,0,34,1,13,0,3,0,64,53,1,36,0,12,16,1,4,11,21,3,11,0,2,3,4,0,2,4,2,38,0,14,3,2
"11.15.22",1760,0,28,130,22,7,1082,20,190,844,22,88,331,15,0,207,51,0,1569,95,193,0,45,213,9,8,275,102,72,0,493,6,1801,1632,61,1605,0,901,608,132,679,244,1854,300,113,0,28,518,312,0,105,42,10,288,78,517,142,59
"11.16.22",12,0,0,7,0,0,22,0,5,37,1,7,36,4,0,3,0,0,3140,3,3,0,4,8,0,0,33,1,6,0,8,0,51,38,0,33,0,13,16,5,6,5,15,5,14,0,0,7,6,0,1,5,0,42,0,12,6,2
"11.17.22",23,0,0,16,1,1,20,0,1,27,1,6,63,7,770,4,0,24,1932,6,5,0,2,6,0,0,24,3,3,1652,2,0,63,35,2,21,2212,11,12,5,6,10,19,2,7,0,1,6,2,330,0,14,1,36,0,22,7,0
"11.18.22",30,0,0,11,2,0,9,0,0,26,4,4,39,2,0,6,0,0,2217,4,4,0,0,3,0,0,25,1,4,169,6,0,48,34,2,34,214,19,40,3,2,3,25,2,9,0,0,4,1,8,0,2,3,30,0,21,5,2
"11.19.22",17,0,0,7,0,0,7,0,1,20,0,4,11,5,0,2,0,0,0,6,4,0,1,4,1,1,13,0,9,0,6,1,45,19,0,23,0,22,14,3,9,4,16,3,4,0,0,2,2,0,0,1,1,33,0,21,5,0
"11.20.22",20,0,0,10,2,0,3,0,1,21,0,6,8,4,0,2,0,0,0,1,0,0,5,4,0,0,13,2,3,0,5,0,54,10,0,28,0,4,28,4,6,5,16,2,7,0,0,5,1,0,0,1,0,22,1,15,2,0
"11.21.22",35,0,1,18,0,0,18,0,4,51,1,3,49,1,0,1,6,0,4869,5,4,44,3,7,0,0,28,3,8,0,3,0,81,30,1,53,0,21,22,4,16,11,29,4,12,0,1,9,2,0,1,0,3,43,1,24,10,0
"11.22.22",1821,0,25,156,40,12,1259,10,160,1103,37,108,332,31,0,303,65,0,1618,132,179,0,51,239,7,8,252,127,79,0,362,8,1918,1468,65,2036,0,825,826,157,717,302,2099,307,114,0,21,550,308,0,88,76,6,359,80,771,141,77
"11.23.22",41,0,0,9,1,0,21,0,5,40,5,11,95,2,0,2,2,0,3184,11,2,0,4,7,3,0,21,3,11,0,8,0,81,28,2,36,0,13,31,13,10,14,28,4,6,0,0,3,9,0,1,1,1,44,1,21,8,0
"11.24.22",13,2,0,11,0,0,4,0,1,23,1,2,6,1,0,1,0,48,0,3,2,0,3,4,0,0,8,0,1,1979,4,0,29,17,0,19,2772,3,20,0,5,2,17,0,2,0,0,2,0,448,0,1,0,20,0,8,3,1
"11.25.22",26,0,0,15,0,0,9,0,2,49,2,5,11,1,0,5,0,0,5209,8,1,0,3,5,0,0,14,0,4,197,11,0,87,23,1,52,237,17,33,5,5,2,16,1,6,0,0,3,2,64,0,3,1,33,2,38,2,0
"11.26.22",30,0,1,14,0,0,14,0,6,32,2,3,32,6,0,0,0,0,0,8,2,0,3,5,0,0,27,0,4,0,6,0,82,33,0,37,0,28,19,8,9,2,35,2,5,0,0,8,0,0,0,5,0,37,1,25,7,1
"11.27.22",27,0,1,12,0,1,13,1,0,28,6,8,16,2,0,1,1,0,0,9,6,0,0,8,0,1,18,0,7,0,8,0,70,33,0,51,0,9,34,3,10,9,36,3,5,0,0,7,4,0,1,7,0,58,1,23,5,0
"11.28.22",80,0,1,20,1,2,49,3,6,58,2,21,70,3,0,12,2,0,5388,18,14,0,12,26,0,1,31,2,11,0,19,1,139,88,3,107,0,31,75,21,22,26,51,6,15,0,2,16,2,0,1,18,0,77,2,49,7,3
"11.29.22",1470,0,18,152,25,10,1106,18,147,1057,23,105,348,38,0,191,39,0,2516,157,224,0,52,313,3,6,237,125,92,0,296,1,2325,1366,93,2345,0,898,747,152,723,356,2025,234,80,0,22,490,359,0,70,48,3,393,64,733,117,74
"11.30.22",57,0,0,19,0,4,20,0,3,60,1,17,88,5,0,3,0,0,4735,25,4,0,4,26,0,0,32,0,6,0,10,1,110,49,4,77,0,16,38,10,11,10,54,4,15,0,1,7,10,0,1,9,0,41,2,41,11,1
"12.1.22",40,0,0,26,1,1,19,1,3,47,6,11,91,3,1920,11,0,19,4456,5,6,0,5,23,1,0,20,0,5,2206,8,0,102,36,2,81,4,17,51,16,18,16,41,6,9,0,1,7,6,384,3,5,1,52,2,43,6,0
"12.2.22",50,1,0,15,3,4,20,0,7,55,3,5,100,4,0,3,0,0,4819,13,13,41,0,15,1,1,14,1,3,35,10,0,100,60,3,77,4498,28,25,14,8,7,43,7,8,0,1,5,13,0,1,5,1,56,0,31,5,0
"12.3.22",26,0,0,14,0,0,7,0,0,31,1,4,18,2,0,2,1,0,0,1,3,0,0,6,1,1,18,4,5,0,7,0,65,35,3,32,0,14,17,10,10,2,24,4,2,0,0,6,7,0,0,4,1,43,2,26,1,0
"12.4.22",34,0,0,10,0,0,17,1,2,22,0,11,22,1,0,2,1,0,0,3,5,0,1,12,1,0,17,0,2,0,1,1,61,21,3,47,0,7,23,5,9,6,37,11,3,0,0,9,2,0,0,3,0,34,3,20,7,1
"12.5.22",59,0,0,16,2,0,37,0,8,74,3,10,107,2,0,15,1,0,10040,10,9,0,4,38,0,0,25,9,12,0,13,2,125,72,0,74,0,36,34,14,15,9,58,11,24,0,1,6,7,0,11,1,0,61,1,43,9,2
"12.6.22",3293,0,46,278,52,20,2190,45,251,1878,21,138,699,38,0,337,62,0,3359,255,344,0,62,472,13,1,366,187,170,0,506,25,4545,2627,278,4921,0,1667,1365,259,1518,639,4554,618,157,0,38,740,588,0,109,104,4,664,110,1386,222,92
"12.7.22",40,0,1,11,2,0,30,0,2,52,5,10,68,4,0,5,0,0,5107,28,5,0,2,22,1,0,26,1,9,0,11,0,111,34,4,60,0,10,23,30,23,17,50,2,11,0,3,14,3,0,3,9,1,52,1,33,7,1
"12.8.22",45,0,0,15,1,0,30,0,4,51,0,15,71,25,1542,4,0,17,3425,4,6,0,5,33,0,0,28,4,9,4947,4,0,76,56,4,78,5729,13,30,20,10,8,38,10,11,0,0,7,2,686,0,3,1,35,0,25,2,2
"12.9.22",45,0,0,19,1,0,17,0,1,49,3,8,37,1,0,1,0,1,3735,3,9,42,1,12,0,0,28,1,2,158,6,0,79,65,0,52,869,23,22,15,7,3,39,3,4,0,1,5,4,38,3,3,2,52,0,36,4,3
"12.10.22",28,0,1,10,2,0,12,0,2,51,1,4,5,2,0,0,0,0,0,8,6,0,0,6,0,0,6,1,3,0,4,0,63,14,1,39,0,14,11,3,9,2,35,0,6,0,1,8,3,0,0,1,0,35,0,19,10,1
"12.11.22",29,0,0,8,2,0,8,0,0,14,1,8,7,4,0,0,0,0,0,3,4,0,1,7,0,0,14,0,2,0,5,0,57,16,2,42,0,3,20,6,8,10,20,4,3,0,0,6,0,0,0,1,0,24,1,20,10,5
"12.12.22",42,0,1,6,3,0,32,1,3,57,5,15,95,6,0,6,0,0,7783,10,4,0,9,27,0,1,24,6,8,0,11,0,127,69,0,58,0,23,34,21,14,26,51,3,21,0,3,6,10,0,1,8,1,47,1,41,10,4
"12.13.22",2862,0,42,213,33,13,1870,24,155,1523,22,120,505,29,0,292,62,0,2361,236,348,0,48,323,14,13,289,170,103,0,370,7,3684,2060,193,3752,0,1471,1357,206,1182,493,7504,505,142,1,0,659,546,0,114,106,4,515,107,962,232,88
"12.14.22",45,0,0,13,0,0,22,0,4,30,1,6,49,4,0,7,0,0,4237,14,3,0,9,6,2,0,24,0,14,0,9,0,69,47,2,45,0,8,33,15,11,8,30,5,12,0,0,6,7,0,1,4,3,50,0,34,7,2
"12.15.22",41,0,1,20,0,0,25,2,2,38,0,7,42,5,1519,3,2,14,3152,6,4,0,1,17,0,1,35,1,3,3475,7,1,81,39,1,59,4849,4,14,24,14,9,23,3,9,0,0,11,10,645,0,3,5,47,1,19,11,1
"12.16.22",51,0,0,19,2,0,15,0,6,49,2,7,29,2,0,5,0,1,3235,14,0,16,2,1,0,2,25,2,11,116,13,0,79,33,1,51,812,16,26,19,17,7,20,7,10,0,0,7,10,40,0,3,1,47,2,24,2,1
"12.17.22",24,0,0,9,1,0,15,0,0,26,2,5,11,4,0,1,1,0,0,4,1,0,0,7,0,0,11,0,3,0,5,0,57,18,1,42,0,19,12,4,11,1,27,3,4,0,0,7,4,0,0,1,0,29,0,19,2,0
"12.18.22",19,0,1,11,4,0,11,0,0,29,0,7,4,1,0,1,1,0,0,5,5,0,4,9,0,0,11,1,0,0,1,0,72,14,2,33,0,7,12,8,15,14,28,2,0,0,0,4,9,0,1,3,1,29,1,29,5,0
"12.19.22",50,0,0,20,5,0,23,1,6,51,2,24,48,2,0,3,0,0,6775,16,13,0,8,16,2,0,27,3,5,0,10,0,126,62,0,73,0,14,18,29,20,12,39,2,9,0,0,7,7,0,1,3,1,58,0,42,7,5
"12.20.22",2310,0,33,139,36,9,1691,27,135,1329,13,89,342,9,0,209,55,0,0,173,276,0,41,194,10,16,261,163,40,0,340,10,3242,1726,96,3211,0,1293,888,220,966,450,3006,410,71,0,0,609,493,0,70,26,6,443,101,872,82,74
"12.21.22",36,0,0,18,0,1,15,1,4,34,2,19,27,1,0,2,12,0,4000,9,4,0,6,13,0,4,23,1,11,0,9,1,88,30,2,49,0,9,20,10,15,11,41,5,3,0,0,6,10,0,1,4,4,27,4,51,10,1
"12.22.22",32,0,0,14,5,0,21,11,4,25,1,16,26,1,1699,2,0,9,3093,2,10,0,9,6,0,0,16,3,2,3258,14,0,92,40,7,76,4837,12,21,14,11,13,43,1,10,0,0,8,13,484,0,3,5,51,0,34,4,1
"12.23.22",32,1,0,13,0,0,8,1,0,36,0,8,12,1,0,0,0,35,2971,8,2,11,1,4,0,0,18,0,4,6662,5,0,76,19,6,72,665,24,10,23,8,16,24,8,5,0,0,10,4,427,2,0,1,38,0,34,4,2
"12.24.22",27,0,0,16,1,2,10,0,1,24,1,3,6,2,0,1,0,0,0,1,1,0,2,5,0,1,18,1,6,0,6,0,57,8,2,43,0,12,2,4,13,5,21,4,2,0,0,8,1,0,0,0,0,26,1,22,1,1
"12.25.22",12,0,0,8,1,0,3,0,1,2,0,7,7,0,0,1,1,0,0,0,3,0,0,5,0,0,11,0,1,0,1,2,39,8,0,27,0,2,5,7,2,5,13,0,3,0,0,3,2,0,0,1,0,23,1,15,2,0
"12.26.22",26,0,0,14,1,1,5,0,1,21,2,9,21,2,0,1,0,0,0,1,3,0,2,7,0,0,14,3,4,0,6,0,98,26,0,68,0,6,13,11,7,2,40,4,5,0,0,7,2,0,2,1,0,46,0,33,2,0
"12.27.22",1969,0,44,121,25,15,1519,33,140,1135,18,96,280,18,0,234,62,0,6958,165,236,0,89,246,4,10,205,164,87,0,349,9,2974,1607,106,2993,0,1072,784,246,797,511,2469,180,104,0,0,698,463,0,125,67,4,513,81,874,133,105
"12.28.22",31,0,0,9,0,0,17,3,3,40,1,20,17,11,0,0,0,0,2169,9,4,0,5,13,0,1,25,1,4,0,10,0,80,38,0,88,0,9,29,22,15,17,23,7,11,0,0,6,19,0,3,1,0,44,0,39,3,1
"12.29.22",25,0,0,6,0,1,26,0,1,22,2,12,36,1,0,3,1,21,3938,2,4,0,7,7,1,0,25,1,1,3235,14,0,81,31,4,65,4735,7,22,9,15,17,17,4,9,0,0,5,8,436,0,1,0,51,0,41,3,4
"12.30.22",35,0,0,13,1,0,9,0,4,30,1,10,16,2,0,0,0,4,3379,16,7,57,0,5,0,1,19,1,2,1013,5,0,86,24,2,44,561,14,18,20,7,7,19,8,7,0,0,12,9,79,3,2,0,34,0,39,5,2
"12.31.22",12,0,0,4,0,1,11,0,2,12,1,3,2,2,0,0,0,0,0,1,5,0,1,2,0,0,14,0,1,0,12,0,51,14,0,26,0,8,6,5,7,4,24,2,0,0,0,6,3,0,0,0,0,29,0,21,2,0
"1.1.23",14,0,0,4,0,1,3,0,2,3,3,4,1,0,0,0,0,0,0,1,0,0,1,2,0,0,11,0,2,0,6,0,45,13,0,24,0,6,5,2,7,6,24,3,1,0,0,5,3,0,0,0,0,24,0,14,2,0
"1.2.23",26,0,0,10,1,0,9,0,1,21,9,6,10,4,0,2,0,0,0,3,3,0,1,7,0,1,18,1,1,0,7,0,69,26,1,41,0,13,7,13,7,2,31,3,5,0,0,10,3,0,0,1,0,40,0,26,2,1
"1.3.23",1960,0,27,86,34,5,1408,37,147,1139,15,57,226,20,0,196,53,0,6903,169,210,0,82,244,9,11,251,133,72,0,314,11,3223,1579,85,3133,0,933,824,228,780,449,2463,212,141,1,0,662,439,0,102,71,11,519,85,1008,170,90
"1.4.23",26,0,0,4,1,0,11,2,2,23,3,3,17,1,0,0,0,0,2226,7,6,0,1,6,0,0,23,2,0,0,8,0,61,24,1,40,0,3,16,20,7,14,25,5,0,0,0,10,0,0,1,1,2,41,0,39,3,2
"1.5.23",27,0,1,14,1,3,17,0,0,16,3,3,17,3,2098,0,1,17,0,4,3,0,6,3,0,0,27,0,2,3311,3,0,55,39,0,31,4782,8,8,15,7,7,26,2,0,0,0,6,4,526,1,1,0,32,0,20,0,2
"1.6.23",16,0,0,7,0,0,4,0,0,16,1,7,13,1,0,0,2,0,6052,12,4,17,0,13,0,0,33,3,0,0,2,0,45,19,1,19,0,18,6,12,11,10,19,1,6,0,0,7,4,0,0,4,1,27,0,19,3,1
"1.7.23",10,0,1,4,0,0,6,0,1,14,0,4,2,2,0,0,0,0,0,5,2,0,0,2,0,1,21,4,1,0,1,0,31,4,4,17,0,6,5,5,7,3,16,5,2,0,0,3,4,0,0,1,3,17,0,7,2,0
"1.8.23",16,0,0,4,1,0,5,0,2,7,2,6,0,0,0,2,0,0,0,0,0,0,1,0,0,0,6,1,1,0,2,0,24,7,0,18,0,8,9,6,10,11,12,3,1,0,0,2,0,0,1,2,0,12,0,22,2,0
"1.9.23",21,0,1,6,0,2,13,0,0,14,0,10,9,1,0,2,0,0,5135,5,5,0,2,7,1,0,31,1,3,0,4,0,62,30,0,33,0,12,8,9,5,7,20,2,4,0,0,4,3,0,0,3,0,22,1,17,5,0
"1.10.23",1679,0,44,131,26,8,1376,20,145,1211,15,116,219,25,0,160,85,0,1411,163,242,0,102,286,6,15,288,145,83,0,309,7,2352,1152,85,2165,0,833,769,343,855,531,2053,210,98,1,0,464,428,0,84,65,2,698,128,959,257,61
"1.11.23",12,0,0,5,0,1,16,1,2,13,0,4,11,0,0,1,0,0,2588,3,2,0,2,6,0,1,24,0,1,0,3,0,31,25,0,23,0,5,4,12,6,10,14,7,1,0,0,4,2,0,0,1,0,21,0,14,2,1
"1.12.23",9,1,0,1,1,1,9,0,0,18,0,2,9,2,0,0,0,23,1693,2,2,0,2,3,0,0,13,0,1,2490,4,0,28,17,2,35,3417,7,4,7,3,5,7,4,0,0,0,4,3,400,1,2,0,20,2,11,3,3
"1.13.23",12,1,0,2,0,0,5,0,3,14,0,1,5,2,1307,3,1,10,1516,0,4,9,0,3,0,0,18,0,1,2426,1,0,37,21,0,19,1961,9,5,14,2,1,8,1,6,0,0,6,2,81,0,0,2,14,3,10,1,0
"1.14.23",8,0,0,5,0,0,2,0,0,7,0,6,4,2,0,0,0,0,0,0,3,0,0,0,0,0,6,1,1,0,0,0,15,5,1,8,0,2,1,0,5,1,3,0,1,0,0,6,0,0,0,1,0,15,0,5,2,0
"1.15.23",5,0,0,4,1,0,3,0,1,7,0,3,0,0,0,1,0,0,0,1,1,0,0,0,1,0,4,0,2,0,1,0,18,6,0,13,0,1,0,4,4,3,11,4,0,0,0,3,0,0,0,0,0,8,2,6,2,1
"1.16.23",3,0,0,3,0,0,2,1,0,18,0,3,13,4,0,0,0,0,0,0,3,0,0,1,0,0,11,0,2,0,1,0,22,9,0,15,0,6,4,2,5,2,5,1,1,0,0,3,0,0,0,1,0,23,0,10,0,0
"1.17.23",906,0,17,69,15,8,739,9,60,1094,2,33,139,8,0,152,23,0,0,82,111,0,28,163,4,5,129,65,31,0,181,2,1626,576,29,1123,0,519,396,100,401,244,1101,171,53,0,0,273,184,0,50,22,4,266,61,456,97,39
"1.18.23",10,0,1,3,0,0,8,0,2,12,0,3,2,7,0,3,0,0,4639,1,2,0,9,6,0,0,9,0,0,0,1,0,24,12,1,35,0,4,3,3,0,4,21,2,1,0,0,4,1,0,0,0,1,20,0,11,4,1
"1.19.23",10,0,0,7,0,0,4,7,0,14,0,6,2,3,1133,1,0,7,1466,0,1,0,5,0,0,0,16,1,1,1653,2,0,16,19,0,15,2312,2,4,8,3,13,8,3,2,0,0,0,4,258,2,3,0,28,0,10,1,0
"1.20.23",8,0,0,6,0,0,7,0,2,6,0,20,1,1,0,3,0,13,0,1,0,10,1,3,1,1,18,0,0,882,0,0,33,15,1,17,379,8,9,5,3,1,10,0,1,0,0,3,0,266,0,0,0,23,0,14,1,1
"1.21.23",3,0,1,1,0,0,1,1,1,6,1,6,2,0,0,0,0,0,0,0,0,0,0,2,0,0,19,0,0,0,0,0,19,3,0,10,0,12,4,2,1,2,6,0,3,0,0,3,0,0,0,1,0,12,0,4,1,0
"1.22.23",3,0,0,3,0,1,0,0,1,5,0,1,1,0,0,0,0,0,0,0,2,0,1,1,0,0,22,0,1,0,0,0,17,5,2,15,0,5,6,2,2,2,2,0,0,0,0,1,0,0,0,1,0,10,0,4,0,0
"1.23.23",7,0,0,3,0,0,14,0,0,25,0,9,6,1,0,3,1,0,0,2,2,0,1,9,0,0,30,0,3,0,1,0,37,23,0,36,0,11,11,6,7,11,16,6,5,0,0,4,3,0,2,3,0,35,0,11,1,0
"1.24.23",773,0,42,49,13,11,538,18,61,1289,5,29,134,7,0,121,31,0,4355,46,142,0,27,155,1,9,161,84,25,0,164,6,1066,687,28,1131,0,464,317,127,330,211,747,147,84,0,0,240,197,0,36,15,7,256,26,347,87,34
"1.25.23",4,0,0,3,0,0,18,0,0,14,0,1,6,2,0,10,1,0,1229,1,1,0,0,3,1,0,24,0,3,0,2,0,27,23,1,23,0,10,35,7,6,11,16,5,1,0,0,4,2,0,0,3,0,28,0,6,2,0
"1.26.23",10,0,1,6,0,0,5,0,1,18,0,2,5,2,1154,11,0,6,1176,1,1,0,3,5,0,0,23,0,0,1243,2,0,30,16,0,10,1824,3,10,4,3,10,7,3,2,0,0,5,3,193,0,0,0,24,0,6,1,2
"1.27.23",12,0,0,5,0,0,8,4,0,22,1,6,6,1,0,5,0,4,1214,1,1,17,4,3,0,0,30,0,9,515,6,0,27,21,0,27,410,5,3,3,3,5,7,6,2,0,0,4,3,100,0,1,0,33,0,10,2,3
"1.28.23",7,0,0,2,0,0,3,1,2,5,0,4,0,1,0,0,0,0,0,1,1,0,0,1,0,0,17,0,4,0,2,0,19,4,0,9,0,8,3,5,4,1,5,4,1,0,0,0,3,0,0,2,0,19,0,2,3,1
"1.29.23",12,0,0,5,0,0,4,0,0,7,0,2,2,1,0,0,1,0,0,1,1,0,1,0,0,0,17,0,6,0,1,0,25,9,1,10,0,1,1,1,6,6,6,1,1,0,0,2,1,0,0,0,0,18,0,7,3,0
"1.30.23",14,0,0,8,0,1,8,0,3,27,0,10,16,0,0,13,1,0,0,2,2,0,9,10,0,0,47,0,2,0,5,0,42,32,0,29,0,9,8,1,5,8,15,2,1,0,0,3,5,0,3,1,0,42,0,12,2,2
"1.31.23",921,0,26,57,21,6,814,27,43,1072,2,44,132,13,0,139,41,0,2927,74,106,0,28,182,0,2,173,80,33,0,166,3,1119,726,39,1086,0,637,336,167,652,243,1515,139,17,0,2,262,179,0,50,23,9,314,71,461,104,37
"2.1.23",16,0,1,6,0,0,12,3,5,23,1,4,6,4,0,3,1,0,1583,4,2,0,0,2,1,0,44,0,4,0,3,0,39,21,0,27,0,4,5,2,6,14,24,2,3,0,1,5,4,0,0,2,1,26,1,4,3,0
"2.2.23",6,0,0,8,0,1,11,2,2,15,1,7,13,4,920,0,2,7,1321,2,4,0,1,6,0,0,45,2,0,1380,2,0,29,9,3,23,2051,5,5,3,9,4,13,3,2,0,0,5,3,213,0,1,0,15,1,15,4,4
"2.3.23",12,0,2,10,0,0,6,1,2,14,0,9,5,3,0,2,1,3,1401,2,4,3,1,1,0,0,35,0,3,511,1,0,25,13,3,13,312,4,5,6,5,6,15,4,0,0,1,5,3,0,0,0,0,12,0,13,5,1
"2.4.23",8,0,0,6,0,0,3,0,1,6,0,2,5,2,0,0,0,0,0,0,0,0,0,0,0,0,16,0,1,0,3,0,12,7,1,20,0,3,5,0,3,0,6,5,0,0,0,0,5,0,1,1,0,15,0,6,1,0
"2.5.23",10,0,0,7,0,1,3,1,0,4,0,1,0,0,0,0,0,0,0,0,2,0,0,0,0,0,23,0,0,0,1,1,15,3,0,17,0,5,13,6,4,3,10,2,3,0,0,5,1,0,0,1,0,14,2,8,4,1
"2.6.23",14,0,0,8,0,1,10,2,3,17,0,11,20,3,0,1,0,0,2171,7,0,0,0,5,0,0,40,1,4,0,0,0,27,17,1,22,0,4,8,6,3,2,23,5,2,0,1,5,1,0,0,1,0,27,0,16,1,3
"2.7.23",1076,0,30,79,17,7,793,43,49,1294,9,57,133,11,0,140,29,0,0,75,127,0,38,202,1,5,264,112,37,0,186,3,1179,758,53,1131,0,724,364,175,539,249,1224,206,32,0,14,472,265,0,55,20,1,331,48,360,90,23
"2.8.23",11,0,0,10,0,0,12,0,3,33,2,4,4,3,0,1,0,0,0,10,0,0,0,1,0,0,30,0,3,0,2,0,33,14,1,26,0,0,13,2,2,4,10,4,6,0,0,4,6,0,0,1,0,23,0,12,1,3
"2.9.23",6,0,0,12,0,0,10,0,1,47,1,2,2,2,878,3,1,7,29,1,1,0,0,2,0,1,30,0,2,1508,2,0,19,13,4,15,2015,4,6,5,6,2,12,3,3,0,0,4,1,321,0,1,0,21,0,9,2,1
"2.10.23",12,0,0,10,0,0,7,0,0,7,3,3,7,2,0,1,0,0,1300,12,1,0,0,1,0,0,29,0,3,449,1,0,25,13,0,18,244,9,9,3,1,6,12,5,3,0,0,2,1,48,0,0,0,20,0,13,5,1
"2.11.23",11,0,0,1,0,0,7,0,0,4,2,2,1,0,0,1,0,0,0,2,1,10,0,2,0,0,19,0,1,0,0,0,21,4,0,6,0,3,15,2,1,1,7,0,0,0,0,1,1,0,0,1,0,10,1,5,5,1
"2.12.23",8,0,0,8,0,0,8,0,1,1,0,1,1,1,0,1,0,0,0,0,2,0,0,6,0,0,19,0,4,0,0,0,22,8,0,11,0,0,6,0,3,1,8,0,2,0,0,1,3,0,0,0,0,10,2,3,1,1
"2.13.23",13,0,1,9,0,0,13,0,0,7,0,1,18,4,0,1,0,0,0,14,1,0,1,3,0,0,24,0,4,0,1,0,27,11,0,15,0,3,14,0,2,5,10,2,3,0,1,7,3,0,0,1,0,18,0,13,2,1
"2.14.23",1203,0,25,87,18,13,680,100,73,680,15,150,166,8,0,103,25,0,0,77,158,0,41,219,1,1,255,103,44,0,162,2,1247,839,54,1148,0,580,519,154,556,241,1489,239,36,0,13,286,274,0,51,25,2,296,47,381,94,28
"2.15.23",8,0,0,2,3,0,13,0,2,10,2,5,17,0,0,1,0,0,0,8,1,0,0,1,1,0,24,3,2,0,2,0,36,8,0,25,0,7,7,2,4,3,14,1,1,0,1,2,4,0,0,0,0,25,0,9,7,2
"2.16.23",17,0,0,7,0,0,7,0,0,10,0,1,12,0,675,0,0,7,6047,4,0,0,0,4,0,0,27,0,1,1415,2,0,23,16,1,16,2247,3,4,4,0,5,9,4,2,0,1,4,2,290,0,0,0,13,3,5,5,0
"2.17.23",7,0,0,5,0,1,4,0,1,4,0,1,10,1,0,1,0,1,1183,7,1,5,1,5,1,0,27,0,3,610,3,0,12,29,0,12,122,3,5,2,4,1,5,3,0,0,0,2,1,53,0,2,0,27,0,6,3,1
"2.18.23",4,0,0,3,0,0,3,0,1,6,0,1,7,0,0,0,0,0,0,0,0,0,0,5,0,0,8,0,0,0,1,0,15,0,0,11,0,0,8,1,0,0,5,5,0,0,0,6,1,0,0,0,0,18,0,6,1,0
"2.19.23",3,0,1,3,0,0,4,0,0,0,1,0,0,0,0,0,0,0,0,0,2,0,0,3,0,0,15,0,0,0,2,0,12,1,3,10,0,1,3,2,4,2,3,2,1,0,0,2,0,0,0,0,0,8,2,2,0,0
"2.20.23",6,0,1,6,0,0,2,0,2,3,0,1,16,0,0,2,0,0,0,0,0,0,0,0,0,0,12,0,0,0,2,0,9,2,0,5,0,1,2,3,2,1,3,2,1,0,0,3,0,0,0,0,0,7,0,6,0,0
"2.21.23",1020,0,20,49,14,12,708,28,72,494,9,63,120,6,0,82,25,0,0,66,161,0,24,161,1,2,219,73,37,0,201,6,1041,738,33,1019,0,609,443,109,522,226,1295,163,32,0,15,258,255,0,55,20,2,254,31,314,92,23
"2.22.23",0,0,0,0,0,0,0,0,0,0,0,1,0,0,0,0,0,0,0,0,0,0,0,0,0,0,4,0,1,0,0,0,0,7,0,0,0,0,5,0,0,0,0,3,0,0,1,0,0,0,0,0,0,6,0,0,0,0
"2.23.23",0,0,0,1,0,0,0,0,0,1,0,0,0,0,741,0,0,2,5574,0,1,0,0,0,0,0,8,0,0,1340,0,0,0,6,0,0,1914,0,5,0,1,0,0,7,0,0,0,0,0,196,0,0,0,3,0,0,0,0
"2.24.23",0,0,0,0,0,0,0,0,0,0,0,0,0,0,0,0,0,0,922,0,0,8,0,0,0,0,7,0,0,591,0,0,0,0,0,0,153,0,0,0,0,0,0,0,0,0,0,0,0,60,0,0,0,2,0,0,0,1
"2.25.23",0,0,0,0,0,0,0,0,0,0,0,0,0,0,0,0,0,0,0,0,0,0,0,0,0,0,6,0,0,0,0,0,0,0,0,0,0,0,0,0,0,1,0,0,0,0,0,0,0,0,0,0,0,1,0,0,0,0
"2.26.23",0,0,0,0,0,0,0,0,0,0,0,0,0,0,0,0,0,0,0,0,0,0,0,0,0,0,0,0,0,0,0,0,0,0,0,0,0,2,2,0,1,0,0,0,0,0,0,0,0,0,0,0,0,2,0,1,0,0
"2.27.23",0,0,0,0,0,2,0,0,2,0,0,0,0,0,0,0,0,0,0,0,0,0,0,0,0,0,0,0,0,0,0,0,0,13,0,0,0,0,5,0,1,0,0,0,0,0,0,0,0,0,0,0,0,1,0,0,0,0
"2.28.23",1212,0,28,59,19,13,1159,10,53,511,6,20,149,5,0,59,19,0,0,61,152,0,27,124,1,5,191,84,21,0,181,5,1007,876,38,877,0,684,377,89,467,204,1260,128,27,0,14,302,249,0,40,13,2,244,42,294,98,34
"3.1.23",0,0,0,0,0,0,0,0,0,0,0,0,0,0,0,0,0,0,0,0,0,0,0,0,0,0,0,0,0,0,0,0,0,0,0,0,0,0,0,0,0,0,0,0,0,0,0,0,0,0,0,0,0,0,0,0,0,0
"3.2.23",0,0,0,0,0,0,0,0,0,0,0,0,0,0,566,0,0,2,6237,0,0,0,0,0,0,0,0,0,0,1382,0,0,0,0,0,0,1860,0,0,0,0,0,0,0,0,0,0,0,0,254,0,0,0,0,0,0,0,0
"3.3.23",0,0,0,0,0,0,0,0,0,0,0,0,0,0,0,0,0,0,1347,0,0,4,0,0,0,0,0,0,0,620,0,0,0,0,0,0,284,0,0,0,0,0,0,0,0,0,0,0,0,66,0,0,0,0,0,0,0,0
"3.4.23",0,0,0,0,0,0,0,0,0,0,0,0,0,0,0,0,0,0,0,0,0,0,0,0,0,0,0,0,0,0,0,0,0,0,0,0,0,0,0,0,0,0,0,0,0,0,0,0,0,0,0,0,0,0,0,0,0,0
"3.5.23",0,0,0,0,0,0,0,0,0,0,0,0,0,0,0,0,0,0,0,0,0,0,0,0,0,0,0,0,0,0,0,0,0,0,0,0,0,0,0,0,0,0,0,0,0,0,0,0,0,0,0,0,0,0,0,0,0,0
"3.6.23",0,0,0,0,0,0,0,0,0,0,0,0,0,0,0,0,0,0,0,0,0,0,0,0,0,0,0,0,0,0,0,0,0,0,0,0,0,0,0,0,0,0,0,0,0,0,0,0,0,0,0,0,0,0,0,0,0,0
"3.7.23",997,0,13,51,16,11,710,7,69,532,3,33,170,5,0,65,22,0,0,97,145,0,29,242,1,5,173,56,27,0,167,0,890,939,21,866,0,593,428,112,458,133,1188,178,41,0,5,334,227,0,40,17,2,247,43,269,69,40
"3.8.23",0,0,0,0,0,0,0,0,0,0,0,0,0,0,0,0,0,0,0,0,0,0,0,0,0,0,0,0,0,0,0,0,0,0,0,0,0,0,0,0,0,0,0,0,0,0,0,0,0,0,0,0,0,0,0,0,0,0
"3.9.23",2,0,0,0,0,5,1,0,0,13,1,1,1,0,697,0,0,5,5205,2,1,0,4,1,0,0,2,0,0,1045,0,0,4,3,2,27,1422,0,2,0,1,2,3,0,0,0,0,25,5,249,0,0,0,2,0,5,3,0
