"Date","Alameda","Alpine","Amador","Butte","Calaveras","Colusa","Contra Costa","Del Norte","El Dorado","Fresno","Glenn","Humboldt","Imperial","Inyo","Kern","Kings","Lake","Lassen","Los Angeles","Madera","Marin","Mariposa","Mendocino","Merced","Modoc","Mono","Monterey","Napa","Nevada","Orange","Placer","Plumas","Riverside","Sacramento","San Benito","San Bernardino","San Diego","San Francisco","San Joaquin","San Luis Obispo","San Mateo","Santa Barbara","Santa Clara","Santa Cruz","Shasta","Sierra","Siskiyou","Solano","Sonoma","Stanislaus","Sutter","Tehama","Trinity","Tulare","Tuolumne","Ventura","Yolo","Yuba"
"1.22.20",0,0,0,0,0,0,0,0,0,0,0,0,0,0,0,0,0,0,0,0,0,0,0,0,0,0,0,0,0,0,0,0,0,0,0,0,0,0,0,0,0,0,0,0,0,0,0,0,0,0,0,0,0,0,0,0,0,0
"1.23.20",0,0,0,0,0,0,0,0,0,0,0,0,0,0,0,0,0,0,0,0,0,0,0,0,0,0,0,0,0,0,0,0,0,0,0,0,0,0,0,0,0,0,0,0,0,0,0,0,0,0,0,0,0,0,0,0,0,0
"1.24.20",0,0,0,0,0,0,0,0,0,0,0,0,0,0,0,0,0,0,0,0,0,0,0,0,0,0,0,0,0,0,0,0,0,0,0,0,0,0,0,0,0,0,0,0,0,0,0,0,0,0,0,0,0,0,0,0,0,0
"1.25.20",0,0,0,0,0,0,0,0,0,0,0,0,0,0,0,0,0,0,0,0,0,0,0,0,0,0,0,0,0,0,0,0,0,0,0,0,0,0,0,0,0,0,0,0,0,0,0,0,0,0,0,0,0,0,0,0,0,0
"1.26.20",0,0,0,0,0,0,0,0,0,0,0,0,0,0,0,0,0,0,1,0,0,0,0,0,0,0,0,0,0,1,0,0,0,0,0,0,0,0,0,0,0,0,0,0,0,0,0,0,0,0,0,0,0,0,0,0,0,0
"1.27.20",0,0,0,0,0,0,0,0,0,0,0,0,0,0,0,0,0,0,1,0,0,0,0,0,0,0,0,0,0,1,0,0,0,0,0,0,0,0,0,0,0,0,0,0,0,0,0,0,0,0,0,0,0,0,0,0,0,0
"1.28.20",0,0,0,0,0,0,0,0,0,0,0,0,0,0,0,0,0,0,1,0,0,0,0,0,0,0,0,0,0,1,0,0,0,0,0,0,0,0,0,0,0,0,0,0,0,0,0,0,0,0,0,0,0,0,0,0,0,0
"1.29.20",0,0,0,0,0,0,0,0,0,0,0,0,0,0,0,0,0,0,1,0,0,0,0,0,0,0,0,0,0,1,0,0,0,0,0,0,0,0,0,0,0,0,0,0,0,0,0,0,0,0,0,0,0,0,0,0,0,0
"1.30.20",0,0,0,0,0,0,0,0,0,0,0,0,0,0,0,0,0,0,1,0,0,0,0,0,0,0,0,0,0,1,0,0,0,0,0,0,0,0,0,0,0,0,0,0,0,0,0,0,0,0,0,0,0,0,0,0,0,0
"1.31.20",0,0,0,0,0,0,0,0,0,0,0,0,0,0,0,0,0,0,1,0,0,0,0,0,0,0,0,0,0,1,0,0,0,0,0,0,0,0,0,0,0,0,1,0,0,0,0,0,0,0,0,0,0,0,0,0,0,0
"2.1.20",0,0,0,0,0,0,0,0,0,0,0,0,0,0,0,0,0,0,1,0,0,0,0,0,0,0,0,0,0,1,0,0,0,0,0,0,0,0,0,0,0,0,1,0,0,0,0,0,0,0,0,0,0,0,0,0,0,0
"2.2.20",0,0,0,0,0,0,0,0,0,0,0,0,0,0,0,0,0,0,1,0,0,0,0,0,0,0,0,0,0,1,0,0,0,0,0,0,0,0,0,0,0,0,1,0,0,0,0,0,0,0,0,0,0,0,0,0,0,0
"2.3.20",0,0,0,0,0,0,0,0,0,0,0,0,0,0,0,0,0,0,1,0,0,0,0,0,0,0,0,0,0,1,0,0,0,0,2,0,0,0,0,0,0,0,2,0,0,0,0,0,0,0,0,0,0,0,0,0,0,0
"2.4.20",0,0,0,0,0,0,0,0,0,0,0,0,0,0,0,0,0,0,1,0,0,0,0,0,0,0,0,0,0,1,0,0,0,0,2,0,0,0,0,0,0,0,2,0,0,0,0,0,0,0,0,0,0,0,0,0,0,0
"2.5.20",0,0,0,0,0,0,0,0,0,0,0,0,0,0,0,0,0,0,1,0,0,0,0,0,0,0,0,0,0,1,0,0,0,0,2,0,0,0,0,0,0,0,2,0,0,0,0,0,0,0,0,0,0,0,0,0,0,0
"2.6.20",0,0,0,0,0,0,0,0,0,0,0,0,0,0,0,0,0,0,1,0,0,0,0,0,0,0,0,0,0,1,0,0,0,0,2,0,0,0,0,0,0,0,2,0,0,0,0,0,0,0,0,0,0,0,0,0,0,0
"2.7.20",0,0,0,0,0,0,0,0,0,0,0,0,0,0,0,0,0,0,1,0,0,0,0,0,0,0,0,0,0,1,0,0,0,0,2,0,0,0,0,0,0,0,2,0,0,0,0,0,0,0,0,0,0,0,0,0,0,0
"2.8.20",0,0,0,0,0,0,0,0,0,0,0,0,0,0,0,0,0,0,1,0,0,0,0,0,0,0,0,0,0,1,0,0,0,0,2,0,0,0,0,0,0,0,2,0,0,0,0,0,0,0,0,0,0,0,0,0,0,0
"2.9.20",0,0,0,0,0,0,0,0,0,0,0,0,0,0,0,0,0,0,1,0,0,0,0,0,0,0,0,0,0,1,0,0,0,0,2,0,0,0,0,0,0,0,2,0,0,0,0,0,0,0,0,0,0,0,0,0,0,0
"2.10.20",0,0,0,0,0,0,0,0,0,0,0,0,0,0,0,0,0,0,1,0,0,0,0,0,0,0,0,0,0,1,0,0,0,0,2,0,0,0,0,0,0,0,2,0,0,0,0,0,0,0,0,0,0,0,0,0,0,0
"2.11.20",0,0,0,0,0,0,0,0,0,0,0,0,0,0,0,0,0,0,1,0,0,0,0,0,0,0,0,0,0,1,0,0,0,0,2,0,1,0,0,0,0,0,2,0,0,0,0,0,0,0,0,0,0,0,0,0,0,0
"2.12.20",0,0,0,0,0,0,0,0,0,0,0,0,0,0,0,0,0,0,1,0,0,0,0,0,0,0,0,0,0,1,0,0,0,0,2,0,1,0,0,0,0,0,2,0,0,0,0,0,0,0,0,0,0,0,0,0,0,0
"2.13.20",0,0,0,0,0,0,0,0,0,0,0,0,0,0,0,0,0,0,1,0,0,0,0,0,0,0,0,0,0,1,0,0,0,0,2,0,2,0,0,0,0,0,2,0,0,0,0,0,0,0,0,0,0,0,0,0,0,0
"2.14.20",0,0,0,0,0,0,0,0,0,0,0,0,0,0,0,0,0,0,1,0,0,0,0,0,0,0,0,0,0,1,0,0,0,0,2,0,2,0,0,0,0,0,2,0,0,0,0,0,0,0,0,0,0,0,0,0,0,0
"2.15.20",0,0,0,0,0,0,0,0,0,0,0,0,0,0,0,0,0,0,1,0,0,0,0,0,0,0,0,0,0,1,0,0,0,0,0,0,2,0,1,0,0,0,1,0,0,0,0,0,0,2,0,0,0,0,0,0,0,0
"2.16.20",0,0,0,0,0,0,0,0,0,0,0,0,0,0,0,0,0,0,1,0,0,0,0,0,0,0,0,0,0,1,0,0,0,0,0,0,2,0,1,0,0,0,1,0,0,0,0,0,0,2,0,0,0,0,0,0,0,0
"2.17.20",0,0,0,0,0,0,0,0,0,0,0,0,0,0,0,0,0,0,1,0,0,0,0,0,0,0,0,0,1,1,0,0,0,0,0,0,2,0,1,0,0,0,1,0,0,0,0,0,0,2,0,0,0,0,0,0,0,0
"2.18.20",0,0,0,0,0,0,0,0,0,0,0,0,0,0,0,1,0,0,1,0,0,0,0,0,0,0,0,0,1,1,0,0,0,0,0,0,2,0,1,0,0,0,1,0,0,0,0,0,0,2,0,0,0,0,0,0,0,0
"2.19.20",0,0,0,0,0,0,0,0,0,0,0,0,0,0,0,1,0,0,1,0,0,0,0,0,0,0,0,0,1,1,0,0,0,0,0,0,2,0,1,0,0,0,1,0,0,0,0,0,0,2,0,0,0,0,0,0,0,0
"2.20.20",0,0,0,0,0,0,0,0,0,0,0,0,0,0,0,1,0,0,1,0,0,0,0,0,0,0,0,0,1,1,0,0,0,0,0,0,2,0,1,0,0,0,1,0,0,0,0,0,0,2,0,0,0,0,0,0,0,0
"2.21.20",0,0,0,0,0,0,0,0,0,0,0,0,0,0,0,1,0,0,1,0,0,0,0,0,0,0,0,0,1,1,0,0,0,0,0,0,2,0,1,0,0,0,1,0,0,0,0,0,0,2,0,0,0,0,0,0,0,0
"2.22.20",0,0,0,0,0,0,0,0,0,0,0,0,0,0,0,1,0,0,1,0,0,0,0,0,0,0,0,0,1,1,0,0,0,0,0,0,2,0,1,0,0,0,1,0,0,0,0,0,0,2,0,0,0,0,0,0,0,0
"2.23.20",0,0,0,0,0,0,0,0,0,0,0,0,0,0,0,1,0,0,1,0,0,0,0,0,0,0,0,0,1,1,0,0,0,0,0,0,2,0,1,0,0,0,1,0,0,0,0,0,0,2,0,0,0,0,0,0,0,0
"2.24.20",0,0,0,0,0,0,0,0,0,0,0,0,0,0,0,1,0,0,1,0,0,0,0,0,0,0,0,0,1,1,0,0,1,0,0,0,2,0,1,0,0,0,1,0,0,0,0,0,0,2,0,0,0,0,0,0,0,0
"2.25.20",0,0,0,0,0,0,0,0,0,0,0,0,0,0,0,1,0,0,1,0,0,0,0,0,0,0,0,0,1,1,0,0,1,0,0,0,2,0,2,0,0,0,1,0,0,0,0,0,0,2,0,0,0,0,0,0,0,0
"2.26.20",0,0,0,0,0,0,0,0,0,0,0,0,0,0,0,1,0,0,1,0,0,0,0,0,0,0,0,0,1,1,0,0,1,0,0,0,2,0,3,0,0,0,1,0,0,0,0,0,0,2,0,0,0,0,0,0,0,0
"2.27.20",0,0,0,0,0,0,0,0,0,0,0,0,0,0,0,1,0,0,1,0,0,0,0,0,0,0,0,0,1,1,0,0,1,0,0,0,2,0,3,0,0,0,1,0,0,0,0,0,0,2,0,0,0,0,0,0,0,0
"2.28.20",0,0,0,0,0,0,0,0,0,0,0,0,0,0,0,1,0,0,1,0,0,0,0,0,0,0,0,0,1,1,0,0,1,0,0,0,2,0,3,0,0,0,1,0,0,0,0,0,0,2,0,0,0,0,0,0,0,0
"2.29.20",0,0,0,0,0,0,0,0,0,0,0,0,0,0,0,1,0,0,1,0,0,0,0,0,0,0,0,0,1,1,0,0,1,0,0,0,2,0,3,0,0,0,1,0,0,0,0,0,0,2,0,0,0,0,0,0,0,0
"3.1.20",1,0,0,0,0,0,0,0,0,1,0,0,0,0,0,1,0,0,1,0,0,0,0,0,0,0,0,0,1,1,0,0,1,0,0,0,2,0,3,0,0,0,4,0,0,0,0,1,0,2,0,0,0,0,0,0,0,0
"3.2.20",1,0,0,0,0,0,0,0,0,1,0,0,0,0,0,1,0,0,1,0,0,0,0,0,0,0,0,0,1,1,1,0,1,0,0,0,2,0,3,0,1,0,5,0,0,0,0,1,1,2,0,0,0,0,0,0,0,0
"3.3.20",2,0,0,0,0,0,0,0,0,1,0,0,0,0,0,1,0,0,1,0,0,0,0,0,0,0,0,0,1,1,2,0,1,0,0,0,2,0,3,0,1,0,9,0,0,0,0,1,1,2,0,0,0,0,0,0,0,0
"3.4.20",2,0,0,0,0,0,1,0,0,1,0,0,0,0,0,1,0,0,7,0,0,0,0,0,0,0,0,0,1,3,2,0,1,0,0,0,2,0,3,0,1,0,10,0,0,0,0,1,2,2,0,0,0,0,0,0,0,0
"3.5.20",2,0,0,0,0,0,1,0,0,1,0,0,0,0,0,1,0,0,11,0,0,0,0,0,0,0,0,0,1,3,2,0,1,1,0,0,3,2,3,0,1,0,12,0,0,0,0,1,2,2,0,0,0,0,0,0,0,0
"3.6.20",3,0,0,0,0,0,4,0,0,1,0,0,0,0,0,1,0,0,13,0,0,0,0,0,0,0,0,0,1,3,5,0,1,1,0,0,3,2,3,0,1,0,18,0,0,0,0,2,2,2,0,0,0,0,0,1,1,0
"3.7.20",3,0,0,0,0,0,4,0,0,2,0,0,0,0,0,1,0,0,14,1,0,0,0,0,0,0,0,0,1,3,6,0,1,3,0,0,3,9,3,0,1,0,29,1,0,0,0,2,2,2,0,0,0,0,0,1,2,0
"3.8.20",4,0,0,0,0,0,9,0,0,2,0,0,0,0,0,1,0,0,14,1,1,0,0,0,0,0,0,0,1,3,7,0,2,4,0,0,3,9,3,0,4,0,34,1,0,0,0,3,2,2,0,0,0,0,0,1,2,0
"3.9.20",4,0,0,0,0,0,9,0,0,2,0,0,0,0,0,1,0,0,14,1,1,0,0,0,0,0,0,0,1,4,7,0,5,7,0,0,3,14,3,0,6,0,40,2,1,0,0,3,2,2,0,0,0,1,0,1,2,0
"3.10.20",4,0,0,0,2,0,11,0,0,2,0,0,0,0,0,1,0,0,20,1,1,0,0,0,0,0,0,0,1,5,7,0,5,7,0,0,3,16,4,0,11,0,43,2,1,0,0,3,2,2,0,0,0,1,0,1,2,0
"3.11.20",5,0,0,0,2,0,16,0,0,2,0,0,0,0,0,1,0,0,27,1,1,0,0,0,0,0,0,0,1,5,6,0,5,8,0,0,3,17,4,0,16,0,46,2,1,0,0,3,2,4,0,0,0,1,0,3,1,0
"3.12.20",9,0,0,0,2,0,18,0,0,2,0,0,2,0,0,1,0,0,32,1,1,0,0,0,0,0,0,0,1,6,6,0,6,16,0,0,5,20,6,0,22,0,49,5,1,0,0,3,2,4,0,0,0,2,0,3,1,0
"3.13.20",12,0,0,0,2,0,22,0,0,2,0,0,2,0,0,1,0,0,40,1,3,0,0,0,0,0,0,0,1,9,6,0,7,17,0,0,8,28,9,0,25,0,57,7,1,0,0,3,2,4,0,0,0,4,0,5,1,0
"3.14.20",11,0,0,0,2,0,30,0,0,2,0,0,2,0,0,1,0,0,53,2,3,0,0,0,0,0,0,0,1,14,6,0,12,30,0,0,10,29,9,0,28,0,60,8,1,0,0,3,2,4,0,0,0,4,0,5,2,0
"3.15.20",17,0,0,0,2,0,34,0,0,2,0,0,2,0,0,1,0,0,53,2,3,0,0,0,0,0,0,0,1,14,7,0,12,29,0,0,16,31,9,1,30,0,77,8,1,0,0,3,4,4,0,0,0,4,0,5,2,0
"3.16.20",17,0,0,0,2,0,36,0,0,3,0,0,2,0,0,1,0,0,94,2,4,0,0,0,0,0,0,0,2,17,7,0,12,33,0,1,55,40,12,1,44,0,113,9,1,0,0,4,4,4,0,0,0,4,0,7,2,0
"3.17.20",19,0,0,0,2,0,37,0,0,3,0,0,2,0,1,1,0,0,144,2,4,0,0,0,0,0,0,0,2,22,7,0,13,35,0,2,55,46,14,1,48,0,119,10,1,0,0,4,4,6,0,0,0,4,0,7,2,0
"3.18.20",29,0,0,0,2,0,44,0,0,4,0,0,2,0,1,1,0,0,190,2,10,0,0,0,0,0,1,0,3,29,8,0,13,45,1,3,60,65,17,5,59,2,149,11,1,0,0,3,6,7,0,0,0,5,0,11,4,0
"3.19.20",36,0,0,0,2,0,46,0,0,7,0,0,2,0,3,1,0,0,231,3,19,0,1,0,0,0,3,0,3,53,8,0,16,51,1,7,80,80,18,6,60,5,181,13,1,0,0,3,8,10,0,0,0,5,0,15,5,0
"3.20.20",42,0,0,0,2,0,52,0,1,8,0,0,2,0,4,1,0,0,292,4,30,0,1,0,0,0,4,0,3,65,9,0,22,55,2,9,127,87,21,11,73,7,244,13,1,0,0,6,7,10,0,0,0,6,0,18,5,0
"3.21.20",62,0,1,1,2,0,62,0,1,9,0,0,2,0,5,1,0,0,292,4,30,0,1,0,0,1,8,0,3,78,11,0,23,65,2,13,127,106,29,16,80,8,267,17,1,0,0,7,15,10,0,0,0,7,0,22,6,1
"3.22.20",72,0,1,1,2,0,79,0,1,9,0,0,2,0,5,1,0,0,407,4,30,0,1,0,0,1,14,1,3,95,18,0,29,81,2,16,155,134,33,19,84,16,282,19,1,0,2,7,18,11,0,0,0,7,0,26,6,2
"3.23.20",88,0,1,2,2,0,91,0,3,11,0,1,2,0,12,1,0,0,536,4,30,0,1,0,0,1,14,1,3,125,19,0,44,86,2,17,201,152,40,23,90,18,334,21,2,0,2,10,19,13,0,0,0,11,0,30,8,2
"3.24.20",96,0,1,3,2,0,108,0,3,19,0,1,3,0,13,1,0,0,662,6,44,0,1,0,0,1,23,2,5,152,22,1,61,92,2,27,226,181,55,32,102,20,387,22,3,0,2,11,27,16,0,0,0,12,0,44,8,2
"3.25.20",134,0,1,4,2,0,131,0,5,22,0,2,8,0,15,1,0,0,812,6,47,0,1,0,0,4,23,5,6,187,30,1,92,113,2,46,238,212,67,35,113,25,450,26,3,0,2,16,31,17,1,0,0,13,0,53,9,2
"3.26.20",172,0,1,4,2,0,147,0,7,26,0,7,8,0,29,1,0,0,1229,8,56,0,1,1,0,5,25,5,8,256,34,0,123,146,6,57,293,261,72,38,124,33,485,30,3,0,2,18,33,18,2,0,0,17,0,70,13,3
"3.27.20",185,0,1,4,2,0,161,0,9,30,0,8,9,0,33,1,0,0,1465,10,58,0,2,3,0,6,26,5,7,321,33,0,126,162,7,77,341,285,76,46,215,37,555,31,3,0,2,25,35,19,2,0,0,17,1,80,13,3
"3.28.20",410,0,2,8,4,2,350,0,18,64,2,17,18,0,47,3,0,0,1465,22,116,0,4,8,0,12,64,10,23,403,70,0,247,405,18,162,413,600,169,104,464,98,1172,62,8,0,4,73,70,37,6,0,0,48,2,178,26,6
"3.29.20",207,0,1,4,2,1,187,0,9,33,1,8,9,0,51,2,0,0,1829,11,60,0,2,4,0,8,36,5,14,431,35,0,127,216,8,94,484,333,89,55,236,52,589,33,4,0,2,25,35,22,6,0,0,26,1,92,13,3
"3.30.20",250,0,1,5,3,1,212,0,11,48,2,10,9,5,60,2,0,0,2474,14,78,0,2,6,0,11,41,9,15,464,44,0,209,237,9,145,515,368,115,62,259,79,743,36,4,0,2,27,57,31,6,0,0,42,1,118,17,5
"3.31.20",269,0,1,6,3,1,246,0,14,61,2,17,17,8,83,3,0,0,3019,17,85,0,4,6,0,12,43,9,16,502,49,0,289,270,12,193,603,404,125,67,299,89,775,40,5,0,3,33,58,31,8,0,0,44,1,143,21,5
"4.1.20",288,1,1,7,3,1,267,0,14,78,2,18,25,8,126,3,0,3,3518,17,87,0,4,7,0,12,47,11,16,606,52,1,318,298,12,245,849,432,135,70,356,104,806,44,5,0,3,34,60,32,9,0,0,48,1,154,22,5
"4.2.20",346,1,2,8,3,1,297,0,16,96,2,22,24,8,155,3,0,3,4045,25,102,0,4,9,0,16,50,13,18,656,72,1,451,321,16,335,966,473,151,80,425,126,909,49,7,0,3,42,76,43,10,1,0,69,1,178,29,5
"4.3.20",396,1,2,10,3,1,327,1,16,102,2,33,35,10,194,3,0,3,4566,28,106,0,4,9,0,18,58,13,20,711,76,2,553,362,20,356,1112,506,165,83,476,155,984,52,10,0,3,49,84,51,12,1,0,78,1,186,33,6
"4.4.20",469,1,2,12,3,1,382,1,19,106,2,28,42,10,205,3,0,3,4605,27,111,0,4,11,0,18,61,15,20,786,87,2,665,392,20,373,1209,537,174,83,522,168,1046,56,11,0,3,56,88,54,14,1,0,84,1,194,40,7
"4.5.20",476,1,2,12,3,1,415,1,19,106,2,28,42,10,225,4,0,3,5955,27,114,0,4,16,0,18,61,15,20,834,86,2,682,392,20,375,1326,559,182,84,530,172,1053,59,11,0,3,55,88,54,14,1,0,86,1,196,37,7
"4.6.20",528,1,2,13,4,1,447,2,23,126,2,36,47,11,246,3,1,3,6377,29,120,0,4,25,0,18,62,18,20,882,90,2,867,447,23,550,1404,586,194,86,571,190,1129,65,16,0,4,72,102,75,14,1,0,131,1,234,43,8
"4.7.20",561,1,2,13,5,2,471,2,22,142,2,39,53,11,261,5,1,3,6936,28,123,0,4,27,0,18,63,18,21,931,94,3,918,512,24,554,1454,636,201,88,575,210,1194,67,16,0,4,76,102,86,16,1,0,149,1,247,51,10
"4.8.20",595,1,2,13,5,3,481,2,25,155,2,39,59,11,303,5,1,3,7559,29,126,0,4,35,0,19,68,21,22,1016,102,3,987,564,29,635,1530,687,214,91,610,222,1259,69,18,0,4,88,107,89,17,1,0,150,0,263,56,10
"4.9.20",642,1,2,14,5,3,505,2,25,169,2,35,67,11,330,5,1,3,7955,29,127,0,4,41,0,19,70,27,24,1079,107,3,1096,600,30,717,1628,748,226,94,632,233,1303,73,22,0,4,95,113,96,17,1,0,152,0,273,59,13
"4.10.20",707,1,5,15,5,3,537,2,26,190,3,35,70,11,363,7,3,3,8443,30,129,0,4,56,0,20,78,28,24,1138,112,3,1175,641,30,779,1693,797,237,98,644,255,1353,75,24,0,5,106,129,104,18,1,0,168,0,290,62,13
"4.11.20",752,2,6,15,5,3,550,2,29,206,3,37,78,12,369,9,3,3,8453,30,137,0,4,59,0,20,78,29,25,1221,113,3,1273,684,31,826,1761,860,247,101,664,259,1443,79,24,0,5,115,131,122,18,1,0,173,0,304,67,13
"4.12.20",775,2,6,15,5,3,553,2,28,210,3,42,78,12,396,9,3,3,8894,30,139,0,4,58,0,20,85,29,25,1277,114,3,1343,688,31,827,1804,886,249,104,666,262,1463,80,24,0,5,113,131,121,18,1,0,171,0,306,67,13
"4.13.20",822,2,6,15,5,3,569,2,29,210,3,43,82,12,446,9,3,3,9433,30,145,0,4,60,0,21,86,30,25,1283,116,3,1473,722,31,920,1847,948,258,109,681,272,1542,82,24,0,5,113,133,134,18,1,0,190,0,309,81,13
"4.14.20",844,2,6,15,5,3,617,2,30,250,3,43,86,12,516,12,3,3,10047,30,148,0,4,61,0,22,98,33,35,1299,117,3,1481,736,32,933,1930,968,283,112,683,294,1563,84,24,0,5,117,133,140,19,1,0,233,0,329,81,14
"4.15.20",916,2,7,16,9,3,645,2,33,270,3,46,115,12,553,12,4,3,10517,31,163,0,4,74,0,22,106,34,35,1376,123,4,1737,838,32,1063,2012,1006,332,115,709,319,1694,92,25,0,5,130,140,178,19,1,0,294,1,366,93,15
"4.16.20",982,2,7,17,10,3,675,2,34,295,3,46,132,17,565,12,6,3,10854,35,171,0,4,76,0,22,116,44,35,1425,129,4,1927,864,34,1143,2087,1039,348,116,747,333,1791,90,25,0,5,139,145,189,21,1,0,310,1,385,98,14
"4.17.20",1044,2,7,17,11,3,687,2,35,321,3,51,135,17,578,15,6,3,11400,35,190,0,4,80,0,22,119,46,35,1795,130,4,2094,881,36,1230,2158,1090,359,119,770,351,1836,94,26,0,5,150,167,205,20,1,0,375,2,399,117,14
"4.18.20",1087,2,7,17,12,3,721,2,36,325,3,51,137,17,610,17,6,3,12021,35,194,0,4,82,0,22,135,49,35,1835,130,4,2271,900,38,1256,2213,1144,395,132,823,374,1864,96,26,0,5,152,168,220,21,1,0,390,2,417,118,14
"4.19.20",1136,2,7,17,12,3,731,2,36,332,3,52,144,17,623,17,6,3,12341,35,195,0,4,85,0,23,140,49,35,1860,131,4,2330,911,38,1263,2268,1153,407,135,847,379,1880,98,26,0,5,151,172,225,21,1,0,396,2,419,120,15
"4.20.20",1183,1,7,17,12,3,753,2,36,362,3,52,149,17,643,19,6,3,13823,36,201,0,5,88,0,23,147,55,35,1930,132,4,2491,923,41,1345,2325,1223,425,135,892,390,1922,102,26,0,5,162,178,232,22,1,0,406,2,427,125,15
"4.21.20",1236,1,7,17,12,3,766,2,36,378,3,52,165,18,671,28,6,3,15153,38,203,0,5,89,0,23,151,58,37,2000,133,4,2645,940,41,1500,2434,1232,450,137,935,416,1945,104,26,0,5,170,182,239,22,1,0,415,2,456,143,15
"4.22.20",1277,2,7,17,12,3,772,2,39,394,3,52,170,18,683,28,6,3,16447,38,203,0,5,92,0,23,154,58,37,2125,133,4,2836,958,41,1565,2491,1255,465,145,947,439,1971,106,26,0,5,172,185,251,22,1,0,430,2,466,147,15
"4.23.20",1338,2,8,17,12,3,786,2,39,432,3,52,181,19,699,28,6,3,17537,38,210,0,5,98,0,23,161,59,37,2205,136,4,2949,977,41,1605,2643,1312,482,149,972,447,1998,110,27,0,5,173,187,258,24,1,0,445,2,480,151,15
"4.24.20",1387,2,8,17,12,3,806,2,41,455,4,52,232,20,735,30,6,3,18545,40,212,0,5,102,0,23,167,59,37,2293,137,4,3059,1008,43,1668,2826,1345,487,154,1006,452,2028,111,28,0,5,180,199,277,24,1,0,464,2,490,155,15
"4.25.20",1398,2,8,18,12,3,821,2,41,465,4,52,232,20,755,33,6,3,19133,40,216,0,5,103,0,23,173,60,38,2350,137,4,3052,1014,43,1676,2943,1341,500,162,1056,459,2047,112,29,0,5,180,199,280,24,1,0,483,2,495,157,15
"4.26.20",1451,2,8,18,13,3,830,3,41,483,4,52,272,20,809,33,6,3,19567,40,226,0,5,104,0,23,182,62,38,2395,141,4,3316,1026,43,1682,3043,1403,517,168,1072,466,2100,116,29,0,5,182,216,298,26,1,0,502,3,510,158,15
"4.27.20",1496,2,8,18,13,3,843,3,43,512,4,51,290,20,828,48,6,3,20423,43,228,0,10,108,0,23,185,64,40,2523,142,4,3396,1034,43,1743,3141,1453,525,169,1094,468,2108,123,29,0,5,199,220,320,26,1,0,540,3,514,160,15
"4.28.20",1527,2,8,18,13,3,866,3,43,534,4,52,295,20,847,57,6,3,20996,45,229,1,10,108,0,25,191,67,42,2689,143,4,3519,1043,44,1892,3314,1471,535,175,1131,471,2135,123,29,0,5,223,226,334,25,1,0,584,4,518,160,15
"4.29.20",1566,2,8,18,13,3,885,3,44,554,4,52,300,20,866,80,6,3,22485,46,235,1,11,116,0,25,204,68,42,2815,145,4,3715,1054,46,1976,3432,1489,543,184,1172,479,2152,124,31,0,5,229,230,378,28,1,0,620,4,531,161,15
"4.30.20",1601,2,8,18,13,3,900,3,44,572,4,53,322,20,893,87,6,3,23220,47,241,3,11,122,0,25,213,69,42,2940,148,4,3835,1070,46,2022,3564,1518,551,185,1196,492,2177,126,31,0,5,239,233,382,28,1,0,643,3,548,164,15
"5.1.20",1632,2,8,19,13,3,915,3,47,630,4,53,337,20,939,112,6,3,24262,47,243,13,11,131,0,25,222,69,42,3047,149,4,3909,1080,47,2086,3711,1552,557,189,1224,501,2181,127,31,0,5,243,242,388,28,1,0,691,3,557,165,16
"5.2.20",1680,2,8,19,13,3,929,3,47,642,5,53,345,20,969,120,7,3,24894,47,244,13,10,131,0,25,225,71,42,3102,150,4,4013,1096,47,2126,3842,1632,562,196,1274,509,2208,131,31,0,5,244,250,392,28,1,0,717,3,565,169,16
"5.3.20",1733,2,8,19,13,3,945,3,49,660,5,53,351,20,1005,137,7,3,25699,47,244,13,10,134,0,25,235,72,42,3163,161,4,4050,1108,47,2125,3927,1692,573,203,1279,515,2240,133,31,0,5,243,254,415,28,1,0,742,3,584,171,16
"5.4.20",1764,2,8,18,13,3,949,3,51,697,4,53,351,20,1016,153,7,3,26225,53,245,14,10,138,0,25,237,72,42,3337,162,4,4237,1118,47,2186,4020,1760,577,205,1315,527,2243,133,31,0,5,270,256,426,28,1,0,766,3,591,171,16
"5.5.20",1822,2,8,22,13,3,976,3,54,744,3,53,389,20,1045,187,7,4,27836,54,245,14,10,141,0,25,240,74,42,3451,162,4,4325,1124,48,2347,4160,1779,580,206,1337,544,2254,134,31,0,5,276,263,434,29,1,0,875,2,608,171,15
"5.6.20",1867,2,8,22,13,3,990,3,53,793,3,53,399,20,1073,208,7,4,28665,56,245,15,10,140,0,26,246,78,42,3633,164,4,4551,1134,48,2428,4319,1804,584,210,1350,568,2276,135,31,0,5,277,269,438,29,1,0,969,2,620,172,15
"5.7.20",1917,2,8,22,13,3,1005,3,54,834,5,53,442,20,1133,219,7,4,29511,55,253,15,10,146,0,26,249,78,42,3798,165,4,4624,1138,48,2525,4429,1852,586,212,1400,724,2288,136,31,0,5,284,282,470,29,1,0,1007,2,648,172,16
"5.8.20",1958,2,8,22,13,3,1024,3,54,861,6,53,467,20,1166,236,7,4,30319,58,258,15,10,151,0,27,265,78,42,3992,166,4,4688,1144,49,2634,4662,1890,598,213,1425,1059,2292,137,31,0,5,291,285,491,30,1,0,1056,2,667,172,16
"5.9.20",2014,2,8,22,13,3,1039,3,54,886,6,54,474,20,1228,264,7,4,31241,62,262,15,10,153,0,27,273,78,42,4085,168,4,4888,1149,50,2828,4776,1944,608,216,1455,1252,2324,138,31,0,5,298,288,495,31,1,1,1090,2,681,172,17
"5.10.20",2050,2,8,22,13,3,1046,3,55,920,6,55,509,20,1254,266,7,4,31703,66,268,15,10,154,0,27,283,79,42,4128,168,4,4968,1151,50,2913,4926,1953,614,221,1465,1330,2338,139,31,0,5,299,290,502,31,1,1,1150,2,692,173,17
"5.11.20",2106,2,8,23,13,3,1053,3,55,963,6,55,562,20,1286,289,7,4,32263,69,272,15,10,158,0,30,287,79,42,4267,170,4,5099,1159,50,2948,5065,1974,623,227,1501,1379,2347,140,31,0,5,331,303,511,32,1,1,1210,2,702,174,18
"5.12.20",2149,2,8,24,13,3,1068,3,56,1005,6,57,602,20,1316,303,7,4,33211,70,275,15,10,175,0,31,299,80,42,4392,170,4,5152,1165,53,3000,5161,1981,628,229,1535,1385,2369,141,33,0,5,338,308,519,33,1,1,1268,2,723,176,19
"5.13.20",2184,2,8,25,13,3,1083,4,58,1022,6,57,610,20,1343,315,7,4,34538,70,279,15,10,176,0,31,310,81,42,4545,170,4,5222,1172,53,3067,5278,2004,642,234,1552,1390,2377,142,32,0,5,345,330,525,33,1,2,1290,2,747,178,19
"5.14.20",2258,2,8,26,13,3,1091,4,59,1067,8,58,652,20,1393,343,7,4,35392,70,284,15,10,182,0,31,318,83,42,4677,172,4,5357,1180,54,3153,5391,2029,646,239,1590,1403,2387,145,33,0,5,349,333,537,34,1,1,1324,2,765,180,21
"5.15.20",2292,2,8,26,13,3,1107,4,64,1159,9,59,680,20,1428,348,7,4,36316,72,296,15,10,191,0,31,322,83,42,4852,174,4,5514,1202,55,3229,5523,2062,659,240,1614,1417,2402,146,33,0,5,365,349,544,35,1,1,1363,2,794,182,21
"5.16.20",2330,2,8,26,13,3,1137,4,65,1210,9,68,716,20,1473,357,7,4,37360,71,298,15,10,201,0,32,330,86,42,4968,174,4,5651,1208,56,3366,5662,2094,671,243,1654,1431,2428,154,33,0,6,369,356,550,35,2,1,1433,2,819,181,21
"5.17.20",2392,2,8,27,13,3,1156,7,65,1246,9,69,719,20,1515,357,7,5,38011,70,316,15,10,214,0,32,343,89,42,5019,175,4,5794,1223,57,3471,5836,2132,691,245,1682,1466,2461,155,34,0,6,369,376,570,38,2,1,1437,2,844,182,21
"5.18.20",2445,2,8,28,13,3,1174,8,67,1280,11,69,771,20,1537,382,9,5,38458,75,330,15,12,217,0,33,346,92,42,5220,176,5,5891,1232,57,3562,5946,2183,700,246,1703,1510,2476,160,34,0,6,375,387,576,38,2,1,1499,2,856,183,23
"5.19.20",2496,2,9,29,13,3,1206,8,67,1325,12,71,1016,20,1571,394,11,5,39573,81,341,15,12,222,0,33,351,93,42,5371,177,5,5982,1239,57,3660,6026,2186,708,248,1706,1530,2488,161,34,0,6,392,389,586,38,2,1,1559,2,868,183,23
"5.20.20",2559,2,9,34,13,3,1224,9,68,1367,12,72,1051,20,1605,404,9,5,40895,83,349,15,12,225,0,33,357,93,42,5563,176,4,6110,1244,59,3775,6140,2199,716,252,1741,1533,2516,163,34,0,6,395,411,588,38,2,2,1593,2,887,184,23
"5.21.20",2611,2,9,35,13,4,1244,9,68,1401,12,78,1100,20,1644,418,10,6,42037,83,360,15,12,226,0,33,364,96,42,5723,176,4,6265,1258,59,3954,6315,2248,733,254,1793,1550,2529,164,34,0,6,401,427,607,38,2,3,1614,2,915,185,24
"5.22.20",2727,2,9,38,13,4,1273,9,75,1439,12,79,1218,20,1695,429,10,6,43070,83,373,15,13,233,0,34,373,97,42,5889,181,4,6371,1262,62,4111,6434,2251,750,258,1849,1563,2546,171,34,0,6,408,444,621,38,2,3,1672,2,945,187,24
"5.23.20",2788,2,9,38,13,4,1303,10,75,1488,12,79,1287,20,1757,445,10,8,44121,84,394,15,13,247,0,34,398,101,42,5989,184,4,6480,1275,65,4176,6559,2312,762,260,1864,1575,2602,177,35,1,6,412,462,630,38,3,3,1692,2,969,188,24
"5.24.20",2835,2,9,39,13,4,1326,16,77,1496,12,80,1373,20,1824,447,12,8,45017,84,403,15,19,258,0,34,406,104,42,6068,184,4,6591,1283,65,4266,6701,2318,763,261,1927,1582,2633,185,36,1,6,413,485,639,38,3,3,1694,2,990,192,24
"5.25.20",2905,2,10,41,13,4,1349,20,79,1538,12,80,1373,20,1871,448,13,9,46023,84,417,15,19,262,1,34,419,107,42,6138,186,4,6920,1290,68,4397,6797,2358,763,264,1940,1599,2657,191,36,1,6,415,496,656,38,3,3,1757,2,1028,197,24
"5.26.20",2961,2,10,41,13,4,1353,30,80,1540,12,80,1373,20,1876,450,12,9,47845,84,426,16,20,266,1,34,425,109,42,6387,188,4,6937,1299,67,4435,6882,2363,763,264,1969,1599,2669,197,36,1,6,448,509,668,39,3,3,1778,2,1041,198,24
"5.27.20",3042,2,10,45,15,5,1374,34,83,1664,14,85,1373,20,1941,588,13,10,48761,92,441,16,21,278,0,34,444,112,42,6603,196,4,7176,1319,72,4713,6983,2394,828,270,2047,1639,2690,202,36,1,6,455,522,680,40,4,3,1827,4,1075,204,24
"5.28.20",3088,2,10,46,15,5,1393,37,83,1697,14,96,1434,20,2007,628,17,10,49860,94,445,16,24,283,0,34,472,113,42,6824,197,4,7260,1340,80,4836,7100,2417,843,271,2072,1652,2708,201,36,1,6,467,530,689,40,5,3,1842,4,1093,206,24
"5.29.20",3214,2,10,47,15,5,1412,37,86,1732,14,97,1611,20,2076,695,17,10,51678,99,450,16,25,285,0,34,480,113,42,6992,200,4,7397,1361,82,4988,7240,2453,858,274,2105,1667,2717,203,36,1,7,476,538,703,40,5,3,1862,4,1103,211,25
"5.30.20",3309,2,10,50,15,5,1430,37,87,1789,16,97,2095,20,2145,705,18,10,53746,102,464,16,24,285,0,34,521,113,42,7123,200,4,7513,1385,83,5127,7385,2496,891,274,2131,1671,2751,206,36,1,7,490,552,717,40,5,3,1889,4,1126,210,25
"5.31.20",3367,2,10,57,15,5,1459,37,89,1826,16,97,2201,20,2250,705,19,10,55001,102,488,16,24,288,0,34,546,114,42,7229,217,4,7725,1399,83,5190,7481,2501,891,275,2171,1673,2795,210,38,1,7,490,556,743,42,5,3,1894,4,1161,211,26
"6.1.20",3465,2,10,56,15,7,1487,38,89,1905,16,97,2370,20,2322,705,22,10,56011,104,497,16,28,289,0,35,555,114,42,7423,220,4,7942,1416,84,5315,7554,2546,960,279,2192,1683,2807,215,38,1,7,507,566,763,43,6,3,1986,4,1173,212,26
"6.2.20",3522,2,10,58,15,7,1506,39,89,1970,16,100,2463,20,2376,722,25,10,57219,111,511,16,29,297,0,35,583,116,42,7634,228,4,8113,1429,84,5443,7674,2554,988,279,2205,1716,2830,215,38,1,8,515,572,777,43,7,3,2022,4,1188,213,27
"6.3.20",3594,2,10,61,15,7,1512,39,91,1996,16,102,2544,20,2418,746,26,11,58261,118,529,16,29,299,0,35,593,116,44,7862,245,4,8231,1458,86,5570,7798,2608,1007,283,2245,1735,2847,217,40,1,8,522,579,785,45,7,3,2051,4,1212,213,27
"6.4.20",3649,2,10,65,15,7,1552,45,102,2060,16,108,2635,20,2462,844,27,11,59692,128,535,16,29,304,0,35,622,117,50,8081,258,4,8496,1493,86,5731,7940,2636,1019,292,2286,1764,2882,218,40,1,8,532,592,811,46,7,3,2096,4,1246,216,27
"6.5.20",3740,2,10,70,16,7,1576,45,102,2105,16,110,2782,21,2534,867,28,13,61068,145,548,16,32,309,0,35,651,123,51,8291,267,4,8723,1515,90,5874,8180,2675,1049,297,2333,1810,2913,222,40,1,8,539,620,847,49,9,3,2190,4,1285,216,27
"6.6.20",3807,2,10,72,16,7,1620,45,105,2172,16,111,3051,21,2650,884,28,14,62382,150,558,16,32,315,0,35,681,136,51,8438,272,4,8958,1534,90,5952,8345,2674,1079,299,2344,1830,2945,226,40,1,8,541,624,863,51,10,4,2223,4,1314,223,27
"6.7.20",3872,2,10,73,16,7,1654,45,105,2199,16,111,3052,21,2720,884,28,14,63844,150,586,16,32,318,0,35,734,142,51,8558,275,4,9128,1569,90,6039,8476,2674,1129,300,2401,1833,2958,230,41,1,8,541,641,910,55,10,5,2229,4,1348,224,27
"6.8.20",3943,2,10,79,16,7,1716,45,108,2249,17,111,3055,22,2794,894,28,15,64690,155,598,16,32,331,0,35,753,151,51,8825,293,4,9269,1592,91,6128,8619,2716,1201,304,2433,1839,2982,234,43,1,8,541,656,962,55,10,5,2311,8,1393,228,27
"6.9.20",3969,2,10,81,16,7,1746,45,110,2334,19,112,3071,22,2870,936,28,15,65945,173,618,16,35,349,0,35,774,156,51,9067,304,4,9534,1626,93,6274,8729,2750,1243,305,2466,1871,3017,237,44,1,10,577,663,999,56,11,5,2403,8,1418,226,27
"6.10.20",4033,2,10,83,16,7,1780,45,111,2380,21,111,3458,23,2942,954,28,15,67111,177,635,16,35,370,0,35,793,159,51,9335,312,4,9880,1644,92,6445,8837,2775,1285,311,2495,1895,3044,242,45,1,14,589,675,1036,56,12,5,2465,7,1457,226,27
"6.11.20",4079,2,10,84,16,7,1799,45,111,2394,21,112,3467,23,3016,966,28,15,68959,180,639,16,35,370,0,35,815,162,51,9634,324,4,10037,1671,92,6516,8998,2767,1354,312,2502,1912,3061,247,47,1,14,597,684,1068,56,12,5,2483,7,1503,230,27
"6.12.20",4174,2,10,83,18,7,1829,45,112,2484,21,104,3547,23,3130,990,29,15,70529,189,651,16,33,372,0,35,866,162,53,9910,336,4,10639,1704,94,6714,9131,2824,1409,326,2536,1986,3111,251,48,1,13,601,698,1098,56,15,5,2562,7,1547,243,27
"6.13.20",4203,2,10,85,18,7,1870,45,112,2555,21,103,3650,23,3195,1026,29,15,72057,205,679,16,33,376,0,35,903,171,53,10136,349,4,10954,1715,97,6892,9315,2835,1464,331,2554,2016,3153,254,48,1,13,618,713,1128,62,19,5,2636,7,1580,251,28
"6.14.20",4278,2,10,91,18,7,1895,45,112,2641,21,104,3734,23,3281,1025,31,15,73018,205,691,16,33,403,0,34,952,181,53,10285,372,4,11241,1752,102,7022,9441,2835,1606,335,2574,2066,3190,254,48,1,13,619,726,1165,63,19,5,2656,7,1623,254,28
"6.15.20",4330,2,10,91,18,7,1920,45,116,2673,21,104,3730,23,3367,1026,31,15,73832,205,711,17,33,414,0,34,1001,187,53,10653,389,4,11399,1793,106,7196,9611,2834,1670,337,2594,2071,3216,254,50,1,14,619,728,1259,71,19,5,2672,7,1670,255,28
"6.16.20",4435,2,10,93,19,7,1973,45,117,2789,30,104,3943,24,3452,1048,31,15,75162,241,728,17,35,436,0,34,1022,196,54,11187,395,5,11662,1827,108,7470,9731,2894,1721,348,2621,2107,3240,257,51,1,15,675,741,1284,73,26,5,2812,7,1690,262,29
"6.17.20",4492,2,10,95,20,7,2023,45,118,2861,31,104,4112,25,3512,1101,32,18,77260,260,774,18,42,460,0,34,1080,202,58,11769,430,5,11883,1891,114,7677,9856,2907,1828,367,2652,2164,3277,265,51,1,16,703,750,1393,79,26,5,2892,7,1743,277,30
"6.18.20",4596,2,12,102,20,7,2075,46,123,3008,35,105,4370,25,3590,1145,36,22,78348,290,823,18,45,486,0,34,1130,205,69,12420,460,5,12434,1940,132,8148,10094,2952,1911,383,2677,2220,3352,275,51,1,18,716,791,1501,85,33,5,3015,8,1795,294,32
"6.19.20",4653,2,12,105,20,7,2109,46,126,3171,40,105,4508,26,3706,1289,36,23,79655,302,833,18,48,529,0,34,1162,209,72,13142,467,5,12734,1978,134,8461,10352,2969,1972,397,2716,2303,3390,283,58,1,21,736,805,1555,89,37,5,3063,8,1879,303,33
"6.20.20",4765,2,12,108,20,7,2234,46,132,3285,40,107,4620,26,3793,1335,37,24,81709,323,883,18,48,566,0,34,1184,212,74,13621,486,6,13045,2071,137,8726,10486,3000,2049,410,2758,2379,3449,287,66,1,22,765,808,1604,89,37,5,3182,8,1960,309,34
"6.21.20",4842,2,12,111,20,7,2285,46,134,3362,40,107,4705,26,3890,1338,36,25,83414,321,911,18,48,577,0,34,1230,218,80,13902,501,6,13552,2158,149,8933,10796,3001,2191,423,2784,2452,3528,290,75,1,23,764,838,1694,96,37,5,3183,8,2035,323,35
"6.22.20",4951,2,12,118,20,7,2366,46,139,3492,40,109,4704,26,3965,1517,37,118,86017,335,1033,18,48,619,0,34,1296,222,80,14778,515,6,13973,2246,162,9142,11098,3001,2335,427,2816,2470,3594,290,77,1,23,765,862,1790,100,40,5,3195,8,2079,333,36
"6.23.20",5166,2,13,125,26,7,2456,46,144,3636,47,109,5029,26,4049,1731,40,228,88512,371,1143,21,61,656,0,35,1349,230,82,15801,528,6,14494,2378,165,9780,11296,3178,2505,450,2911,2521,3714,313,81,1,24,923,916,1856,112,52,5,3466,9,2223,350,35
"6.24.20",5249,2,16,133,26,11,2523,47,151,3834,54,116,5142,28,4108,2067,40,232,89633,375,1265,21,60,696,0,35,1410,258,93,16855,551,6,14971,2450,169,10220,11628,3217,2683,466,2968,2592,3826,329,83,1,24,962,937,2045,118,57,5,3551,10,2329,379,37
"6.25.20",5405,2,18,142,26,14,2594,47,152,4007,59,120,5196,27,4182,2114,42,233,91577,382,1325,22,61,747,0,35,1429,260,93,17879,577,6,15249,2524,172,10599,11963,3253,2806,479,3000,2647,3885,335,84,1,24,1018,957,2136,126,61,6,3666,11,2361,400,38
"6.26.20",5509,2,20,150,30,17,2679,47,161,4236,71,125,5404,29,4300,2180,42,239,93391,411,1410,23,63,797,0,35,1452,277,102,18868,587,6,15883,2692,174,11120,12402,3331,2946,504,3060,2810,3982,344,86,1,24,1052,982,2163,138,65,6,3730,12,2460,421,38
"6.27.20",5589,2,20,152,30,17,2720,47,161,4308,77,126,5517,29,4340,2192,42,240,95385,429,1427,23,63,807,0,35,1458,282,104,19490,587,6,16234,2690,180,11247,12836,3333,2998,511,3088,2827,4020,347,87,1,25,1060,1009,2170,141,65,6,3820,15,2487,435,39
"6.28.20",5706,2,20,166,30,17,2807,47,164,4435,77,126,5517,29,4478,2239,53,240,97918,427,1477,23,63,815,0,35,1563,307,105,19942,621,6,16873,2808,188,11353,13333,3389,3204,537,3129,2900,4145,349,89,1,25,1061,1089,2382,145,65,6,3822,16,2666,471,39
"6.29.20",5774,2,20,174,30,17,2981,47,165,4601,77,127,5516,29,4548,2285,53,240,100958,425,1521,25,63,849,0,35,1617,317,110,20996,631,6,17709,2990,191,11653,13834,3390,3205,551,3176,2961,4245,348,95,1,25,1061,1108,2406,152,65,6,3916,18,2810,486,55
"6.30.20",5967,2,21,180,31,33,3146,48,179,4897,96,131,5972,31,4655,2320,56,248,103850,478,1618,26,65,971,0,36,1660,342,117,22059,670,8,18682,3251,198,12385,14150,3556,3747,590,3274,3131,4360,379,101,1,26,1240,1127,2585,168,77,6,4218,18,3046,518,55
"7.1.20",6135,2,22,203,37,53,3265,50,187,5187,110,133,6154,31,4768,2368,75,255,105665,522,1640,27,70,1053,0,37,1706,347,119,23049,716,8,19564,3430,217,12723,14624,3627,3993,620,3332,3297,4561,398,105,1,28,1334,1183,2626,188,82,6,4370,19,3240,529,57
"7.2.20",6396,2,23,217,42,60,3353,50,197,5481,114,138,6240,30,4939,2427,81,256,107792,551,1710,27,71,1123,0,37,1800,352,122,24009,743,8,20281,3592,234,13199,15208,3677,4246,666,3396,3415,4737,414,111,1,30,1413,1249,2857,195,88,7,4570,25,3412,557,93
"7.3.20",6496,2,25,230,44,70,3453,50,205,5862,122,143,6349,33,5100,2500,83,258,107806,568,1780,27,72,1189,0,37,1808,388,130,24788,748,11,21199,3716,241,14054,15698,3782,4419,683,3445,3438,4835,436,114,1,30,1480,1287,3028,205,91,7,4668,30,3554,589,96
"7.4.20",6747,2,31,242,45,76,3589,50,215,6080,128,144,6445,33,5130,2517,86,258,107826,571,1966,27,72,1253,0,37,1882,426,130,25155,799,11,21536,4044,253,14650,16166,3862,4811,706,3538,3553,5060,466,136,1,30,1533,1375,3579,225,94,7,4814,33,3705,618,102
"7.5.20",6871,2,31,266,45,79,3671,57,231,6269,129,147,6445,33,5245,2554,92,258,115024,567,2084,27,72,1341,0,39,1998,450,146,25589,858,11,21539,4270,256,15042,16728,3862,5019,737,3581,3706,5253,467,139,1,30,1532,1374,3784,241,97,7,4993,33,3884,647,115
"7.6.20",6980,2,33,275,45,80,3908,57,236,6448,129,148,6447,33,5369,2592,93,264,116570,737,2140,31,72,1397,0,40,2082,454,151,26638,907,11,22513,4426,262,15362,17002,3862,5108,758,3656,3801,5385,468,144,1,30,1653,1374,3991,250,97,7,5053,34,3930,688,124
"7.7.20",7107,2,33,290,58,84,4139,57,249,6828,145,150,6682,33,5543,2636,94,266,120764,797,2631,31,82,1532,0,42,2170,459,155,27739,933,12,23308,4598,272,16023,17580,4046,5551,802,3698,3905,5454,505,145,1,30,1761,1478,4109,273,97,7,5205,44,4010,709,138
"7.8.20",7346,2,35,302,58,90,4277,57,253,7192,146,162,6731,36,5759,2643,97,337,123256,831,2760,31,84,1579,0,45,2186,468,161,28805,951,12,24071,4805,280,16531,17844,4095,5763,832,3740,4025,5526,513,149,1,31,1807,1500,4352,298,102,7,5324,46,4159,730,145
"7.9.20",7444,2,36,316,59,97,4399,57,260,7483,150,166,6782,36,5979,2703,99,433,124992,853,2979,31,88,1729,0,46,2228,468,161,29786,985,12,25010,4956,293,17364,18404,4145,6008,876,3799,4108,5654,531,156,1,31,1878,1589,4641,321,104,7,5523,51,4298,767,152
"7.10.20",7562,2,37,340,61,103,4493,57,272,7861,157,168,6882,36,6195,2724,104,489,127439,917,3106,31,88,1803,0,46,2290,496,166,30772,1005,12,25512,5187,300,18273,18862,4307,6229,898,3851,4217,5835,545,159,1,31,1936,1611,4790,338,109,7,5700,53,4436,797,164
"7.11.20",7856,2,37,347,62,110,4661,59,289,8190,161,174,6889,36,6339,2770,110,490,130394,991,3196,31,88,1852,0,46,2381,509,168,31340,1032,12,26025,5373,312,18941,19371,4432,6522,937,3963,4324,5975,576,169,1,36,2020,1696,4920,352,113,7,5803,54,4565,836,175
"7.12.20",8067,2,40,363,62,116,4719,59,296,8514,166,174,7004,36,6502,2796,114,491,133549,1028,3363,31,88,1909,0,46,2526,519,172,31717,1061,14,26435,5521,322,19078,19929,4538,6707,979,3995,4395,6268,578,174,1,36,2023,1749,5186,362,113,7,5887,56,4745,892,188
"7.13.20",8126,2,42,377,63,116,4895,59,304,8778,168,174,7057,36,6601,2841,118,498,136357,1062,3407,32,87,2008,0,48,2618,534,178,32624,1099,14,27168,5755,341,19650,20348,4537,6931,996,4064,4484,6505,580,186,1,37,2032,1824,5333,379,114,7,5954,60,4822,944,194
"7.14.20",8399,2,44,405,74,128,5125,60,330,9058,177,175,7100,36,6759,2884,120,503,140576,1121,3456,34,110,2085,0,50,2731,557,186,33519,1125,14,27884,5986,358,20536,20887,4663,7147,1067,4180,4685,6704,645,191,1,38,2252,1872,5641,405,125,7,6225,72,4975,969,210
"7.15.20",8632,2,44,443,75,135,5263,60,345,9246,184,181,7115,37,6921,2924,122,520,143207,1150,3463,34,119,2157,0,54,2787,573,192,34439,1148,16,28527,6225,386,21565,21448,4762,7385,1104,4265,4779,6921,666,194,1,38,2330,1926,5788,433,128,7,6346,72,5112,1005,221
"7.16.20",8741,2,46,488,82,140,5355,60,363,9609,190,184,7153,39,7074,2955,128,524,147678,1195,3551,35,121,2229,0,55,2864,581,200,35296,1171,16,28941,6448,387,22428,21857,4843,7718,1153,4343,4918,7011,705,209,1,39,2359,1960,6088,444,128,7,6493,75,5256,1037,221
"7.17.20",8920,2,48,521,86,146,5506,60,374,10091,203,185,7198,39,7233,2996,139,525,150424,1217,3844,35,126,2329,0,56,2930,598,209,36125,1210,16,29678,6572,397,23148,22491,4972,7930,1197,4414,5048,7103,723,214,1,40,2439,1988,6232,458,130,8,6698,77,5476,1058,231
"7.18.20",9117,2,49,575,89,182,5640,61,391,10518,212,189,7273,39,7728,3014,142,544,153152,1263,4094,35,137,2425,0,56,3028,609,213,36573,1236,17,30284,6748,405,23774,23116,5056,8123,1241,4495,5158,7278,758,217,1,42,2490,2025,6356,473,138,8,6837,79,5655,1080,237
"7.19.20",9256,2,51,580,89,187,5714,61,391,10778,215,195,7285,39,8447,3054,144,545,155917,1304,4177,37,137,2461,0,65,3087,612,220,36909,1249,17,30380,6994,410,24029,23684,5099,8313,1269,4529,5195,7427,760,219,1,42,2538,2080,6520,480,140,8,6884,79,5731,1130,240
"7.20.20",9279,2,53,615,90,217,5848,61,413,11042,225,194,7342,39,9234,3112,147,564,159045,1436,4260,38,153,2585,0,80,3213,632,228,37487,1367,17,31203,7378,431,24339,24137,5095,8588,1289,4616,5319,7735,765,234,1,42,2524,2154,6847,507,148,8,7002,79,5937,1158,258
"7.21.20",9426,2,55,688,96,227,6235,66,446,11564,229,198,7463,39,10068,3206,157,566,162025,1511,4323,41,160,2726,0,81,3412,660,238,38121,1416,19,32271,7798,442,25440,24522,5382,9155,1345,4740,5477,8014,842,242,1,48,2714,2206,6996,533,152,8,7475,79,6156,1207,269
"7.22.20",9714,2,58,724,98,236,6426,66,472,11914,236,201,7538,39,11188,3291,160,568,165134,1582,4378,41,166,2829,0,84,3542,687,251,38698,1472,20,33133,8038,463,26944,25109,5478,9633,1380,4803,5564,8291,873,247,1,52,2826,2261,7413,551,157,9,7668,95,6248,1236,288
"7.23.20",9961,2,61,756,102,242,6644,66,497,12328,246,208,7609,39,12323,3391,160,571,166868,1663,4428,44,178,2973,0,84,3664,713,260,39213,1522,21,33873,8232,476,28256,25110,5549,9866,1445,4902,5686,8483,894,255,1,53,2950,2295,7615,570,160,9,7926,97,6330,1282,297
"7.24.20",10253,2,66,782,102,255,6841,66,522,12731,251,210,7691,42,13360,3491,167,574,168935,1684,4522,44,188,3101,0,84,3757,741,268,39758,1554,22,34553,8580,483,29131,26101,5617,10195,1483,4961,5834,8683,937,263,1,53,3052,2351,7873,593,172,9,8195,103,6580,1332,307
"7.25.20",10401,2,67,841,103,265,6947,67,534,13033,260,212,7732,44,14192,3536,173,574,172325,1729,4567,46,190,3177,0,84,3814,746,270,40074,1599,22,34962,8684,490,29411,26704,5650,10352,1537,5030,5940,8792,946,264,1,54,3100,2418,8009,603,171,9,8340,103,6689,1360,312
"7.26.20",10531,2,67,853,103,270,7122,67,545,13376,265,214,7786,44,14561,3611,174,574,174017,1749,4600,46,206,3252,0,84,3910,769,274,40330,1631,22,35677,8983,493,29694,26987,5829,10643,1573,5085,5999,9011,977,268,1,54,3192,2509,8246,612,177,9,8422,117,6871,1411,313
"7.27.20",10688,2,72,875,103,271,7283,67,554,13660,277,218,7794,44,15003,3705,176,615,176028,1798,4674,46,209,3293,0,101,3969,769,281,40868,1682,22,35863,9102,496,30085,27511,5831,10734,1620,5115,6086,9182,991,278,1,54,3195,2511,8307,620,194,9,8492,119,7025,1442,328
"7.28.20",10921,2,77,889,105,290,7453,68,564,14114,289,218,7809,44,16896,3741,179,615,178642,1894,4703,48,222,3447,0,104,4056,824,291,41366,1762,22,36499,9440,501,30660,28010,5894,10964,1644,5178,6172,9333,1025,278,1,57,3290,2560,8519,653,201,9,8817,120,7073,1462,333
"7.29.20",11224,2,80,921,107,302,7547,68,594,14499,294,221,7830,45,17344,3775,179,621,183456,1946,4752,51,228,3606,0,104,4261,866,301,41896,1801,25,37010,9550,535,31339,28294,6047,11258,1681,5312,6279,9593,1058,300,1,58,3379,2605,8780,679,208,10,9058,122,7190,1491,350
"7.30.20",11355,2,97,949,111,315,7642,68,614,14980,297,228,7854,45,18411,3805,181,636,186036,2012,4840,53,232,3696,0,106,4361,874,305,42363,1824,25,37350,9716,556,32192,28676,6113,11447,1711,5376,6337,9734,1094,309,1,60,3462,2691,8931,699,210,10,9197,123,7333,1514,362
"7.31.20",11531,2,98,959,112,319,7725,68,622,15276,304,229,7891,46,19335,3827,191,639,188541,2041,4891,53,232,3790,0,106,4502,897,315,42846,1856,25,37654,9884,565,32514,29058,6132,11573,1754,5423,6439,9890,1125,308,1,61,3509,2752,9110,715,215,11,9395,124,7552,1525,369
"8.1.20",11680,2,109,1010,116,327,7896,68,643,15641,311,232,7925,46,19882,3968,194,644,190857,2108,4954,54,243,3973,2,106,4620,923,318,43127,1894,25,38259,10056,577,33131,29595,6302,11819,1806,5527,6529,10308,1171,315,1,64,3591,2897,9275,715,222,11,9550,127,7850,1560,387
"8.2.20",11786,2,117,1021,116,335,8025,68,649,15952,315,232,7925,46,20545,3984,201,645,192177,2128,4994,56,247,4012,2,106,4708,956,327,43338,1923,25,38552,10111,597,33828,29909,6303,11950,1829,5625,6596,10605,1169,321,1,65,3610,3012,9339,715,224,11,9623,127,8045,1591,393
"8.3.20",11919,2,119,1024,117,336,8099,68,651,16144,316,234,7959,58,20651,4128,201,645,193877,2150,5010,57,248,4029,2,106,4816,973,328,43753,1950,25,38688,10155,601,34168,30261,6325,12022,1871,5668,6644,10775,1161,325,1,67,3611,3086,9375,714,227,11,9733,127,8115,1601,393
"8.4.20",12088,2,123,1049,116,354,8243,69,674,16477,325,241,7980,60,21228,4185,206,645,195805,2169,5029,59,248,4086,3,106,4905,994,335,44231,1968,25,39037,10217,606,34410,30561,6574,12103,1896,5697,6655,11014,1209,338,1,71,3692,3116,9434,762,228,11,9896,131,8168,1630,398
"8.5.20",12246,2,123,1077,116,354,8395,69,698,16837,330,249,8042,63,21433,4214,209,648,198165,2184,5046,59,248,4120,3,107,4949,1022,340,44639,1993,25,39501,10273,611,34642,30921,6707,12167,1938,5702,6661,11103,1199,341,3,72,3752,3181,9491,781,233,11,9954,141,8198,1638,400
"8.6.20",12580,2,125,1101,117,358,8616,69,709,17248,332,266,8070,84,21724,4287,209,695,201200,2252,5068,60,260,4236,4,114,5014,1034,334,45011,2049,25,40318,10561,624,35024,31200,6743,12288,2010,5892,6684,11309,1224,346,3,73,3787,3267,9654,798,244,11,10199,140,8285,1666,407
"8.7.20",12912,2,125,1133,119,358,8844,69,730,17514,339,274,8091,82,22009,4339,215,697,204258,2258,5104,60,262,4359,4,115,5055,1057,337,45334,2082,25,40951,10811,645,35407,31859,6772,12411,2061,5955,6573,11438,1243,345,3,73,3847,3337,9769,808,248,11,10322,140,8399,1693,414
"8.8.20",13194,2,139,1181,122,368,9138,69,740,17762,344,277,8219,87,22626,4391,221,698,206778,2288,5128,60,264,4571,4,116,5115,1064,338,45525,2157,27,41462,11157,682,35899,32413,6827,12578,2092,6028,6662,11644,1256,346,3,73,3893,3407,10077,831,253,11,10535,147,8507,1729,431
"8.9.20",13348,2,153,1196,122,371,9248,69,754,18072,354,279,8316,87,23583,4470,225,698,208563,2335,5214,61,283,4736,4,116,5213,1064,345,45640,2215,27,41944,11314,685,36301,32839,6827,12953,2135,6101,6733,11907,1255,364,3,74,3959,3539,10383,858,267,11,10660,147,8679,1769,443
"8.10.20",13529,2,172,1215,121,387,9489,69,777,18208,381,277,8472,99,24440,4613,239,704,210543,2382,5252,62,364,4915,5,126,5372,1086,369,45949,2302,27,43346,12072,741,37576,33078,6823,13329,2219,6229,6933,12644,1248,387,3,88,4107,3650,10987,866,284,11,10783,147,8898,1844,528
"8.11.20",14071,2,187,1339,161,390,10049,73,792,18574,380,283,8525,99,24995,4721,243,704,210874,2690,5298,62,385,5324,5,127,5638,1145,371,46305,2397,31,44288,12311,748,38685,33276,6996,14018,2245,6346,7006,12950,1362,419,4,90,4212,3766,11741,965,291,11,11427,151,9001,1916,541
"8.12.20",14328,2,197,1360,157,394,10343,74,801,18923,388,281,8573,99,25179,4761,253,710,214283,2698,5435,63,386,5781,5,127,5933,1164,370,46572,2421,31,44798,12541,749,39036,33531,7202,14180,2274,6434,7113,13032,1392,420,4,90,4265,3861,11843,988,291,12,11496,155,9054,1925,550
"8.13.20",14499,2,198,1388,162,395,10585,74,810,19396,392,281,8647,99,25499,4849,263,711,214425,2694,5515,63,401,5949,5,127,5939,1182,375,46908,2464,32,45378,13250,755,39629,33817,7285,14563,2294,6510,7195,13287,1394,431,5,95,4312,3916,12122,993,304,12,11728,157,9163,1942,570
"8.14.20",15023,2,209,1427,165,399,10934,76,834,20145,395,294,8763,117,25888,4978,267,711,218831,2896,5613,63,432,6470,5,129,6135,1233,390,47212,2550,33,46507,13658,781,40683,34241,7475,14952,2433,6662,7369,13815,1429,449,5,98,4428,4101,12564,1040,307,12,12048,160,9362,1995,608
"8.15.20",15279,2,210,1452,167,401,11147,77,845,20848,398,301,8801,125,26266,5064,268,711,220867,2970,5640,64,444,6660,5,129,6176,1235,389,47378,2555,33,46771,14031,803,41475,34527,7609,15140,2472,6867,7405,14136,1461,461,6,100,4484,4151,12730,1047,314,12,12301,160,9428,2035,625
"8.16.20",15452,2,215,1475,167,407,11296,77,850,21257,400,301,8890,127,26570,5171,269,711,221971,3033,5676,64,451,6748,5,129,6530,1244,392,47470,2587,33,47720,14223,813,41970,34875,7610,15315,2505,6949,7435,14360,1461,468,6,102,4486,4346,12858,1072,320,14,12373,161,9459,2061,649
"8.17.20",15568,2,215,1506,167,408,11483,77,853,21568,402,302,8904,127,26788,5274,270,711,223230,3070,5695,64,454,6818,5,129,6568,1260,396,47722,2614,33,48114,14346,820,42259,35173,7608,15350,2538,6994,7505,14577,1466,470,6,103,4486,4419,12945,1072,326,14,12529,162,9546,2087,650
"8.18.20",15742,2,215,1534,174,415,11730,78,873,22057,407,315,8975,143,26968,5294,274,711,224105,3146,5721,64,468,6944,5,132,6706,1279,402,47986,2649,34,48501,14623,834,43090,35389,8024,15537,2546,7082,7539,14817,1523,471,6,104,4707,4525,13142,1127,335,14,12680,164,9597,2106,682
"8.19.20",15991,2,219,1560,177,415,11938,78,877,22432,414,316,9048,143,27184,5327,277,711,225827,3179,5736,69,495,7086,5,131,6709,1298,411,48267,2665,36,48795,14778,851,43493,35636,8244,15706,2565,7154,7566,15026,1568,478,6,104,4814,4633,13307,1147,344,14,12802,164,9653,2130,704
"8.20.20",16292,2,222,1592,179,415,12152,78,888,22809,414,318,9093,147,27378,5375,280,719,227346,3220,5759,69,497,7180,5,131,6908,1311,414,48514,2687,36,49007,15006,864,43902,35883,8270,15808,2602,7196,7638,15194,1595,481,6,103,4850,4756,13365,1159,352,14,12953,164,9812,2154,712
"8.21.20",16531,2,223,1625,182,418,12378,78,892,23119,418,331,9173,147,27658,5420,281,720,229054,3294,5776,69,505,7364,5,131,6990,1322,419,48801,2704,36,49464,15261,889,44528,36205,8383,15918,2652,7261,7712,15431,1631,489,6,109,4898,4835,13536,1174,359,14,13049,166,9934,2168,720
"8.22.20",16766,2,224,1661,187,419,12568,80,907,23477,421,334,9251,147,27915,5476,291,720,230662,3353,5803,69,529,7500,5,132,7097,1333,424,48953,2740,37,49999,15530,910,45086,36513,8576,16100,2672,7369,7752,15622,1642,496,6,114,4952,4910,13649,1190,370,14,13245,167,10030,2192,741
"8.23.20",16905,2,227,1680,187,424,12688,80,908,23695,421,341,9250,147,28140,5657,299,720,231695,3424,5821,69,550,7581,5,132,7189,1353,434,49057,2778,37,50349,16098,936,45297,36861,8572,16101,2691,7458,7792,15944,1642,504,6,115,4986,5037,13769,1204,383,16,13352,169,10199,2214,753
"8.24.20",17033,2,227,1692,187,425,12952,80,915,23902,421,340,9330,147,28234,5681,302,721,232893,3442,5849,69,550,7613,5,132,7228,1363,436,49290,2799,37,50554,16333,959,45496,37075,8630,16598,2717,7510,7851,16083,1642,508,6,115,4990,5090,13830,1220,390,16,13412,175,10338,2243,753
"8.25.20",17399,2,227,1761,196,430,13229,83,935,24223,429,342,9388,147,28520,5731,304,721,233777,3470,5875,70,571,7701,5,132,7350,1379,443,49545,2835,39,50947,16617,971,45843,37370,8857,16829,2743,7644,7921,16233,1724,514,6,117,5127,5167,14209,1260,396,16,13567,177,10394,2258,778
"8.26.20",17494,2,229,1809,201,433,13297,86,945,24363,429,357,9460,160,28612,5749,308,722,235386,3483,5902,70,581,7729,5,144,7456,1387,445,49777,2855,39,51196,16724,976,46142,37620,8947,16879,2774,7664,7971,16317,1742,514,6,117,5144,5302,14298,1276,398,16,13622,177,10498,2283,782
"8.27.20",17705,2,233,1849,204,438,13428,107,949,24661,429,358,9615,160,28854,5788,314,722,236986,3490,5944,71,581,7774,5,148,7518,1402,448,50013,2880,39,51364,16891,985,46651,37924,9023,17024,2821,7737,8001,16529,1750,515,6,126,5181,5376,14420,1297,400,17,13720,179,10576,2297,810
"8.28.20",17853,2,234,1933,207,441,13572,107,956,24911,429,362,9663,164,28961,5858,320,722,238458,3577,6006,71,588,7812,6,148,7608,1408,451,50202,2902,39,51571,17135,1014,46865,38229,9144,17149,2862,7792,8068,16730,1763,519,6,127,5233,5444,14519,1309,412,17,13830,181,10703,2327,813
"8.29.20",18013,2,239,1995,211,440,13714,108,965,25120,437,363,9705,164,29105,5936,329,722,239756,3630,6022,71,596,7876,9,148,7697,1419,455,50319,2946,39,51983,17604,1043,47165,38507,9300,17529,2930,7938,8119,16932,1762,525,6,129,5317,5557,14826,1334,419,17,13944,183,10804,2361,825
"8.30.20",18224,2,240,2035,211,440,13832,108,969,25262,437,362,9710,164,29230,6030,334,722,240749,3652,6075,71,611,7969,10,148,7833,1429,458,50401,2972,39,52294,17767,1069,47517,38778,9304,17673,2947,8023,8156,17080,1759,528,6,133,5317,5610,14937,1352,421,19,14040,183,10874,2395,835
"8.31.20",18275,2,243,2116,212,443,13954,108,972,25485,437,374,9766,164,29324,6067,341,724,241768,3688,6089,71,618,8000,10,148,7856,1440,460,50635,3000,39,52576,18015,1078,47686,39103,9306,17844,2964,8075,8192,17246,1758,531,6,135,5316,5670,15051,1366,423,19,14041,183,10970,2428,833
"9.1.20",18509,2,244,2193,228,454,14053,108,979,25848,449,378,9789,175,29459,6118,341,727,242521,3730,6117,71,626,8055,10,148,7943,1452,463,50888,3024,39,52855,18233,1087,47688,39403,9508,17953,2984,8142,8210,17354,1768,530,6,136,5453,5753,15159,1390,424,19,14214,188,11004,2446,844
"9.2.20",18652,2,245,2288,235,460,14154,109,982,26093,457,381,9839,175,29602,6172,342,730,243935,3763,6146,73,636,8107,11,148,8087,1460,465,51089,3058,39,52994,18372,1105,48084,39691,9603,18233,3016,8158,8275,17708,1866,534,6,136,5478,5866,15239,1402,431,20,14356,195,11141,2455,859
"9.3.20",18820,2,274,2321,238,464,14265,109,991,26289,460,390,10090,175,29763,6230,347,732,244999,3808,6190,73,638,8147,14,147,8145,1472,467,51318,3081,39,53415,18571,1119,48486,40030,9652,18371,3038,8221,8347,17914,1886,538,6,137,5514,6017,15377,1413,438,20,14466,198,11220,2481,870
"9.4.20",18976,2,274,2372,237,467,14417,109,1000,26463,463,390,10143,173,29858,6289,347,732,246407,3866,6266,74,646,8225,15,148,8225,1481,469,51535,3113,42,53684,18784,1135,48819,40499,9712,18478,3064,8285,8410,18109,1912,539,6,138,5568,6070,15470,1426,444,20,14560,198,11285,2501,887
"9.5.20",19107,2,274,2453,237,472,14519,109,1015,26642,474,402,10158,173,30040,6548,359,732,247542,3879,6274,74,658,8308,19,148,8318,1490,475,51645,3153,42,53863,18974,1151,49124,40951,9831,18597,3099,8362,8474,18346,1921,547,6,140,5595,6169,15603,1446,449,20,14638,199,11368,2540,905
"9.6.20",19165,2,275,2494,235,475,14630,109,1016,26788,474,404,10159,173,30080,6591,362,732,248334,3895,6291,74,672,8340,20,148,8420,1507,481,51719,3181,42,54053,19147,1176,49248,41271,9833,18598,3117,8397,8504,18530,1919,553,6,141,5635,6232,15697,1452,457,20,14700,199,11429,2562,916
"9.7.20",19326,2,276,2498,234,475,14703,109,1019,26884,488,416,10206,173,30179,6661,367,732,248821,3917,6311,74,687,8394,20,148,8481,1522,484,51783,3200,42,54263,19311,1178,49368,41493,9833,18592,3132,8419,8549,18631,1919,559,6,142,5656,6288,15756,1469,455,20,14702,201,11577,2571,926
"9.8.20",19437,2,276,2502,233,475,14809,109,1019,26962,492,420,10205,173,30202,6689,370,732,249241,3933,6328,74,690,8394,20,148,8509,1526,485,52004,3218,42,54259,19431,1186,49361,41731,9842,18592,3136,8470,8558,18681,1920,559,6,145,5670,6376,15840,1474,460,20,14702,202,11592,2587,926
"9.9.20",19543,2,276,2610,242,479,14888,109,1028,27050,508,420,10240,177,30371,6752,371,732,249859,3955,6336,74,695,8454,20,148,8545,1539,491,52184,3235,42,54414,19495,1197,49593,41990,10017,18841,3147,8488,8599,18795,1984,565,6,146,5696,6417,15906,1488,464,21,14855,209,11617,2611,939
"9.10.20",19654,2,277,2639,244,482,14981,112,1028,27114,511,422,10258,180,30440,6770,377,733,251024,4008,6359,74,697,8474,21,148,8588,1544,493,52399,3246,42,54514,19640,1199,49797,42286,10104,18897,3177,8539,8623,18906,2003,569,6,146,5712,6444,15957,1495,468,22,14933,211,11723,2619,944
"9.11.20",19770,2,277,2654,242,484,15073,115,1032,27248,515,426,10293,180,30563,6801,382,734,252066,4047,6379,74,700,8502,21,148,8613,1551,498,52582,3267,42,54817,20035,1200,50014,42674,10155,19062,3207,8621,8663,19101,2016,571,6,148,5758,6489,16066,1506,468,23,15008,214,11830,2639,949
"9.12.20",19904,2,278,2678,246,486,15210,116,1042,27408,517,430,10312,181,30622,6926,393,734,253176,4087,6408,75,700,8547,21,150,8761,1564,497,52706,3293,42,55161,20207,1206,50277,43125,10280,19151,3237,8769,8714,19366,2035,572,6,150,5788,6551,16131,1530,473,22,15097,214,11891,2653,966
"9.13.20",19961,2,279,2690,246,486,15360,116,1043,27528,517,434,10311,180,30735,6968,397,734,253985,4119,6410,75,707,8589,21,150,8844,1571,501,52800,3304,42,55342,20302,1215,50302,43399,10277,19153,3257,8821,8762,19492,2035,586,6,152,5826,6612,16218,1540,478,21,15178,214,11989,2682,970
"9.14.20",20000,2,281,2692,244,486,15430,116,1047,27573,521,437,10348,180,30850,6981,407,737,254656,4133,6424,75,710,8607,21,150,8864,1584,504,52987,3315,42,55606,20400,1231,50499,43642,10278,19155,3265,8857,8764,19582,2037,587,6,153,5850,6650,16283,1550,477,21,15177,214,12038,2694,980
"9.15.20",20081,2,282,2745,248,497,15500,129,1054,27656,531,456,10384,180,30916,7008,416,737,255049,4151,6438,75,724,8647,21,150,8963,1588,509,53196,3344,44,55691,20511,1235,50670,43956,10439,19358,3279,8905,8796,19647,2101,630,6,153,5894,6721,16354,1557,486,22,15289,215,12070,2715,994
"9.16.20",20162,2,284,2756,254,497,15552,131,1057,27730,539,455,10409,180,31076,7033,417,741,256148,4167,6445,75,727,8660,22,150,9017,1595,510,53392,3364,45,55943,20634,1242,50847,44241,10527,19422,3302,8954,8837,19721,2112,638,6,155,5915,6751,16373,1568,487,22,15402,216,12212,2716,1003
"9.17.20",20301,2,284,2773,254,499,15655,131,1066,27838,541,466,10444,180,31148,7048,433,742,257271,4181,6472,75,737,8685,22,150,9133,1600,510,53611,3381,45,56147,20919,1250,51109,44436,10589,19485,3316,8994,8852,19862,2179,663,6,156,5931,6774,16468,1573,489,22,15439,220,12308,2731,1018
"9.18.20",20377,2,285,2791,255,504,15746,131,1072,27916,541,470,10468,181,31261,7095,458,744,258516,4240,6490,75,739,8705,22,150,9203,1612,520,53806,3402,45,56389,21129,1255,51445,44836,10669,19577,3345,9072,8897,20095,2204,671,6,156,5977,6876,16530,1587,492,22,15532,222,12380,2739,1023
"9.19.20",20510,2,285,2801,256,507,15862,132,1077,28024,547,471,10504,181,31379,7163,465,745,259817,4266,6528,75,750,8732,22,150,9257,1622,521,53957,3425,47,56708,21321,1274,51695,45127,10767,19627,3386,9168,8935,20207,2223,690,6,156,6014,6925,16603,1603,500,23,15586,223,12476,2746,1026
"9.20.20",20589,2,286,2817,256,510,15996,132,1083,28125,550,472,10504,181,31509,7192,492,745,260797,4286,6549,75,765,8761,22,150,9332,1634,527,54060,3465,47,56930,21418,1289,51904,45434,10769,19625,3410,9208,8953,20367,2225,699,6,156,6036,6974,16660,1625,511,23,15632,227,12554,2752,1032
"9.21.20",20668,2,286,2822,256,517,16088,132,1084,28204,556,473,10530,181,31572,7331,508,745,261446,4304,6554,75,778,8765,22,150,9351,1649,531,54301,3486,47,57154,21593,1296,52001,45811,10769,19633,3423,9249,8985,20470,2283,700,6,156,6035,7037,16694,1635,515,23,15639,227,12629,2759,1036
"9.22.20",20775,2,287,2829,258,518,16170,137,1086,28312,560,476,10538,181,31647,7430,516,747,262133,4333,6578,75,795,8787,24,152,9416,1660,539,54568,3505,48,57226,21770,1303,52246,46054,10919,19809,3437,9301,9001,20552,2292,727,6,159,6123,7088,16739,1639,531,23,15736,230,12665,2770,1038
"9.23.20",20888,2,288,2843,258,521,16247,137,1098,28390,561,477,10596,181,31712,7442,519,748,263333,4341,6584,75,803,8803,24,152,9476,1661,539,54848,3519,48,57421,21846,1303,52479,46351,10953,19840,3464,9361,9027,20613,2311,760,6,159,6139,7112,16786,1647,535,23,15787,229,12753,2773,1041
"9.24.20",21010,2,288,2856,258,523,16332,137,1103,28479,567,482,10631,191,31785,7464,531,748,264414,4374,6605,75,813,8832,24,152,9569,1669,543,55121,3527,48,57658,22010,1306,52804,46541,11019,19906,3497,9386,9063,20730,2328,778,6,159,6153,7184,16844,1647,542,23,15878,230,12781,2783,1045
"9.25.20",21086,2,289,2872,257,528,16481,138,1114,28576,570,489,10690,191,31865,7486,539,749,265775,4399,6639,75,822,8850,26,152,9608,1677,545,55370,3540,48,57956,22158,1316,53164,46961,11093,19966,3529,9457,9102,20853,2339,814,6,159,6195,7223,16904,1656,548,23,15940,229,12829,2791,1052
"9.26.20",21194,2,291,2880,257,529,16588,138,1137,28714,576,491,10730,191,31947,7573,549,749,266988,4440,6658,75,840,8861,26,151,9678,1689,550,55476,3564,48,58254,22295,1323,53472,47307,11141,20039,3563,9519,9137,21009,2367,864,6,159,6225,7306,16946,1663,562,24,16007,229,12897,2796,1059
"9.27.20",21253,2,291,2886,257,531,16676,138,1140,28819,576,492,10752,192,31994,7677,555,749,267801,4446,6680,75,850,8874,26,151,9751,1698,553,55578,3575,48,58689,22382,1329,53477,47600,11142,20040,3579,9576,9166,21134,2390,892,6,159,6227,7358,16982,1673,575,24,16046,230,12944,2803,1062
"9.28.20",21313,2,294,2891,257,531,16734,138,1154,28895,585,495,10786,192,32019,7697,559,749,268455,4468,6693,75,854,8890,26,151,9808,1713,554,55835,3585,48,58758,22418,1334,53851,47741,11142,20041,3584,9592,9198,21223,2390,893,6,159,6270,7391,17007,1677,581,24,16055,231,12990,2816,1065
"9.29.20",21421,2,294,2902,261,534,16797,142,1161,29005,589,497,10820,192,32073,7719,566,750,269284,4483,6709,76,858,8913,26,152,9856,1735,555,56105,3583,48,59060,22573,1339,54103,48012,11170,20154,3598,9629,9226,21276,2414,956,6,160,6319,7448,17052,1678,587,24,16197,230,13059,2825,1074
"9.30.20",21454,2,294,2912,258,534,16902,140,1167,29091,592,497,10877,193,32128,7723,567,750,270299,4507,6717,76,871,8949,26,153,9930,1736,556,56346,3598,48,59278,22640,1340,54339,48231,11275,20212,3614,9644,9264,21362,2437,989,6,160,6331,7516,17084,1681,596,23,16266,230,13155,2829,1078
"10.1.20",21535,2,294,2919,257,536,16981,140,1172,29184,593,499,10937,195,32184,7726,572,753,271371,4538,6728,76,878,8965,26,153,9991,1737,559,56561,3612,48,59501,22741,1344,54702,48557,11312,20268,3642,9691,9293,21442,2450,1005,6,160,6368,7591,17114,1685,608,23,16338,229,13260,2840,1085
"10.2.20",21594,2,296,2933,259,537,17085,141,1179,29245,594,503,11033,195,32343,7757,579,756,272653,4567,6735,76,887,8984,26,153,10030,1745,559,56782,3625,48,59887,22846,1345,54968,48883,11428,20302,3671,9755,9312,21589,2495,1060,6,161,6401,7684,17174,1694,621,23,16404,231,13336,2852,1093
"10.3.20",21701,2,296,2948,259,537,17171,142,1199,29365,601,504,11099,198,32443,7928,588,756,273638,4595,6746,76,902,9009,26,155,10125,1760,560,56899,3661,48,60208,23104,1349,55359,49308,11505,20390,3687,9832,9334,21717,2508,1131,6,162,6435,7769,17219,1706,632,23,16488,230,13371,2870,1100
"10.4.20",21789,2,297,2957,259,537,17278,142,1207,29456,601,506,11136,199,32491,7960,589,756,274565,4617,6759,76,909,9029,26,155,10177,1767,563,56997,3677,49,60470,23190,1353,55458,49561,11506,20388,3705,9869,9354,21825,2515,1173,6,163,6461,7816,17289,1712,639,29,16513,232,13422,2882,1106
"10.5.20",21829,2,299,2964,259,537,17336,142,1213,29527,603,506,11178,201,32522,7973,592,756,274942,4628,6769,76,917,9044,26,156,10224,1768,567,57222,3683,49,60677,23235,1354,55460,49811,11510,20393,3727,9907,9389,21906,2524,1174,6,163,6491,7839,17317,1720,644,30,16524,232,13466,2896,1111
"10.6.20",21893,3,301,2979,261,538,17381,144,1223,29413,604,508,11205,202,32609,7984,596,757,275856,4640,6784,77,924,9058,26,157,10272,1778,569,57466,3693,49,60820,23350,1356,55777,49996,11549,20558,3740,9945,9411,21959,2542,1258,6,164,6522,7917,17353,1723,662,33,16642,233,13503,2906,1117
"10.7.20",21933,3,302,2981,262,539,17432,149,1231,29463,615,512,11298,203,32674,7989,599,757,277445,4650,6808,77,931,9070,27,157,10311,1782,570,57701,3706,50,61086,23408,1361,56104,50367,11588,20607,3766,9991,9431,22038,2550,1284,6,164,6542,8015,17386,1724,668,33,16677,233,13599,2911,1123
"10.8.20",22023,3,302,2989,262,540,17505,151,1242,29510,616,515,11415,203,32741,8009,604,757,278665,4669,6828,77,934,9095,27,158,10382,1787,574,57959,3728,50,61338,23510,1365,56519,50682,11645,20663,3802,10055,9456,22140,2567,1321,6,166,6572,8086,17427,1726,678,33,16775,236,13671,2921,1129
"10.9.20",22122,3,303,3010,262,542,17575,161,1246,29607,617,516,11526,204,32831,8034,610,762,279909,4678,6856,77,937,9121,27,159,10408,1803,579,58166,3750,50,61763,23634,1365,56802,51071,11657,20740,3827,10151,9478,22296,2587,1369,6,166,6630,8156,17518,1733,684,33,16854,236,13743,2935,1132
"10.10.20",22177,3,304,3016,262,542,17654,161,1252,29687,623,518,11601,205,32878,8121,630,762,281165,4694,6870,77,939,9131,27,159,10449,1812,582,58311,3771,51,62080,23717,1368,57053,51402,11700,20800,3849,10229,9499,22400,2604,1490,6,171,6671,8258,17583,1736,695,27,16928,239,13797,2946,1137
"10.11.20",22256,3,305,3022,262,542,17767,161,1254,29822,625,521,11624,205,32966,8137,631,762,282135,4712,6888,77,948,9151,27,159,10484,1819,587,58407,3801,51,62349,23806,1372,57369,51828,11696,20804,3891,10251,9522,22533,2610,1532,6,172,6701,8342,17638,1743,704,27,16965,240,13881,2959,1140
"10.12.20",22329,3,305,3031,262,542,17817,161,1266,29934,626,522,11699,205,33020,8150,633,763,282982,4722,6904,77,951,9168,27,159,10514,1827,588,58644,3822,51,62520,23835,1374,57609,52045,11696,20815,3892,10273,9545,22625,2622,1533,6,172,6758,8400,17698,1742,710,27,16974,240,13899,2971,1144
"10.13.20",22389,3,306,3048,262,542,17872,163,1274,29994,629,523,11737,211,33089,8155,639,763,283750,4733,6918,77,954,9208,28,160,10615,1833,590,58911,3840,51,62524,23958,1378,57786,52350,11696,20942,3910,10297,9572,22725,2635,1624,6,173,6777,8479,17738,1749,719,27,17061,241,13931,2990,1146
"10.14.20",22433,3,308,3051,266,544,17909,163,1276,30069,629,531,11775,213,33145,8162,642,765,285016,4746,6926,77,959,9228,27,161,10658,1845,591,59161,3844,52,62854,24041,1379,58151,52670,11820,20969,3920,10320,9592,22782,2650,1571,6,176,6802,8537,17766,1748,723,29,17110,242,13987,3015,1150
"10.15.20",22474,3,309,3056,267,544,17984,164,1278,30152,632,531,11832,215,33225,8178,642,767,286183,4758,6931,77,967,9241,26,161,10719,1850,593,59405,3863,52,63067,24096,1383,58449,52837,11846,21018,3954,10351,9609,22855,2688,1653,6,176,6846,8594,17815,1753,728,29,17178,242,14044,3023,1154
"10.16.20",22523,3,309,3061,267,545,18048,166,1286,30224,632,533,11898,217,33286,8190,644,768,287222,4772,6952,78,978,9275,26,161,10770,1863,597,59633,3879,52,63237,24172,1387,58617,53166,11881,21054,3972,10416,9633,22967,2698,1678,6,177,6895,8675,17879,1757,739,29,17240,243,14104,3039,1158
"10.17.20",22602,3,309,3069,267,545,18097,167,1290,30340,633,535,11975,217,33373,8196,663,768,288136,4796,6977,78,981,9304,26,161,10850,1874,598,59776,3913,52,63423,24332,1388,58799,53381,11919,21077,3999,10434,9672,23044,2712,1697,6,177,6945,8748,17918,1763,766,29,17278,247,14149,3054,1167
"10.18.20",22756,3,313,3078,267,545,18212,167,1296,30482,634,540,12000,220,33448,8205,670,768,288451,4807,6988,78,992,9321,26,161,10916,1890,600,59902,3953,52,64026,24453,1394,59284,53765,11921,21082,4029,10514,9694,23216,2724,1726,6,177,6978,8804,17985,1765,776,29,17340,251,14208,3069,1179
"10.19.20",22858,3,313,3085,268,545,18265,167,1300,30591,635,543,12050,223,33497,8219,673,768,289366,4824,7000,78,1005,9334,26,162,10951,1900,608,60186,3977,52,64298,24570,1394,59664,54166,11922,21094,4038,10579,9719,23348,2737,1727,6,177,7019,8854,18046,1774,795,32,17348,253,14238,3079,1186
"10.20.20",22962,3,313,3086,273,547,18338,169,1308,30665,639,545,12129,223,33551,8224,675,769,290009,4860,7013,78,1008,9355,26,162,10986,1920,614,60485,4012,53,64750,24795,1397,59982,54457,12056,21345,4065,10670,9751,23453,2742,1766,6,178,7060,8928,18081,1784,815,34,17464,256,14291,3093,1194
"10.21.20",23069,3,313,3100,272,547,18391,169,1318,30779,641,548,12225,225,33630,8233,676,770,290486,4868,7021,78,1015,9351,26,162,11052,1926,615,60811,4022,58,65088,24937,1400,60361,54752,12020,21382,4078,10741,9770,23584,2761,1796,6,179,7104,9013,18137,1787,826,34,17517,257,14363,3105,1197
"10.22.20",23133,3,317,3105,273,548,18485,168,1322,30927,644,548,12326,225,33669,8248,678,771,294065,4884,7033,78,1020,9357,26,162,11107,1936,618,61077,4051,62,65438,25083,1402,60822,55015,12036,21469,4106,10807,9800,23668,2770,1818,6,179,7132,9078,18166,1795,854,36,17592,258,14440,3126,1202
"10.23.20",23265,3,324,3120,273,548,18575,171,1324,31054,645,553,12413,231,33775,8265,689,774,296821,4925,7048,78,1023,9361,28,165,11150,1950,622,61332,4088,63,65864,25253,1411,61289,55464,12062,21554,4127,10883,9843,23869,2790,1865,6,182,7190,9139,18234,1798,864,36,17674,260,14510,3150,1210
"10.24.20",23319,3,328,3139,274,549,18660,171,1331,31219,651,553,12485,231,33813,8275,696,775,298937,4935,7061,78,1026,9385,28,173,11208,1965,626,61517,4108,63,66262,25401,1416,61800,55877,12120,21657,4144,10953,9873,24025,2808,1898,6,184,7205,9206,18319,1805,874,35,17757,275,14558,3174,1214
"10.25.20",23415,3,330,3148,274,549,18733,171,1342,31330,653,554,12588,231,33881,8294,695,776,299760,4947,7071,78,1028,9386,28,173,11238,1971,634,61644,4155,63,66566,25474,1422,62008,56159,12120,21663,4152,10998,9906,24134,2822,1909,6,186,7213,9262,18402,1812,882,36,17794,277,14619,3200,1223
"10.26.20",23507,3,331,3156,274,549,18811,171,1350,31454,661,554,12670,231,33928,8314,697,779,300614,4965,7083,78,1030,9411,28,173,11268,1975,636,61911,4176,63,66865,25586,1423,62340,56549,12120,21672,4161,11048,9919,24305,2841,1909,6,189,7287,9343,18437,1818,894,36,17805,277,14655,3216,1230
"10.27.20",23589,3,335,3170,277,550,18860,173,1365,31588,668,559,12699,236,34027,8463,700,782,302077,4986,7090,79,1037,9486,33,175,11326,1988,640,62134,4213,63,67115,25734,1427,62829,56856,12266,21856,4176,11085,9966,24416,2848,1982,6,191,7314,9417,18501,1833,915,38,17916,281,14675,3226,1239
"10.28.20",23694,3,337,3200,278,552,18922,173,1377,31692,675,559,12749,243,34114,8538,700,784,303369,4999,7099,80,1042,9517,33,182,11397,2007,647,62434,4254,67,67464,25872,1428,63263,57209,12310,21935,4229,11112,9965,24551,2870,2016,6,192,7378,9485,18553,1841,923,38,17988,283,14744,3240,1249
"10.29.20",23757,4,338,3212,278,553,19028,174,1384,31824,675,559,12788,243,34154,8554,702,788,305070,5016,7103,81,1063,9534,34,182,11494,2019,650,62728,4288,69,67753,26013,1430,63462,57598,12362,21975,4258,11156,9997,24662,2884,2029,6,196,7469,9566,18588,1853,927,39,18061,285,14830,3256,1252
"10.30.20",23904,8,344,3231,279,555,19170,175,1400,31919,676,561,12872,246,34308,8617,720,789,306327,5039,7117,81,1067,9577,37,199,11562,2038,652,62985,4354,80,68267,26183,1439,64016,58098,12434,22100,4292,11218,10034,24859,2908,2069,6,203,7513,9635,18680,1861,934,41,18134,292,14926,3273,1260
"10.31.20",24010,8,347,3243,280,556,19257,175,1404,32076,681,561,12931,246,34378,8667,724,795,307618,5063,7132,81,1071,9635,38,200,11615,2050,662,63197,4393,85,68713,26352,1447,64523,58502,12488,22175,4321,11264,10054,25005,2929,2144,6,211,7561,9681,18755,1877,955,42,18224,296,14994,3300,1264
"11.1.20",24126,8,352,3258,282,568,19342,175,1408,32134,691,568,12988,246,34457,8697,727,800,309197,5072,7144,81,1079,9665,50,218,11667,2077,664,63353,4442,86,69051,26480,1450,64856,58883,12487,22185,4342,11291,10074,25138,2956,2195,6,216,7607,9721,18812,1889,967,42,18247,301,15063,3313,1278
"11.2.20",24227,16,357,3272,282,572,19436,175,1419,32279,697,569,13025,248,34563,8711,728,800,310606,5088,7152,81,1081,9703,50,219,11685,2091,675,63783,4482,86,69426,26714,1458,65167,59230,12492,22191,4343,11339,10106,25270,2978,2198,6,227,7681,9829,18876,1897,973,43,18278,308,15172,3328,1285
"11.3.20",24293,18,361,3289,287,573,19514,187,1459,32414,704,570,13066,249,34676,8843,732,808,311844,5114,7168,81,1089,9758,56,218,11789,2140,689,64196,4537,86,69934,26881,1462,65869,59568,12642,22389,4414,11417,10134,25434,3015,2316,6,230,7707,9940,18960,1916,990,49,18414,308,15235,3353,1300
"11.4.20",24412,18,362,3302,290,572,19570,188,1463,32532,707,571,13110,252,34779,8882,735,817,313606,5140,7179,81,1094,9763,58,245,11834,2143,695,64648,4549,88,70221,27047,1463,66447,60016,12706,22483,4434,11467,10156,25536,3033,2356,6,233,7749,9999,19005,1918,999,51,18501,316,15362,3371,1317
"11.5.20",24512,22,363,3325,333,575,19757,192,1484,32664,709,581,13201,252,34973,8913,739,822,315615,5190,7193,81,1117,9801,58,316,11881,2168,707,65159,4653,90,70812,27275,1476,66986,60575,12786,22617,4506,11546,10211,25700,3059,2441,6,239,7858,10098,19100,1927,1017,55,18626,318,15542,3401,1327
"11.6.20",24631,23,369,3346,359,581,19848,194,1493,32910,714,587,13254,251,35063,8953,741,853,317696,5200,7206,81,1118,9831,60,317,12015,2199,713,65633,4711,90,71183,27533,1478,67331,61085,12886,22727,4580,11598,10252,25880,3099,2516,7,248,7975,10177,19169,1939,1026,55,18739,322,15662,3430,1340
"11.7.20",24822,23,375,3377,360,584,20047,194,1513,33145,715,590,13412,257,35205,9077,751,861,319977,5242,7237,89,1123,9911,63,361,12132,2270,732,65868,4776,94,71968,27819,1488,68546,61656,13042,22830,4723,11722,10295,26293,3166,2589,7,253,8082,10235,19314,1976,1045,56,18857,333,15807,3496,1354
"11.8.20",24977,23,376,3391,360,584,20136,195,1521,33289,715,605,13453,257,35394,9104,754,877,322219,5263,7249,88,1134,9945,66,361,12228,2285,737,66068,4831,102,72284,28105,1495,69034,62205,13048,22833,4756,11794,10320,26492,3170,2626,7,258,8148,10264,19358,1983,1056,61,18918,347,15952,3502,1374
"11.9.20",25145,25,380,3415,360,584,20300,195,1534,33463,723,607,13533,257,35467,9222,755,1025,323765,5279,7259,88,1137,9984,66,361,12264,2320,751,66627,4879,102,72942,28249,1505,69676,62622,13051,22835,4809,11868,10356,26744,3230,2631,10,270,8271,10345,19448,2013,1073,62,18947,352,16024,3532,1385
"11.10.20",25258,26,384,3449,367,591,20435,196,1570,33772,731,610,13596,257,35610,9319,762,1121,326034,5302,7282,88,1142,10057,74,452,12459,2352,757,67197,4949,108,73233,28727,1507,70370,63175,13280,23193,4845,11950,10399,26968,3257,2745,10,278,8317,10449,19575,2039,1102,78,19136,360,16084,3583,1397
"11.11.20",25393,26,389,3474,373,592,20563,203,1583,34071,738,623,13649,260,35818,9353,763,1136,328058,5327,7291,88,1147,10145,75,452,12549,2378,764,67668,5029,111,73895,29021,1511,71111,63873,13357,23336,4900,12019,10429,27127,3283,2833,11,277,8371,10533,19678,2054,1109,80,19230,361,16262,3616,1405
"11.12.20",25600,30,392,3488,373,592,20732,203,1593,34278,744,625,13647,260,36069,9428,764,1161,330514,5353,7291,89,1147,10180,77,451,12625,2413,803,68343,5100,121,74369,29514,1524,71521,64524,13360,23342,4969,12097,10476,27314,3353,2902,11,294,8437,10637,19824,2081,1122,80,19305,361,16487,3656,1415
"11.13.20",25770,30,397,3546,378,599,20913,208,1635,34553,772,638,13818,267,36227,9522,770,1231,332977,5424,7330,89,1178,10261,77,457,12831,2455,822,69060,5187,125,75169,29850,1552,72697,65217,13588,23675,5032,12194,10561,27663,3381,3071,11,303,8546,10721,20002,2128,1172,83,19512,435,16652,3726,1440
"11.14.20",25974,30,404,3587,386,602,21089,219,1673,34843,793,643,13961,268,36470,9585,773,1240,336671,5456,7349,91,1186,10365,80,463,13016,2488,859,69598,5286,128,75970,30365,1573,73691,65992,13735,23883,5148,12305,10640,28018,3440,3287,11,316,8676,10807,20162,2190,1211,86,19691,456,16791,3775,1458
"11.15.20",26141,30,410,3618,386,602,21300,224,1708,35207,807,653,13970,268,36618,9631,777,1254,339570,5478,7371,91,1202,10431,85,463,13171,2524,883,70043,5407,127,76630,30668,1589,74623,67099,13832,23890,5200,12360,10676,28347,3477,3384,11,318,8734,10871,20344,2238,1228,86,19757,494,17069,3831,1475
"11.16.20",26330,36,415,3665,402,602,21508,225,1720,35541,811,660,14141,268,36919,9670,784,1301,342489,5526,7383,91,1214,10480,88,463,13274,2553,913,71048,5472,127,77606,31026,1604,75330,67989,13923,23904,5243,12410,10727,28732,3559,3387,11,318,8851,11000,20474,2330,1268,88,19809,551,17204,3870,1506
"11.17.20",26697,36,424,3683,405,607,21684,233,1786,35765,821,685,14234,268,37141,9758,792,1482,344741,5584,7429,92,1221,10541,88,469,13415,2585,944,72186,5528,142,78300,31420,1613,77129,68779,14030,24396,5321,12503,10763,29073,3587,3565,11,357,8929,11124,20634,2378,1300,104,20147,576,17318,3899,1526
"11.18.20",26893,39,431,3731,409,613,21817,240,1827,36056,830,690,14460,267,37323,9809,802,1561,348536,5625,7461,93,1242,10625,95,478,13545,2624,960,73326,5642,143,79051,31899,1640,78484,69757,14136,24565,5408,12644,10855,29346,3660,3667,11,376,9019,11170,20805,2451,1348,116,20318,598,17708,3942,1547
"11.19.20",27259,39,437,3783,417,623,22021,251,1854,36386,835,693,14539,267,37632,9879,809,1661,353479,5658,7477,93,1242,10724,100,478,13588,2658,974,74559,5716,158,79948,32458,1652,80407,70716,14259,24703,5497,12728,10919,29695,3723,3809,11,386,9120,11249,20957,2518,1383,119,20467,610,17854,3986,1575
"11.20.20",27517,42,447,3832,424,633,22254,264,1901,36800,856,714,14896,267,37982,10026,820,1780,357637,5761,7493,94,1274,10825,101,479,13968,2735,1020,75847,5792,163,81097,32925,1677,82444,71911,14414,24903,5615,12994,11006,30068,3861,3995,12,414,9247,11362,21152,2589,1423,124,20714,670,18308,4094,1618
"11.21.20",27727,42,451,3882,434,645,22480,271,1935,37167,861,729,15089,288,38316,10143,832,1866,362024,5833,7515,101,1287,10945,105,479,14125,2774,1049,76630,5898,172,82220,33233,1700,84529,73471,14533,25076,5712,13153,11109,30448,3944,4234,13,431,9323,11441,21400,2624,1451,132,20936,698,18634,4161,1650
"11.22.20",27777,42,451,3933,434,645,22551,271,1953,37544,866,730,15145,284,38519,10163,834,1934,364583,5872,7534,104,1290,11036,106,491,14131,2795,1084,77342,6003,172,83155,33529,1713,84904,74464,14604,25090,5761,13243,11136,30707,3942,4242,13,439,9399,11463,21537,2687,1474,136,21036,697,18709,4221,1679
"11.23.20",28034,42,458,3994,434,666,22823,296,2045,37972,891,747,15185,284,39437,10341,840,2100,370769,5925,7572,112,1336,11245,111,490,14514,2828,1119,78781,6132,172,83824,34262,1738,85856,75707,14736,25105,5870,13379,11139,31140,4056,4260,15,488,9434,11557,21831,2850,1547,142,21102,782,19097,4280,1709
"11.24.20",28358,47,471,4033,466,686,23226,298,2046,38366,921,775,15686,287,39721,10481,872,2181,374479,6023,7620,120,1352,11368,112,493,14609,2921,1188,80418,6281,180,85398,35224,1750,88178,77341,14966,25805,5905,13573,11353,31643,4189,4582,15,501,9759,11698,22207,2985,1590,153,21668,840,19267,4436,1811
"11.25.20",28717,47,485,4091,475,697,23467,304,2196,38769,933,778,15731,294,39990,10573,878,2204,378361,6138,7630,124,1380,11452,117,497,14959,2962,1204,81996,6362,183,86916,35821,1775,90103,78356,15149,26070,6014,13630,11383,32115,4260,4779,15,530,9876,11832,22442,3075,1617,160,21938,850,19554,4543,1849
"11.26.20",29144,47,489,4140,478,698,23629,307,2259,39166,936,796,15814,294,40337,10635,890,2247,383275,6155,7640,126,1394,11546,121,495,15016,3005,1220,82383,6420,188,87631,35991,1780,91390,79445,15254,26264,6065,13731,11477,32495,4328,4910,15,557,9986,11980,22633,3112,1648,164,22089,879,19704,4582,1874
"11.27.20",29429,50,499,4146,478,698,23630,307,2282,39481,937,797,16055,294,40632,10839,909,2262,387793,6207,7690,128,1396,11658,121,508,15027,3005,1220,83633,6434,188,87750,36724,1816,92010,81351,15479,26279,6143,13889,11541,33026,4423,4920,16,585,10091,11984,22673,3113,1688,176,22135,889,20039,4753,1875
"11.28.20",29743,50,538,4152,478,717,23971,328,2462,39831,976,847,16122,294,41328,11260,920,2274,391225,6281,7726,130,1468,11803,124,515,15602,3050,1310,84862,6658,188,88987,37054,1847,93020,83298,15554,26300,6213,14058,11685,33799,4493,5105,16,592,10302,12070,23092,3256,1721,182,22259,984,20192,4755,1924
"11.29.20",30298,50,550,4270,478,731,24342,339,2500,40149,1006,859,16243,294,41827,11444,927,2341,395879,6353,7773,131,1483,11895,126,525,15899,3107,1351,85795,6699,191,89617,37568,1872,93991,84448,15682,26313,6256,14195,11729,34334,4557,5165,16,627,10445,12123,23254,3309,1757,186,22393,996,20644,4848,1971
"11.30.20",30374,51,561,4426,478,749,24548,339,2543,40365,1011,873,16342,309,41957,11561,939,2444,401448,6385,7801,139,1492,12043,136,530,16122,3109,1389,87952,6751,192,90108,37996,1887,94746,85560,15754,26321,6335,14294,11785,35125,4627,5191,16,644,10448,12307,23697,3442,1785,191,22508,1035,21012,4913,2040
"12.1.20",30671,51,577,4471,544,762,24975,357,2603,40766,1051,889,16429,310,42614,11645,969,2537,409015,6459,7825,143,1507,12173,136,531,16128,3142,1456,90091,6983,201,91061,39137,1901,98008,87065,15917,27037,6377,14513,11832,35504,4710,5363,17,651,10665,12570,23982,3550,1841,194,23413,1060,21324,4947,2102
"12.2.20",31126,51,588,4553,553,771,25342,384,2704,41162,1061,902,16514,320,42937,11775,971,2704,414549,6569,7858,144,1534,12318,140,531,16368,3317,1476,92351,7137,218,92780,39508,1934,100843,88392,16181,27367,6442,14775,11936,35991,4846,5493,17,671,10767,12717,24303,3616,1878,200,23625,1086,21950,5072,2134
"12.3.20",31623,57,656,4626,572,791,25671,388,2811,41616,1071,926,16597,327,43355,11916,991,2763,422262,6603,7902,148,1557,12468,141,538,16561,3380,1519,94828,7479,223,95359,40465,1980,103168,90010,16361,27889,6508,14928,12072,36734,4933,5652,17,678,10927,12855,24564,3739,1925,202,23907,1115,22315,5089,2198
"12.4.20",32327,57,769,4676,585,808,25919,401,3006,42116,1099,963,16657,330,43860,12036,1018,2804,430824,6690,7941,149,1576,12639,142,560,17089,3452,1608,97402,7686,232,98284,41259,2019,104882,92167,16625,28499,6594,15131,12196,37584,5072,5768,17,691,11111,13046,24997,3803,1976,208,24279,1144,22797,5314,2242
"12.5.20",33250,57,853,4815,606,845,26443,408,3137,42644,1146,982,16717,338,44327,12173,1069,2812,440042,6833,8009,155,1599,12920,145,565,17438,3585,1693,99222,8049,247,101798,42093,2086,107954,94540,16912,28835,6747,15532,12362,38464,5086,5991,17,704,11428,13222,25497,3954,2031,213,24738,1190,23499,5372,2293
"12.6.20",33957,57,958,4906,606,847,26800,414,3167,42999,1163,1007,17096,339,45078,12334,1075,3005,449971,7047,8061,159,1628,13112,153,597,17791,3664,1763,100434,8084,258,103448,43037,2148,109627,96324,17237,28950,6850,15875,12513,39242,5159,6092,17,708,11433,13323,25906,4026,2089,217,24892,1220,23838,5487,2358
"12.7.20",34387,57,1000,5017,606,852,27548,424,3361,43344,1185,1026,17416,339,45342,12707,1090,3112,458255,7165,8100,162,1652,13443,163,602,18121,3704,1833,103687,8177,261,105944,43662,2178,111015,98476,17357,28978,6914,16051,12632,40756,5248,6112,18,710,11443,13462,26413,4124,2146,232,24963,1266,24183,5563,2447
"12.8.20",34907,57,1051,5085,657,907,28180,465,3389,43940,1200,1062,17760,339,46397,12926,1127,3209,467189,7317,8151,165,1681,13582,176,609,18138,3798,1866,107046,8504,266,111382,44895,2194,113645,99933,17528,31041,7042,16328,12796,41453,5478,6331,18,762,11762,13687,26780,4360,2178,236,25870,1275,24530,5587,2498
"12.9.20",35597,57,1129,5209,670,929,28577,481,3555,44475,1221,1089,17956,362,47411,13028,1158,3365,475778,7463,8235,167,1718,13791,187,613,18284,3880,1924,110585,8873,279,114315,45558,2231,117606,102194,17774,31388,7255,16445,12919,43064,5633,6498,18,773,11957,14081,27209,4437,2231,238,26450,1330,24737,5787,2534
"12.10.20",36257,63,1199,5358,684,943,28694,501,3671,45135,1246,1143,18568,371,48401,13313,1167,3436,488519,7695,8299,171,1764,13965,215,613,18667,3997,1979,113847,9205,289,116934,46770,2284,123472,104382,18092,32101,7403,16725,13087,44106,5766,6719,18,773,12120,14372,27695,4551,2323,244,26908,1462,25024,5925,2626
"12.11.20",36872,63,1221,5459,697,960,29323,505,3788,45885,1264,1193,18909,378,49232,13444,1205,3462,502026,7913,8372,171,1788,14250,220,643,18832,4078,2019,117031,9220,294,119736,47788,2336,126552,107398,18400,32946,7584,17274,13304,45282,5897,6891,19,815,12662,14390,28110,4625,2373,248,27418,1521,25992,6036,2672
"12.12.20",37630,63,1244,5508,708,984,29796,529,3840,46636,1276,1211,19301,386,49939,13535,1232,3475,513283,8040,8419,174,1790,14401,222,652,19012,4137,2044,119133,9722,299,122960,48647,2372,129315,109971,18568,33129,7633,17619,13489,46082,6047,6990,21,827,12860,14560,28472,4743,2397,248,27851,1547,26970,6147,2717
"12.13.20",38686,63,1466,5654,710,985,29966,542,3920,47053,1308,1241,19881,386,50624,13691,1271,3501,525564,8187,8466,178,1812,14608,235,687,19358,4218,2095,120869,9742,299,124517,49821,2425,130394,112482,18845,33129,7802,18136,13572,48113,6137,7104,21,830,13395,14589,28846,4824,2475,250,28073,1622,27636,6298,2780
"12.14.20",39898,63,1619,5792,718,992,30899,560,4177,47819,1334,1260,20137,388,51612,13843,1301,3613,532730,8302,8532,180,1864,14799,241,697,19613,4313,2137,125067,9906,317,128801,50674,2485,132982,114857,19072,33521,7976,18413,13924,49381,6210,7148,21,837,13474,14902,29650,5031,2509,251,28390,1658,28544,6428,2880
"12.15.20",40691,63,1679,6171,799,1070,31742,564,4288,50583,1363,1280,20359,400,53694,14031,1341,3715,544780,8418,8586,181,1902,15361,242,714,20370,4464,2187,129577,10667,321,137170,51471,2539,141505,116904,19453,34894,8263,18962,14127,50523,6537,7295,23,891,13919,15502,30211,5117,2560,261,29770,1885,29102,6571,2920
"12.16.20",41437,64,1705,6292,821,1083,32762,575,4426,52575,1408,1312,20661,450,54681,14132,1363,3888,567249,8585,8700,183,1948,15688,241,714,21633,4568,2221,133777,10942,327,141374,52574,2602,147671,119874,19797,36089,8444,19349,14319,51717,6725,7440,23,898,14280,15864,30748,5261,2615,262,30331,1952,29779,6691,3010
"12.17.20",42258,64,1716,6406,848,1101,33358,583,4525,53416,1427,1327,20953,456,55801,14471,1374,3922,581519,8780,8780,185,1961,15896,242,730,22488,4636,2247,137930,11165,332,145193,53622,2665,154078,122631,20112,37013,8566,19708,14572,52777,6887,7549,23,907,14488,16089,31124,5347,2678,263,30773,2003,30659,6843,3066
"12.18.20",42931,64,1742,6571,870,1118,33992,627,4705,56268,1454,1336,21240,461,56687,14713,1397,3958,597386,8928,8860,188,1996,16212,242,743,22888,4712,2297,141659,11418,344,148457,54435,2765,158628,126397,20493,37637,8800,20032,14733,54216,7051,7682,23,921,14797,16358,31568,5439,2727,265,31322,2078,31198,6945,3129
"12.19.20",43860,64,1771,6823,900,1146,34714,642,4808,59114,1481,1362,21567,482,57205,14909,1438,3966,610907,9042,8925,188,2027,16488,244,778,23356,4796,2338,144215,11677,351,153047,55640,2841,164374,129046,20827,38522,8995,20458,15052,55773,7275,7800,23,934,15338,16650,32192,5546,2788,269,31812,2118,32177,7070,3200
"12.20.20",44762,65,1788,6955,926,1174,35205,654,4925,61368,1491,1391,21784,483,58200,15066,1463,3994,623792,9208,9009,196,2052,16701,244,786,23812,4889,2367,145853,11933,355,155289,56502,2907,167409,132678,21121,39498,9091,20836,15208,57097,7403,7847,22,952,15670,16899,32705,5641,2818,271,32222,2163,32699,7167,3286
"12.21.20",45535,65,1832,7099,963,1194,35632,662,5042,62455,1526,1425,21998,489,59148,15213,1538,4050,636190,9413,9099,205,2085,16983,246,793,24273,4977,2421,149746,12170,361,158575,57569,2944,169842,136099,21273,40101,9222,21111,15397,57942,7553,7904,23,961,16026,17173,33249,5748,2891,277,32719,2435,33155,7315,3363
"12.22.20",46556,65,1856,7254,988,1214,36142,668,5134,63669,1548,1446,22173,513,60260,15323,1569,4212,648062,9552,9179,205,2111,17300,248,798,24766,5084,2451,153601,12417,368,162240,58488,3021,174188,138646,21421,40763,9395,21461,15603,59447,7722,7986,23,964,16382,17317,33801,5831,2932,284,33353,2540,33921,7441,3413
"12.23.20",47588,64,2125,7390,1003,1234,36665,672,5228,64619,1571,1464,22410,524,61324,15397,1595,4356,665036,9751,9264,208,2141,17543,264,826,25491,5197,2491,157498,12707,377,165557,60202,3096,177954,141405,21691,37052,9493,21875,15823,60717,7914,8119,24,976,16782,17498,34451,5912,2987,287,33707,2554,34853,7562,3472
"12.24.20",48390,64,2163,7545,1034,1256,37112,680,5311,65632,1589,1522,22661,539,62439,15688,1629,4369,678040,9942,9355,212,2170,17786,288,829,25771,5290,2515,159880,12959,384,170036,61150,3208,182000,143799,22026,42754,9735,22190,16093,62009,8151,8178,24,986,17033,17811,34860,6001,3036,289,34259,2667,35905,7620,3517
"12.25.20",49246,64,2190,7718,1064,1289,37982,694,5447,66462,1624,1538,22772,553,63044,15938,1669,4382,678040,10173,9443,212,2196,18031,290,855,26435,5376,2544,160632,13169,389,174331,62186,3306,186979,146837,22329,43537,9982,22665,16393,63447,8325,8267,27,997,17446,18136,35328,6093,3098,290,34781,2688,37026,7755,3583
"12.26.20",49980,64,2207,7832,1086,1311,38534,711,5569,67372,1654,1551,22872,561,63557,15999,1710,4397,707463,10317,9483,219,2214,18203,291,862,26666,5452,2568,163276,13347,389,177312,63016,3357,190393,149700,22523,44388,10185,23007,16623,64468,8441,8319,27,1003,17696,18364,35767,6164,3156,291,35191,2717,37624,7842,3634
"12.27.20",50673,65,2236,7904,1099,1324,38971,714,5682,68166,1680,1581,23124,572,64810,16079,1769,4418,719960,10426,9550,220,2229,18393,290,861,26987,5521,2607,164931,13563,398,180105,64007,3421,192140,152981,22718,45076,10399,23240,16834,65573,8571,8361,27,1011,18008,18592,36217,6261,3200,295,35453,2764,38251,7978,3700
"12.28.20",51340,65,2273,7979,1104,1329,39439,720,5758,68835,1695,1585,23300,577,66526,16253,1785,4502,734860,10554,9621,223,2234,18579,293,860,27211,5601,2620,169776,13812,399,182439,64935,3456,194420,154919,22938,45768,10510,23574,17076,66709,8655,8400,28,1017,18344,18773,36710,6298,3228,297,35717,2793,38792,8094,3716
"12.29.20",51901,66,2406,8134,1113,1357,39821,726,5880,69861,1726,1622,23476,579,67292,16315,1805,4610,746666,10702,9676,226,2269,18816,307,880,27585,5688,2642,174949,13997,403,186321,65715,3501,196090,157637,23213,46327,10641,23884,17306,67879,8847,8507,29,1033,18592,18898,37076,6347,3263,298,36353,2813,40355,8188,3761
"12.30.20",51148,67,2437,8120,1138,1379,40223,728,5937,70427,1750,1660,23551,580,68316,16412,1731,4625,756840,10713,9654,234,2312,18887,309,880,27693,5779,2688,179635,14166,405,185348,64768,3492,198398,160316,23323,46146,10804,24273,17430,67520,9151,8558,31,1022,18485,19057,37101,6373,3282,288,36344,2788,40751,8133,3650
"12.31.20",53518,67,2513,8404,1164,1397,41147,750,6014,71453,1775,1719,24023,599,68969,16636,1848,4634,771519,11084,9823,252,2391,19186,313,880,28458,5826,2714,182684,14346,409,193322,66483,3705,204950,163574,23969,47486,11116,24697,17990,70338,9282,8750,32,1057,19130,19239,37844,6479,3353,299,37403,2920,42590,8363,3837
"1.1.21",54593,67,2533,8609,1189,1413,42063,760,6193,72557,1819,1789,24261,614,69484,16926,1888,4641,790582,11235,9915,255,2428,19506,316,896,29215,5924,2759,183865,14628,421,197932,67632,3805,209559,168145,24381,48400,11430,25174,18322,72215,9531,8866,32,1064,19582,19624,38472,6600,3397,301,38046,2927,43779,8530,3884
"1.2.21",55607,68,2562,8792,1233,1433,42664,766,6328,73897,1854,1821,24464,617,70358,17090,1925,4647,807185,11531,10019,265,2456,19799,320,897,29750,6019,2802,186933,14838,422,201580,68503,3861,212977,172747,24661,49114,11745,25620,18708,73977,9735,8935,34,1074,19996,19872,38987,6669,3471,301,38619,2960,45176,8643,3970
"1.3.21",56202,68,2587,8900,1252,1439,43111,770,6407,74594,1890,1839,24580,623,71033,17172,1976,4659,818698,11656,10132,267,2474,20021,320,906,30128,6119,2842,188982,14984,425,204785,69269,3914,214454,176456,24843,49731,11920,25915,18843,74855,9931,8984,36,1103,20305,20093,39383,6712,3505,301,38962,2998,45560,8748,4006
"1.4.21",57046,71,2618,9002,1281,1476,43719,772,6542,75255,1905,1851,24742,631,72270,17409,1984,4693,829549,11731,10217,277,2491,20251,326,908,30465,6212,2868,193579,15310,428,206793,70896,3947,217199,179692,25027,50531,12237,26302,19325,75624,10098,9056,36,1116,20794,20323,39847,6761,3527,305,39422,3010,46843,8909,4064
"1.5.21",57613,71,2717,9138,1298,1498,44166,772,6674,76453,1928,1890,24923,635,72878,17492,2015,4716,841392,11907,10318,277,2536,20517,332,909,30872,6289,2887,198278,15424,437,210609,71418,3994,219001,181700,25269,50897,12326,26643,19682,76689,10188,9194,37,1124,21074,20361,40126,6819,3597,306,40046,3019,48305,9056,4094
"1.6.21",58292,71,2739,9304,1327,1513,44790,782,6822,76976,1958,1918,25199,638,73892,17673,2033,4734,853440,11967,10387,286,2596,20736,341,918,31247,6367,2913,202728,15664,454,214053,72339,4066,221881,185724,25720,51258,12614,27209,20080,77831,10413,9349,37,1139,21321,20673,40565,6890,3652,306,40484,3036,49299,9161,4139
"1.7.21",59159,71,2763,9454,1348,1553,45508,793,6984,78231,1979,1960,25450,664,74732,17911,2054,4750,872204,12211,10470,296,2620,21003,343,918,31794,6433,2956,206956,15897,463,218702,73126,4148,226389,189743,26189,52170,13126,27656,20567,79161,10705,9486,37,1155,21606,20972,41169,6942,3682,307,41094,3096,50978,9288,4170
"1.8.21",60437,71,2816,9627,1392,1588,46433,797,7139,79463,2030,1994,25644,690,76673,18124,2098,4757,889405,12423,10639,308,2674,21371,344,964,32457,6569,3002,210298,16171,474,222797,74050,4263,231049,194472,26695,53033,13615,28237,21108,80918,10971,9654,37,1173,22058,21294,41784,7035,3766,307,41773,3128,52476,9474,4237
"1.9.21",61399,72,2833,9764,1432,1609,47176,804,7261,80648,2062,2032,25936,742,77875,18367,2144,4767,907077,12649,10742,318,2707,21872,349,977,32872,6619,3046,212205,16386,486,226874,75293,4374,235710,198104,27047,53998,13988,28679,21623,82629,11210,9790,38,1209,22455,21509,42364,7125,3814,312,42606,3146,53935,9607,4308
"1.10.21",62400,72,2885,9901,1456,1620,47894,811,7368,81493,2104,2055,26154,756,78832,18504,2174,4780,920324,12771,10846,322,2749,22215,350,978,33505,6715,3076,213480,16558,486,230420,76210,4473,239091,201512,27434,54625,14320,29146,21947,84151,11450,9837,38,1227,22852,22041,42805,7187,3878,313,42998,3173,55068,9694,4343
"1.11.21",63267,72,2891,10018,1467,1638,48532,812,7468,82575,2129,2075,26389,771,79728,18608,2205,4802,932901,12975,10924,328,2775,22419,352,1019,33824,6852,3101,216737,16718,486,234030,76852,4522,242566,204585,27675,55125,14577,29543,22412,85232,11610,9893,39,1242,23127,22308,43224,7261,3910,318,43484,3196,56218,9783,4395
"1.12.21",63978,73,2921,10162,1482,1659,49057,818,7644,83721,2153,2083,26574,781,80674,18780,2260,4826,947035,13105,11071,331,2809,22721,356,1021,34409,6966,3135,219948,16895,492,236847,78060,4562,244128,208269,27962,55782,14738,29947,22866,86464,11807,10015,39,1248,23400,22520,43740,7334,3974,320,43981,3209,57382,9942,4442
"1.13.21",64922,73,2938,10306,1500,1677,49706,822,7746,84416,2168,2121,26766,793,81490,18839,2305,4850,959156,13199,11150,331,2841,23068,356,1030,34793,7058,3160,222693,17086,499,239598,79135,4630,247380,211648,28327,56553,15004,30407,23418,87584,11978,10122,39,1266,23747,22727,44328,7409,4001,322,44429,3227,58525,10022,4501
"1.14.21",65736,73,2964,10435,1520,1696,50385,823,7828,85212,2183,2176,26963,798,82398,19144,2378,4858,976075,13376,11266,334,2852,23365,358,1033,35174,7147,3201,225155,17316,505,243203,80011,4726,250643,214346,28684,57266,15241,30908,23846,88906,12152,10290,41,1276,24029,23028,44811,7476,4081,323,44965,3246,60053,10189,4552
"1.15.21",66803,73,2977,10562,1545,1708,51260,830,7953,86209,2214,2225,27055,822,83547,19404,2434,4870,990632,13526,11422,341,2888,23655,363,1070,35551,7261,3227,227271,17547,508,246855,81176,4815,253516,217161,29104,58106,15528,31514,24224,90510,12360,10431,43,1290,24473,23322,45433,7547,4135,325,45460,3262,61210,10338,4605
"1.16.21",67981,73,3010,10702,1603,1750,52222,836,8097,87589,2287,2302,27257,853,84644,19821,2504,4883,1004693,13840,11594,343,2943,24077,365,1092,36120,7386,3275,228553,17839,511,251111,80027,4926,256796,220253,29403,58877,15870,32032,24829,91996,12623,10526,47,1295,24985,23726,46106,7624,4205,324,46247,3300,62550,10505,4658
"1.17.21",68785,73,3025,10774,1615,1760,52798,841,8182,88388,2320,2332,27377,872,85362,19953,2572,4895,1014753,13980,11664,344,2968,24413,366,1104,36504,7551,3307,229384,18040,514,254020,81076,4992,258949,222238,29720,59362,16064,32419,25146,93171,12795,10571,47,1307,25473,23991,46569,7668,4259,324,46681,3318,63469,10619,4696
"1.18.21",69366,73,3040,10861,1624,1784,53200,843,8241,88909,2336,2355,27482,880,86188,20033,2591,4904,1024297,14099,11721,346,2976,24558,368,1115,36739,7631,3332,231440,18124,516,256081,81480,5014,260357,224894,29939,59687,16157,32771,25395,94110,12900,10591,50,1318,25603,24188,46825,7745,4280,323,46977,3349,64118,10722,4730
"1.19.21",69879,73,3048,10927,1629,1795,53615,846,8279,89690,2353,2371,27522,899,86718,20153,2625,4941,1032806,14193,11770,346,2987,24755,371,1120,37044,7702,3349,233486,18218,519,258271,82133,5041,261255,227521,30144,59958,16280,33005,25761,94909,13025,10615,50,1324,25783,24254,47191,7776,4309,323,47446,3360,64937,10894,4756
"1.20.21",70239,73,3060,10995,1646,1811,54003,851,8329,90131,2365,2405,27586,909,87240,20310,2646,4948,1038738,14255,11804,346,3014,24876,372,1119,37185,7761,3373,234944,18335,522,260787,82657,5090,263579,229338,30338,60339,16364,33215,26098,95422,13083,10708,52,1340,25923,24385,47468,7845,4327,323,47781,3387,65721,10957,4791
"1.21.21",70784,73,3062,11066,1657,1848,54499,853,8370,90731,2376,2438,27749,954,87714,20429,2669,4958,1046591,14338,11854,346,3024,25104,374,1119,37394,7804,3409,236211,18451,528,263191,83283,5155,265459,230616,30495,60593,16590,33443,26452,96457,13184,10816,52,1356,26153,24565,47774,7897,4376,324,48154,3398,66332,11048,4819
"1.22.21",71180,73,3066,11141,1682,1856,54803,856,8427,91378,2402,2467,27814,969,88399,20573,2681,4964,1054802,14463,11893,346,3053,25301,376,1123,38163,7858,3432,237198,18538,532,264702,83861,5203,266891,233570,30755,60826,16781,33701,26800,96869,13333,10902,52,1362,26320,24786,48084,7953,4432,326,48453,3413,66761,11130,4852
"1.23.21",71574,73,3073,11200,1705,1860,55084,859,8537,91936,2438,2508,27848,995,89095,20721,2673,4974,1065505,14541,11922,346,3051,25479,376,1126,38424,7923,3469,237292,18534,538,265964,84416,5226,268181,236615,31053,60517,17100,33999,27056,97626,13421,10989,53,1372,26535,24917,48344,8018,4447,325,48874,3441,67957,11205,4896
"1.24.21",72323,73,3078,11266,1714,1878,55622,859,8558,92498,2453,2578,27986,1015,90213,20807,2724,4978,1073156,14686,12000,351,3097,25753,376,1128,38791,8035,3487,237666,18761,542,269145,85121,5284,270200,238324,31334,61384,17209,34270,27566,98541,13558,11017,54,1378,26791,25172,48683,8056,4504,325,49279,3450,68746,11330,4941
"1.25.21",72766,73,3098,11327,1723,1904,55929,859,8619,93065,2456,2603,28045,1023,90564,20902,2730,4992,1079672,14760,12052,355,3115,25896,379,1129,39024,8087,3505,237708,18878,543,270536,85672,5302,271056,239893,31530,61668,17321,34507,27906,99090,13634,11039,54,1388,26928,25288,49007,8099,4527,325,49486,3456,69331,11400,4967
"1.26.21",73372,74,3137,11413,1733,1918,56284,860,8675,93434,2462,2628,28119,1026,91119,20995,2749,5018,1085488,14827,12126,357,3137,26083,386,1136,39280,8176,3550,239175,18973,546,271906,86089,5316,271654,241397,31693,62291,17474,34767,28172,99666,13710,11095,55,1394,27139,25403,49460,8143,4564,323,49858,3485,69963,11486,5013
"1.27.21",73726,74,3140,11464,1747,1926,56533,863,8703,93690,2475,2647,28180,1031,91762,21055,2751,5024,1091712,14897,12163,358,3157,26171,393,1147,39476,8218,3572,240314,19065,554,273366,86462,5350,273113,242913,31920,62549,17580,34956,28298,100186,13782,11173,56,1402,27270,25493,49673,8169,4582,323,49994,3498,70754,11555,5039
"1.28.21",74303,74,3148,11524,1757,1935,56957,866,8761,94247,2477,2703,28315,1047,92327,21180,2773,5030,1098411,15009,12215,358,3172,26364,396,1147,39668,8264,3593,241648,19216,557,274963,86744,5410,274449,244507,32038,63064,17744,35271,28543,100928,13862,11249,55,1409,27458,25700,49987,8212,4616,323,50344,3506,71384,11630,5065
"1.29.21",74763,74,3158,11618,1768,1942,57286,869,8799,94829,2502,2724,28383,1056,92992,21321,2793,5036,1104720,15089,12282,362,3193,26621,396,1155,39914,8307,3629,243212,19340,558,276173,87377,5453,275504,246266,32155,63350,17907,35579,28987,101470,13991,11301,55,1420,27648,25846,50311,8257,4647,323,50602,3517,72015,11746,5090
"1.30.21",75182,74,3206,11682,1774,1957,57733,869,8868,95406,2516,2759,28501,1076,93628,21465,2810,5039,1111391,15155,12363,367,3216,26839,402,1159,40230,8373,3642,244562,19407,564,277838,87450,5468,276712,248473,32296,63585,17994,35810,29230,101933,14066,11368,55,1429,27809,25947,50564,8302,4687,322,50919,3542,72448,11832,5114
"1.31.21",75544,74,3237,11729,1789,1963,58053,869,8887,95802,2527,2784,28549,1080,94113,21574,2827,5043,1116948,15213,12436,367,3245,26985,403,1162,40420,8435,3661,245978,19489,564,278877,87627,5493,277605,249789,32435,63853,18088,36019,29460,102450,14153,11401,55,1432,27977,26065,50865,8365,4715,323,51192,3553,73166,11906,5144
"2.1.21",75947,74,3260,11787,1796,1977,58298,869,8909,96276,2531,2790,28576,1080,94467,21623,2844,5059,1121107,15297,12484,368,3257,27050,404,1161,40608,8480,3680,247035,19568,564,279804,87937,5502,278113,250985,32586,64025,18168,36206,29736,102935,14222,11425,54,1432,28143,26152,51038,8389,4723,323,51400,3568,73648,11959,5157
"2.2.21",76220,76,3301,11835,1797,1992,58526,872,8977,96581,2543,2802,28671,1082,94994,21670,2858,5079,1124975,15323,12511,371,3275,27204,411,1163,40804,8536,3694,247886,19616,570,280715,88199,5514,278626,251987,32683,64202,18296,36367,29858,103346,14272,11473,54,1449,28263,26196,51260,8416,4749,323,51631,3582,74118,12022,5185
"2.3.21",76558,78,3307,11892,1810,2001,58740,873,9000,96822,2554,2818,28723,1079,95554,21724,2870,5086,1129730,15338,12550,373,3301,27303,413,1162,40947,8565,3718,248510,19651,569,281867,88518,5534,279646,253041,32888,64483,18409,36596,30035,103757,14315,11534,54,1468,28361,26297,51584,8455,4770,323,51814,3602,74695,12071,5199
"2.4.21",77015,78,3314,11930,1819,2006,58981,874,9063,97239,2559,2845,28777,1092,95993,21813,2883,5097,1134595,15441,12575,374,3306,27416,414,1169,41083,8604,3736,249195,19718,572,282729,88765,5562,280415,254686,33026,64891,18548,36810,30267,104262,14423,11583,54,1474,28496,26419,51827,8477,4791,324,52015,3619,75176,12120,5210
"2.5.21",77315,72,3325,11973,1829,2016,59189,878,9103,97653,2580,2875,28842,1112,96514,21922,2907,5100,1138970,15490,12623,374,3340,27550,417,1173,41321,8629,3754,250300,19772,588,283583,89109,5577,281150,256205,33148,65090,18644,36958,30395,104596,14494,11629,54,1477,28588,26569,52048,8519,4820,325,52228,3629,75547,12164,5220
"2.6.21",77771,78,3333,12039,1843,2022,59563,883,9153,98105,2599,2898,28883,1121,96862,22060,2921,5104,1143591,15550,12675,378,3384,27672,418,1175,41487,8670,3771,251079,19854,594,284677,89656,5591,281946,257505,33367,65373,18780,37201,30598,105125,14565,11690,55,1492,28751,26713,52367,8561,4846,328,52487,3646,76037,12203,5252
"2.7.21",78112,78,3370,12076,1848,2027,59838,885,9178,98366,2605,2913,28888,1132,97249,22084,2941,5109,1146483,15595,12715,379,3417,27776,422,1181,41613,8732,3790,252311,19924,594,285256,90053,5623,282566,258770,33549,65595,18849,37364,30770,105609,14611,11701,55,1499,28873,26835,52609,8591,4863,329,52703,3653,76371,12277,5274
"2.8.21",78355,79,3371,12095,1851,2036,60046,889,9211,98650,2617,2920,28901,1134,97522,22139,2950,5120,1149346,15636,12737,380,3424,27893,427,1181,41705,8750,3818,253289,19978,594,285880,90408,5629,282936,259532,33631,65706,18928,37466,30945,105914,14650,11713,56,1509,28951,26915,52794,8602,4871,333,52878,3682,76692,12311,5293
"2.9.21",78643,79,3375,12138,1858,2050,60316,890,9250,98975,2627,2922,28886,1145,98187,22185,2956,5133,1152430,15668,12769,380,3438,27982,425,1183,41817,8780,3834,253900,20048,594,286467,90522,5643,283279,260362,33742,65909,19001,37609,31092,106271,14693,11740,56,1512,29078,26982,53024,8617,4887,333,53005,3708,76962,12363,5313
"2.10.21",78973,79,3376,12172,1861,2058,60503,892,9271,99149,2631,2942,28902,1146,98636,22206,2976,5140,1155491,15684,12798,381,3464,28067,424,1186,41917,8800,3840,254417,20109,599,286740,90798,5669,283910,261216,33925,66057,19062,37706,31196,106560,14747,11792,57,1522,29147,27039,53150,8647,4917,335,53135,3726,77288,12419,5319
"2.11.21",79194,79,3396,12203,1867,2068,60650,898,9291,99466,2639,2972,28928,1152,99087,22287,3003,5144,1158794,15745,12829,385,3489,28157,428,1189,42034,8808,3869,255254,20170,602,287342,91137,5687,284659,262367,34049,66306,19130,37822,31360,106907,14830,11822,57,1529,29199,27131,53355,8666,4935,336,53288,3751,77613,12446,5339
"2.12.21",79593,79,3409,12235,1871,2083,60899,905,9318,99841,2649,2980,29031,1164,99570,22379,3013,5158,1161926,15785,12867,386,3516,28289,435,1188,42204,8816,3877,255254,20227,624,287836,91407,5700,285214,263218,34161,66563,19206,37945,31444,107279,14894,11847,57,1533,29310,27227,53580,8686,4942,336,53446,3771,77873,12483,5353
"2.13.21",79887,79,3415,12286,1874,2084,61125,912,9354,100148,2656,2993,29068,1176,100025,22435,3026,5160,1164880,15819,12904,386,3535,28380,436,1192,42311,8840,3891,256510,20272,626,288335,91557,5712,285740,264135,34277,66710,19323,38130,31589,107648,14945,11877,59,1548,29401,27324,53752,8703,4957,339,53618,3788,78150,12517,5368
"2.14.21",80086,79,3426,12306,1877,2092,61297,915,9387,100428,2660,3012,29086,1185,100290,22462,3031,5163,1166552,15859,12931,388,3544,28443,437,1196,42423,8857,3911,256889,20371,630,288586,92015,5720,286012,264715,34370,66858,19394,38244,31740,107938,14973,11889,59,1552,29467,27435,53862,8719,4964,340,53750,3800,78417,12543,5393
"2.15.21",80292,79,3437,12315,1882,2099,61472,917,9414,100617,2661,3017,29091,1192,100434,22500,3031,5167,1168372,15882,12957,388,3550,28503,437,1194,42497,8868,3917,256889,20424,630,288858,92254,5729,286237,265456,34458,67011,19420,38354,31810,108160,14992,11903,59,1557,29545,27530,54013,8729,4969,342,53881,3830,78575,12557,5399
"2.16.21",80412,79,3441,12344,1883,2106,61597,917,9434,100789,2666,3014,29105,1199,100586,22514,3043,5170,1169688,15896,12982,388,3558,28578,437,1196,42560,8885,3925,257589,20431,629,289060,92414,5739,286323,266186,34501,67084,19456,38429,31868,108286,15012,11914,59,1564,29566,27555,54145,8748,4979,343,54020,3832,78732,12603,5412
"2.17.21",80554,79,3443,12369,1887,2110,61761,924,9447,101011,2670,3027,29124,1205,100849,22552,3059,5182,1171865,15916,13031,388,3563,28684,438,1196,42621,8896,3974,257816,20472,633,289417,92483,5742,286846,266763,34573,67195,19498,38514,31933,108484,15025,11950,59,1565,29609,27589,54282,8758,4991,345,54114,3842,78926,12652,5426
"2.18.21",80772,79,3445,12394,1884,2112,61909,933,9450,101217,2677,3044,29133,1221,101157,22587,3072,5188,1174340,15965,13045,389,3589,28739,438,1198,42709,8908,3991,258182,20500,634,289744,92657,5778,287292,267594,34670,67279,19521,38575,32061,108747,15074,11992,59,1575,29670,27698,54398,8731,5008,352,54235,3847,79140,12697,5439
"2.19.21",80986,80,3456,12428,1867,2116,62060,936,9483,101481,2681,3058,29160,1221,101370,22664,3084,5197,1176843,16017,13070,389,3597,28860,440,1202,42836,8930,4019,258567,20529,634,290111,93002,5781,287628,268429,34769,67429,19598,38650,32218,108940,15114,12017,59,1580,29705,27782,54547,8742,5015,352,54345,3853,79288,12754,5457
"2.20.21",81168,80,3461,12450,1869,2116,62251,941,9513,101758,2682,3094,29183,1235,101613,22715,3095,5198,1179149,16071,13097,389,3604,28944,440,1203,42944,8941,4043,258991,20581,636,290454,93248,5791,288032,269163,34849,67579,19677,38767,32304,109270,15138,12037,59,1585,29763,27892,54726,8758,5025,357,54477,3859,79466,12787,5467
"2.21.21",81326,80,3464,12468,1871,2118,62412,946,9530,101918,2685,3117,29191,1241,101738,22727,3106,5200,1180505,16096,13122,392,3606,28987,441,1205,43006,8960,4052,259305,20629,635,290751,93481,5798,288299,269709,34928,67665,19718,38845,32390,109537,15163,12059,59,1590,29796,27984,54822,8764,5027,359,54560,3864,79574,12818,5477
"2.22.21",81477,80,3467,12470,1873,2122,62529,952,9544,102144,2693,3116,29192,1257,101849,22746,3113,5208,1181469,16126,13145,393,3606,29062,441,1205,43037,8981,4057,259581,20667,635,290939,93679,5808,288427,270076,34988,67740,19740,38943,32440,109766,15180,12069,59,1592,29834,28043,54939,8776,5030,360,54644,3892,79672,12838,5486
"2.23.21",81633,80,3469,12507,1874,2124,62665,957,9573,102318,2697,3129,29237,1259,102137,22787,3127,5209,1183496,16157,13172,393,3611,29108,440,1205,43085,8998,4071,259857,20696,636,291292,93845,5816,288735,270564,35040,67834,19777,39066,32505,110013,15198,12105,59,1600,29872,28081,55076,8844,5037,366,54734,3900,79823,12878,5500
"2.24.21",81757,80,3473,12538,1875,2125,62831,964,9597,102385,2698,3144,29269,1262,102332,22823,3140,5212,1185559,16201,13202,394,3612,29201,442,1205,43146,9007,4086,260157,20740,636,291524,93961,5829,289044,271253,35108,67974,19854,39167,32586,110238,15223,12128,59,1607,29907,28156,55194,8856,5048,369,54806,3923,79977,12909,5509
"2.25.21",81872,81,3477,12549,1879,2125,62965,971,9616,102622,2707,3150,29286,1273,102627,22854,3147,5217,1187542,16225,13226,394,3614,29293,442,1206,43217,9029,4099,260348,20759,636,291784,94185,5838,289411,271788,35188,68091,19882,39276,32657,110491,15257,12156,59,1616,29948,28210,55315,8867,5060,373,54910,3930,80135,12936,5515
"2.26.21",82079,81,3486,12573,1884,2128,63169,973,9642,102829,2709,3173,29323,1280,102998,22874,3159,5219,1189232,16251,13250,395,3621,29367,443,1207,43265,9045,4112,260721,20812,638,292032,94416,5845,289605,272480,35265,68206,19908,39326,32751,110737,15294,12186,59,1630,29983,28272,55415,8885,5065,374,55019,3932,80280,12965,5524
"2.27.21",82262,81,3492,12594,1886,2132,63303,983,9678,103028,2714,3188,29340,1284,103143,22915,3162,5219,1190894,16284,13293,395,3627,29414,444,1207,43324,9069,4120,261022,20832,638,292314,94520,5853,289946,272951,35315,68298,19962,39402,32833,110932,15319,12208,60,1637,30051,28351,55516,8899,5068,374,55122,3935,80373,12983,5536
"2.28.21",82426,81,3495,12602,1892,2134,63444,986,9688,103194,2720,3200,29348,1291,103295,22930,3170,5219,1191923,16314,13311,395,3630,29467,445,1208,43343,9084,4132,261220,20884,638,292490,94712,5859,290100,273251,35349,68384,19974,39464,32906,111129,15339,12217,60,1639,30092,28408,55607,8904,5075,374,55197,3941,80502,13000,5547
"3.1.21",82506,82,3499,12614,1896,2135,63521,987,9691,103357,2724,3200,29356,1294,103422,22952,3170,5220,1192954,16326,13322,395,3633,29497,445,1208,43359,9087,4139,261408,20914,638,292610,94800,5859,290177,273554,35382,68430,19983,39502,32938,111260,15346,12221,60,1639,30119,28438,55685,8904,5080,374,55245,3943,80605,13003,5552
"3.2.21",82607,82,3504,12644,1901,2136,63621,988,9722,103488,2725,3205,29377,1301,103622,22969,3175,5222,1194333,16354,13348,395,3634,29524,447,1207,43380,9111,4143,261608,20942,638,292780,94946,5857,290415,273963,35459,68510,20008,39554,32994,111411,15383,12246,60,1645,30168,28479,55757,8911,5082,378,55330,3944,80709,13018,5561
"3.3.21",82677,82,3508,12654,1904,2138,63736,993,9727,103622,2727,3217,29392,1303,103756,22982,3181,5228,1196017,16387,13379,395,3637,29551,448,1207,43395,9121,4170,261798,20968,641,292928,95076,5861,290640,274337,35519,68613,20035,39596,33061,111571,15419,12268,60,1659,30209,28525,55848,8919,5087,379,55372,3950,80818,13041,5565
"3.4.21",82821,82,3511,12674,1907,2138,63860,994,9739,103769,2730,3233,29403,1309,103894,22999,3187,5228,1198178,16436,13403,395,3642,29597,452,1213,43438,9125,4181,261976,21020,644,293179,95247,5868,290915,274876,35559,68696,20079,39633,33124,111776,15443,12302,60,1662,30249,28598,55938,8928,5090,379,55451,3953,80950,13046,5569
"3.5.21",82922,84,3515,12692,1913,2144,63959,1000,9756,103949,2736,3255,29430,1318,104057,23040,3191,5228,1200128,16467,13441,395,3650,29662,453,1213,43471,9140,4194,262241,21099,645,293396,95450,5877,291152,275419,35608,68815,20118,39714,33174,111968,15468,12323,60,1664,30296,28637,56031,8955,5092,379,55547,3954,81137,13071,5582
"3.6.21",83018,84,3518,12708,1915,2144,64116,1005,9773,104150,2737,3281,29478,1321,104181,23072,3195,5230,1201868,16491,13456,395,3652,29700,454,1214,43507,9160,4205,262550,21160,644,293551,95607,5880,291253,275857,35646,68945,20155,39793,33216,112154,15475,12343,60,1668,30347,28704,56126,8966,5096,379,55612,3957,81209,13103,5590
"3.7.21",83122,84,3520,12719,1917,2146,64228,1015,9791,104344,2740,3295,29493,1329,104242,23081,3198,5230,1203152,16521,13480,395,3654,29758,454,1215,43530,9168,4213,262674,21202,645,293713,95797,5882,291378,276061,35684,69045,20179,39845,33258,112332,15489,12352,60,1671,30375,28755,56224,8979,5103,379,55694,3959,81258,13141,5602
"3.8.21",83253,84,3521,12727,1920,2147,64322,1017,9796,104482,2745,3299,29509,1329,104307,23108,3201,5231,1204018,16537,13497,396,3663,29774,454,1216,43538,9177,4221,262849,21238,645,293806,95944,5884,291417,276392,35729,69113,20223,39904,33334,112473,15504,12365,60,1680,30416,28795,56282,8984,5105,379,55743,3959,81299,13153,5616
"3.9.21",83329,85,3525,12738,1924,2150,64396,1022,9807,104582,2747,3309,29524,1333,104443,23123,3208,5231,1205327,16549,13506,396,3669,29810,454,1219,43570,9186,4224,262995,21269,649,293915,96015,5887,291501,276880,35753,69198,20242,39949,33355,112556,15539,12395,60,1687,30440,28826,56346,8993,5110,381,55818,3967,81307,13168,5625
"3.10.21",83412,85,3527,12743,1924,2152,64456,1025,9812,104730,2751,3318,29534,1337,104509,23148,3213,5231,1206740,16555,13521,396,3676,29864,455,1220,43604,9196,4236,263111,21296,649,294065,96097,5898,291676,277250,35791,69308,20287,39987,33399,112701,15566,12412,60,1700,30463,28866,56439,8997,5113,381,55859,3969,81392,13176,5631
"3.11.21",83525,85,3529,12757,1926,2153,64557,1032,9820,104906,2755,3325,29528,1344,104564,23166,3220,5231,1208024,16578,13530,396,3678,29941,457,1222,43624,9204,4247,263279,21336,650,294252,96219,5903,291854,277692,35833,69364,20329,40006,33454,112848,15589,12429,60,1708,30491,28906,56528,9012,5123,381,55927,3972,81482,13196,5640
"3.12.21",83619,85,3534,12775,1927,2153,64673,1038,9828,105094,2758,3338,29557,1348,104763,23219,3232,5232,1209849,16616,13550,396,3679,30005,457,1222,43658,9211,4265,263471,21372,651,294421,96371,5904,292106,278070,35875,69332,20351,40055,33508,113001,15624,12438,61,1711,30534,28943,56644,9019,5129,384,56001,3974,81487,13217,5650
"3.13.21",83732,85,3535,12782,1950,2152,64779,1046,9830,105244,2761,3348,29587,1353,104814,23251,3241,5233,1209661,16638,13566,396,3685,30047,457,1223,43688,9221,4275,263653,21405,652,294582,96508,5910,292280,278462,35904,69339,20373,40108,33540,113137,15655,12318,61,1714,30553,28991,56762,9027,5139,384,56053,3975,81486,13250,5665
"3.14.21",83838,85,3535,12792,1950,2153,64898,1053,9840,105401,2762,3358,29614,1355,104878,23279,3245,5233,1210270,16662,13582,396,3687,30090,458,1222,43708,9225,4287,263823,21458,652,294731,96661,5916,292350,278674,35939,69444,20391,40164,33569,113255,15667,12319,61,1717,30585,29031,56816,9037,5142,386,56088,3975,81404,13291,5671
"3.15.21",83884,85,3537,12797,1952,2153,64938,1053,9844,105478,2766,3360,29619,1355,104943,23283,3245,5235,1210663,16664,13587,398,3689,30114,458,1222,43715,9227,4290,263994,21486,652,294774,96737,5918,292385,278865,35952,69520,20400,40185,33586,113337,15681,12326,61,1719,30618,29051,56875,9041,5143,387,56121,3975,81425,13297,5673
"3.16.21",83984,85,3541,12814,1956,2152,65043,1053,9858,105611,2775,3374,29643,1355,105020,23315,3254,5235,1210961,16682,13599,399,3697,30145,459,1223,43730,9240,4300,264033,21517,653,294957,96851,5918,292558,279138,35969,69766,20423,40226,33616,113455,15709,12347,61,1721,30659,29090,56935,9049,5154,387,56174,3977,81471,13328,5685
"3.17.21",84080,85,3542,12831,1957,2152,65121,1058,9861,105720,2781,3388,29671,1360,105144,23332,3259,5236,1211739,16697,13608,400,3699,30198,459,1228,43768,9250,4314,264216,21551,655,295078,96983,5928,292755,279561,36014,70015,20451,40260,33646,113596,15750,12359,61,1723,30683,29119,57056,9061,5165,388,56216,3977,81455,13335,5693
"3.18.21",84151,86,3544,12842,1965,2152,65199,1064,9870,105867,2788,3404,29696,1363,105222,23351,3268,5237,1212648,16722,13616,400,3704,30269,459,1231,43815,9274,4323,264335,21604,658,295226,97157,5929,292884,280018,36046,70239,20491,40297,33702,113733,15781,12376,61,1725,30717,29158,57154,9078,5178,390,56261,3981,81507,13349,5702
"3.19.21",84234,86,3546,12856,1968,2153,65294,1076,9884,105995,2796,3411,29729,1365,105368,23367,3270,5238,1213288,16742,13623,401,3713,30328,459,1261,43835,9287,4325,264478,21637,660,295381,97276,5932,293121,280449,36079,70465,20511,40316,33747,113850,15809,12423,61,1726,30763,29177,57298,9084,5181,390,56301,3985,81563,13363,5705
"3.20.21",84350,86,3549,12867,1972,2153,65415,1082,9900,106151,2802,3422,29753,1371,105441,23416,3288,5238,1213792,16757,13652,402,3713,30365,459,1273,43858,9305,4333,264600,21693,662,295530,97471,5927,293312,280818,36114,70626,20551,40381,33786,114003,15836,12532,62,1730,30809,29209,57471,9093,5192,390,56365,3989,81632,13392,5712
"3.21.21",84422,86,3550,12878,1973,2155,65484,1083,9912,106257,2804,3425,29783,1372,105499,23424,3294,5238,1214178,16762,13681,402,3725,30403,459,1280,43866,9313,4339,264721,21710,663,295640,97617,5929,293358,281017,36165,70700,20585,40412,33807,114107,15847,12536,62,1733,30844,29233,57567,9100,5199,390,56412,3992,81679,13401,5716
"3.22.21",84489,86,3553,12886,1974,2155,65538,1089,9925,106345,2808,3426,29823,1372,105542,23435,3298,5238,1214754,16773,13688,403,3727,30431,460,1280,43877,9319,4344,264849,21741,662,295706,97740,5931,293403,281232,36199,70804,20608,40449,33821,114198,15860,12540,62,1735,30863,29258,57638,9103,5202,390,56438,3993,81711,13409,5719
"3.23.21",84545,86,3555,12904,1982,2155,65599,1089,9937,106443,2810,3428,29844,1373,105625,23446,3302,5240,1215179,16777,13702,405,3726,30451,460,1280,43898,9330,4353,264989,21770,662,295792,97886,5933,293519,281495,36234,70909,20618,40458,33838,114268,15890,12557,62,1734,30901,29272,57708,9118,5205,390,56479,3996,81754,13422,5722
"3.24.21",84621,86,3560,12930,1986,2157,65648,1094,9941,106542,2816,3437,29849,1377,105810,23465,3315,5240,1215772,16788,13716,406,3734,30491,459,1260,43921,9341,4366,265219,21813,662,295891,97997,5936,293635,281784,36271,71002,20631,40510,33878,114383,15922,12567,62,1741,30930,29287,57827,9128,5218,390,56509,4000,81820,13436,5728
"3.25.21",84698,86,3561,12952,1993,2159,65716,1102,9954,106722,2822,3446,29876,1378,105868,23483,3320,5243,1216319,16808,13730,408,3738,30542,461,1252,43943,9352,4378,265356,21854,664,295976,98203,5939,293788,282022,36325,71125,20687,40574,33925,114506,15955,12588,62,1742,30962,29317,57898,9148,5219,390,56561,4001,81879,13454,5744
"3.26.21",84798,86,3563,12960,2000,2160,65812,1108,9976,106864,2828,3454,29899,1378,105912,23504,3322,5243,1217116,16825,13748,408,3738,30586,462,1253,43969,9380,4400,265536,21901,664,296097,98422,5944,293972,282475,36359,71323,20729,40626,33963,114590,15984,12605,62,1745,31021,29362,58004,9161,5223,391,56604,4004,81960,13466,5756
"3.27.21",84926,86,3569,12960,2003,2160,65920,1111,9990,107044,2830,3465,29931,1381,105994,23515,3325,5244,1217775,16841,13779,408,3740,30621,462,1258,44003,9391,4409,265653,21940,665,296208,98634,5951,294141,282727,36417,71443,20764,40691,33990,114756,16001,12623,62,1750,31050,29397,58085,9172,5240,393,56635,4007,82024,13486,5760
"3.28.21",85000,86,3572,12968,2006,2160,65997,1114,9994,107153,2831,3475,29954,1381,106074,23527,3328,5244,1218229,16848,13794,408,3740,30655,462,1259,44026,9399,4417,265787,22026,667,296320,98814,5953,294232,282954,36461,71545,20786,40732,34022,114866,16024,12645,62,1750,31101,29427,58163,9173,5244,394,56657,4008,82064,13495,5765
"3.29.21",85101,88,3580,12976,2009,2160,66094,1125,9999,107246,2834,3483,29973,1381,106127,23538,3333,5245,1218643,16863,13802,410,3741,30675,462,1260,44041,9410,4436,265926,22063,670,296384,98972,5956,294285,283277,36470,71642,20793,40784,34053,114973,16036,12661,62,1751,31146,29452,58225,9184,5248,395,56671,4009,82099,13517,5774
"3.30.21",85160,88,3582,12984,2008,2162,66165,1128,10011,107332,2834,3485,30004,1383,106155,23547,3338,5245,1219029,16881,13816,410,3744,30707,464,1262,44049,9422,4444,266057,22109,671,296448,99121,5961,294432,283530,36507,71731,20812,40805,34087,115056,16066,12666,62,1755,31188,29469,58309,9186,5255,397,56705,4012,82129,13524,5783
"3.31.21",85243,88,3587,13012,2016,2163,66235,1140,10023,107429,2843,3484,30041,1382,106239,23559,3340,5245,1219614,16897,13837,410,3749,30756,464,1262,44052,9432,4462,266233,22134,673,296533,99166,5966,294599,283858,36530,71813,20833,40851,34123,115143,16083,12678,62,1759,31211,29487,58409,9191,5270,400,56726,4016,82176,13530,5796
"4.1.21",85347,88,3589,13023,2017,2163,66303,1149,10026,107522,2849,3488,30056,1384,106288,23579,3345,5249,1220256,16906,13848,410,3754,30796,464,1262,44069,9441,4467,266353,22165,674,296666,99365,5969,294772,284145,36570,71946,20854,40882,34169,115250,16060,12714,62,1761,31238,29512,58464,9185,5274,400,56760,4018,82223,13514,5804
"4.2.21",85554,88,3604,13047,2021,2164,66428,1185,10074,107764,2859,3489,30094,1387,106329,23591,3356,5250,1220893,16919,13862,410,3756,30974,464,1263,44106,9484,4503,266464,22303,676,296869,100074,5980,295003,284672,36638,72148,20891,40942,34223,115422,16005,12741,62,1763,31342,29566,58718,9211,5288,401,56797,4020,82289,13553,5819
"4.3.21",85642,88,3609,13056,2030,2164,66468,1194,10088,107826,2862,3491,30119,1386,106420,23603,3358,5250,1220893,16935,13871,410,3758,31007,464,1262,44126,9504,4503,266464,22334,676,296973,100093,5987,295172,284997,36677,72267,20922,40988,34250,115512,15994,12789,62,1765,31364,29594,58788,9238,5302,402,56824,4020,82346,13586,5826
"4.4.21",85734,88,3614,13076,2031,2166,66538,1197,10096,107931,2864,3496,30138,1387,106460,23603,3363,5251,1220893,16938,13877,410,3758,31024,464,1262,44143,9517,4517,266464,22382,676,297090,100260,5996,295266,285207,36716,72330,20949,41015,34292,115625,16008,12804,62,1765,31399,29620,58838,9244,5306,402,56844,4020,82385,13597,5832
"4.5.21",85794,88,3616,13086,2030,2167,66592,1200,10107,107996,2865,3499,30156,1387,106480,23604,3368,5252,1222479,16955,13881,411,3761,31047,464,1263,44149,9523,4526,267001,22429,676,297106,100356,6003,295310,285376,36732,72409,20962,41039,34314,115747,16017,12807,62,1769,31425,29643,58903,9249,5309,402,56865,4020,82410,13600,5838
"4.6.21",85882,88,3619,13098,2032,2168,66712,1208,10133,108063,2865,3501,30218,1389,106543,23611,3367,5253,1222802,16976,13894,412,3760,31081,469,1263,44169,9540,4536,267143,22487,675,297191,100566,6006,295508,285629,36766,72520,20979,41080,34336,115843,16041,12818,63,1772,31479,29670,58972,9259,5313,402,56888,4021,82420,13617,5844
"4.7.21",85924,88,3622,13109,2033,2170,66757,1209,10146,108120,2868,3508,30270,1396,106628,23613,3367,5255,1223205,16986,13911,415,3765,31118,469,1263,44185,9587,4546,267253,22532,675,297329,100664,6011,295704,285985,36812,72591,21005,41125,34369,115971,16064,12833,63,1775,31499,29680,59018,9268,5317,403,56906,4022,82461,13625,5849
"4.8.21",86009,88,3627,13121,2038,2174,66845,1212,10165,108201,2869,3510,30316,1396,106724,23613,3369,5255,1223821,17000,13928,415,3764,31153,470,1264,44196,9600,4549,267383,22571,675,297443,100787,6014,295921,286314,36855,72700,21037,41181,34392,116149,16085,12847,63,1775,31523,29697,59085,9275,5319,405,56939,4026,82494,13645,5855
"4.9.21",86203,88,3632,13162,2039,2175,66999,1218,10185,108300,2869,3520,30339,1396,106984,23621,3371,5256,1224547,17015,13945,415,3767,31169,470,1264,44245,9605,4555,267492,22649,676,298157,101201,6027,296734,286552,36915,72902,21064,41232,34508,116412,16120,12863,63,1774,31569,29721,59198,9281,5323,405,56970,4026,82570,13656,5866
"4.10.21",86433,88,3635,13191,2043,2179,67149,1223,10210,108413,2875,3532,30393,1397,107172,23643,3377,5256,1225299,17040,13955,415,3770,31216,470,1266,44295,9600,4561,267957,22732,676,298683,101533,6035,297327,286955,36978,73091,21098,41311,34628,116680,16149,12880,63,1777,31626,29757,59299,9294,5337,405,57016,4031,82630,13674,5869
"4.11.21",86563,88,3637,13197,2047,2181,67258,1225,10239,108515,2880,3547,30418,1400,107341,23649,3386,5257,1225796,17064,13965,415,3770,31241,470,1267,44316,9623,4576,268175,22794,676,298878,101783,6045,297430,287203,37022,73188,21139,41334,34680,116827,16171,12895,63,1774,31680,29784,59392,9302,5351,405,57031,4033,82674,13677,5881
"4.12.21",86629,88,3639,13202,2044,2182,67329,1227,10255,108572,2881,3557,30430,1400,107374,23655,3389,5261,1226219,17073,13976,416,3773,31254,472,1268,44331,9634,4590,268304,22816,676,298980,101893,6047,297486,287405,37051,73228,21156,41354,34696,116921,16195,12901,63,1779,31721,29792,59440,9301,5354,405,57054,4033,82697,13693,5886
"4.13.21",86735,88,3641,13215,2046,2185,67457,1232,10278,108675,2883,3565,30470,1401,107434,23671,3399,5262,1226627,17108,13987,417,3776,31272,475,1268,44355,9658,4597,268414,22878,675,299130,102055,6052,297691,287712,37080,73301,21190,41393,34703,117034,16238,12932,63,1782,31754,29836,59522,9306,5374,407,57080,4035,82735,13700,5889
"4.14.21",86826,88,3645,13234,2048,2187,67553,1239,10297,108700,2885,3576,30498,1402,107591,23677,3405,5263,1226964,17121,13996,417,3785,31295,475,1269,44373,9674,4603,268521,22922,675,299214,102154,6066,297846,288007,37113,73370,21225,41420,34743,117160,16270,12980,63,1792,31780,29865,59570,9310,5380,407,57099,4037,82774,13715,5891
"4.15.21",86907,88,3648,13251,2050,2191,67639,1246,10316,108767,2886,3587,30513,1403,107648,23686,3408,5264,1227537,17137,14012,419,3788,31326,475,1270,44386,9676,4616,268622,22962,675,299335,102305,6075,298058,288317,37163,73470,21265,41491,34765,117277,16298,12998,63,1799,31824,29882,59661,9317,5382,407,57131,4043,82802,13734,5901
"4.16.21",87063,88,3653,13274,2053,2194,67732,1248,10344,108842,2887,3596,30558,1402,107764,23705,3415,5265,1228118,17153,14018,419,3793,31357,475,1270,44404,9684,4626,268762,23035,675,299462,102530,6089,298201,288693,37211,73569,21300,41549,34800,117372,16328,13028,63,1806,31901,29912,59735,9327,5395,407,57158,4045,82829,13748,5908
"4.17.21",87189,88,3657,13300,2056,2195,67823,1249,10375,108910,2889,3606,30583,1402,107825,23717,3418,5266,1228641,17164,14027,424,3795,31394,477,1270,44417,9697,4640,268869,23095,676,299609,102714,6093,298402,288956,37253,73669,21320,41600,34835,117569,16360,13053,63,1817,31975,29932,59812,9332,5404,407,57182,4045,82856,13771,5916
"4.18.21",87305,88,3659,13322,2058,2195,67924,1251,10396,108974,2890,3617,30587,1402,107859,23725,3422,5266,1228997,17182,14031,424,3796,31408,479,1271,44427,9705,4647,268962,23147,675,299697,102907,6096,298472,289139,37297,73773,21337,41644,34868,117680,16369,13065,63,1819,32043,29955,59891,9341,5407,407,57201,4048,82876,13753,5919
"4.19.21",87415,88,3661,13337,2061,2197,68011,1258,10414,109061,2890,3629,30596,1402,107879,23728,3425,5269,1229328,17195,14035,426,3796,31426,479,1271,44432,9711,4660,269036,23183,675,299745,103041,6096,298528,289326,37322,73830,21356,41670,34886,117788,16390,13072,63,1826,32081,29964,59945,9349,5409,407,57218,4051,82895,13765,5919
"4.20.21",87488,88,3663,13360,2064,2200,68069,1261,10436,109139,2892,3641,30625,1403,108013,23733,3427,5270,1229641,17208,14039,428,3800,31444,479,1271,44458,9742,4668,269176,23219,680,299862,103198,6095,298701,289615,37347,73912,21384,41696,34903,117921,16437,13095,63,1833,32116,29973,60006,9359,5418,408,57251,4055,82915,13776,5930
"4.21.21",87600,88,3664,13386,2068,2206,68164,1263,10455,109219,2895,3671,30657,1402,108061,23756,3430,5270,1229998,17216,14054,429,3803,31477,480,1271,44496,9758,4682,269258,23273,680,299972,103380,6105,298847,289911,37425,74018,21425,41763,34930,118015,16488,13143,63,1840,32159,29996,60073,9377,5425,408,57262,4060,82938,13802,5938
"4.22.21",87669,88,3665,13401,2070,2207,68213,1263,10471,109251,2895,3709,30702,1404,108131,23769,3432,5271,1230398,17223,14064,431,3803,31498,480,1271,44507,9765,4687,269352,23298,680,300042,103453,6105,298925,290230,37450,74092,21463,41791,34971,118160,16527,13161,63,1847,32179,30005,60102,9382,5429,408,57291,4061,82975,13813,5942
"4.23.21",87776,88,3669,13420,2075,2210,68352,1265,10489,109326,2895,3727,30717,1405,108195,23779,3434,5271,1230398,17235,14070,436,3819,31539,480,1273,44523,9783,4695,269433,23345,680,300145,103633,6112,298998,289436,37487,74188,21483,41834,34997,118300,16593,13184,63,1851,32235,30031,60186,9392,5443,408,57325,4061,82999,13844,5945
"4.24.21",87860,88,3672,13431,2078,2210,68412,1266,10518,109395,2898,3751,30734,1406,108256,23793,3435,5271,1231186,17245,14079,436,3829,31569,480,1273,44528,9787,4707,269549,23370,680,300246,103774,6114,299074,289614,37521,74262,21500,41872,35015,118382,16631,13196,63,1859,32276,30043,60258,9396,5444,408,57343,4061,83001,13850,5954
"4.25.21",88008,88,3675,13464,2083,2213,68508,1270,10542,109471,2901,3780,30747,1406,108280,23799,3436,5272,1231532,17253,14084,436,3834,31596,480,1274,44539,9793,4721,269633,23399,680,300349,103921,6121,299168,289794,37551,74341,21524,41915,35036,118488,16659,13213,63,1866,32322,30060,60349,9406,5453,408,57376,4063,83016,13864,5966
"4.26.21",88082,88,3677,13482,2086,2214,68585,1274,10556,109521,2902,3793,30761,1406,108313,23802,3437,5274,1231838,17260,14081,438,3834,31622,480,1275,44544,9800,4733,269724,23428,680,300428,104071,6121,299213,289956,37571,74414,21536,41908,35053,118586,16670,13221,63,1880,32379,30059,60452,9408,5459,408,57396,4065,83043,13882,5969
"4.27.21",88156,88,3677,13505,2088,2216,68667,1277,10574,109573,2903,3810,30765,1406,108418,23808,3440,5274,1232131,17273,14087,441,3843,31634,480,1274,44557,9805,4742,269838,23451,685,300532,104219,6124,299281,290128,37600,74476,21548,41925,35078,118660,16698,13242,63,1888,32432,30067,60515,9422,5464,408,57414,4069,83061,13898,5971
"4.28.21",88251,88,3678,13535,2090,2217,68740,1278,10584,109606,2903,3826,30799,1406,108456,23818,3442,5274,1232391,17280,14098,441,3848,31663,480,1275,44584,9810,4755,269949,23520,686,300584,104247,6129,299373,290284,37625,74549,21558,41950,35109,118713,16737,13262,63,1895,32451,30080,60573,9423,5476,408,57433,4070,83083,13923,5975
"4.29.21",88355,88,3681,13565,2095,2220,68809,1282,10595,109644,2904,3845,30858,1407,108479,23830,3447,5274,1232751,17291,14116,441,3854,31720,480,1276,44605,9822,4775,270014,23567,686,300669,104324,6131,299441,290438,37656,74611,21583,41992,35145,118800,16756,13290,65,1910,32476,30096,60667,9426,5486,408,57479,4071,83101,13948,5983
"4.30.21",88468,88,3682,13592,2100,2222,68890,1287,10620,109729,2904,3864,30868,1408,108545,23851,3449,5274,1233091,17304,14135,441,3857,31755,480,1275,44619,9825,4793,270101,23598,687,300754,104512,6132,299544,290651,37697,74702,21591,42038,35169,118891,16770,13310,65,1926,32528,30130,60774,9433,5491,408,57502,4074,83147,13960,5988
"5.1.21",88573,88,3682,13629,2109,2223,68988,1303,10658,109796,2904,3875,30889,1408,108598,23856,3450,5275,1233505,17317,14144,441,3862,31787,481,1275,44638,9833,4810,270194,23652,685,300860,104695,6139,299643,290872,37741,74783,21603,42073,35193,118990,16779,13343,65,1954,32605,30151,60844,9438,5497,408,57539,4076,83188,13988,5993
"5.2.21",88656,88,3682,13648,2111,2223,69055,1316,10678,109848,2910,3888,30902,1409,108628,23876,3452,5277,1233772,17319,14159,441,3867,31810,480,1276,44647,9838,4820,270284,23678,685,300930,104806,6146,299701,291047,37767,74843,21617,42113,35215,119048,16790,13357,66,1963,32640,30158,60902,9443,5498,409,57561,4079,83204,14005,5997
"5.3.21",88719,88,3683,13655,2112,2224,69109,1317,10701,109892,2913,3896,30916,1409,108652,23882,3455,5279,1233998,17323,14169,444,3872,31835,480,1276,44648,9848,4835,270345,23706,685,300976,104964,6147,299730,291246,37783,74906,21623,42147,35228,119100,16796,13370,66,1986,32694,30171,60968,9450,5502,409,57579,4079,83212,14016,5998
"5.4.21",88773,88,3682,13677,2113,2228,69149,1326,10731,109948,2918,3908,30915,1410,108719,23883,3463,5280,1234242,17328,14177,444,3874,31852,480,1277,44658,9857,4841,270444,23749,685,301029,105054,6148,299781,291457,37795,74987,21634,42167,35240,119159,16801,13408,66,2003,32714,30186,61026,9455,5509,409,57602,4082,83272,14028,6009
"5.5.21",88829,88,3682,13702,2116,2228,69217,1329,10746,109995,2922,3917,30937,1412,108822,23904,3467,5281,1234242,17333,14192,445,3879,31867,482,1277,44684,9866,4851,270507,23788,687,301104,105152,6155,299862,291693,37822,75048,21671,42214,35249,119211,16809,13430,66,2017,32746,30199,61095,9467,5519,409,57628,4081,83295,14056,6013
"5.6.21",88909,88,3682,13727,2124,2230,69300,1336,10775,110049,2923,3930,30960,1412,108887,23913,3474,5282,1234746,17340,14199,445,3882,31886,482,1278,44716,9876,4872,270569,23923,688,301159,105637,6154,299944,291939,37845,75142,21678,42262,35263,119323,16846,13478,66,2030,32818,30231,61189,9476,5521,410,57650,4088,83338,14083,6020
"5.7.21",89012,88,3683,13746,2127,2232,69383,1341,10792,110142,2925,3951,31002,1413,108968,23923,3476,5283,1235150,17349,14211,445,3885,31886,482,1278,44726,9882,4889,270625,23954,688,301244,105752,6157,300045,292172,37862,75220,21694,42305,35277,119423,16870,13506,66,2043,32858,30245,61278,9487,5525,410,57688,4089,83374,14090,6029
"5.8.21",89097,88,3684,13768,2127,2234,69452,1347,10807,110194,2927,3971,31023,1413,108993,23939,3479,5285,1235422,17352,14217,445,3890,31900,482,1279,44733,9886,4901,270705,23979,689,301340,105897,6157,300161,292413,37889,75287,21707,42332,35296,119484,16885,13533,66,2061,32903,30264,61343,9493,5528,410,57709,4091,83411,14110,6047
"5.9.21",89180,88,3687,13792,2129,2235,69533,1350,10817,110252,2929,3982,31038,1412,109031,23946,3480,5286,1235651,17354,14223,445,3895,31907,483,1281,44738,9890,4912,270744,24000,689,301412,106001,6165,300202,292621,37916,75354,21714,42364,35307,119531,16890,13541,66,2065,32944,30275,61391,9493,5530,410,57738,4094,83420,14114,6053
"5.10.21",89257,88,3689,13804,2131,2234,69590,1351,10825,110287,2934,3993,31055,1413,109052,23952,3480,5288,1235828,17366,14226,447,3899,31904,484,1282,44747,9893,4920,270800,24027,689,301463,106076,6167,300231,292876,37932,75382,21708,42387,35313,119556,16910,13548,66,2079,32978,30278,61425,9492,5531,410,57751,4095,83435,14115,6061
"5.11.21",89305,88,3689,13824,2131,2234,69639,1359,10840,110330,2938,3996,31075,1414,109101,23956,3482,5292,1235999,17375,14232,447,3902,31917,485,1282,44759,9903,4922,270883,24055,689,301537,106199,6167,300293,293028,37956,75441,21724,42446,35319,119591,16909,13566,66,2085,33013,30290,61479,9497,5536,412,57775,4098,83479,14121,6069
"5.12.21",89378,88,3690,13845,2132,2234,69696,1364,10856,110381,2943,4015,31109,1412,109139,23965,3485,5294,1236256,17379,14242,448,3917,31965,486,1282,44776,9903,4923,270940,24096,691,301615,106298,6171,300379,293141,37969,75488,21739,42500,35330,119632,16919,13614,66,2091,33035,30300,61526,9507,5541,413,57816,4098,83515,14132,6075
"5.13.21",89455,88,3694,13870,2133,2235,69762,1366,10866,110416,2947,4060,31137,1412,109177,23973,3488,5296,1236456,17385,14249,448,3927,32013,486,1282,44793,9910,4928,270983,24119,690,301856,106419,6171,300644,293352,37991,75545,21761,42522,35354,119687,16925,13635,66,2101,33064,30315,61579,9511,5549,413,57855,4101,83553,14137,6081
"5.14.21",89520,88,3697,13896,2134,2240,69830,1367,10876,110472,2950,4083,31156,1412,109186,23979,3492,5297,1237021,17392,14257,450,3936,32035,486,1282,44800,9916,4931,271134,24118,690,301934,106538,6173,300713,293630,38023,75613,21770,42504,35355,119741,16926,13658,66,2114,33103,30331,61659,9514,5557,415,57891,4102,83567,14147,6089
"5.15.21",89578,88,3698,13918,2139,2242,69901,1371,10890,110518,2952,4113,31176,1414,109272,23982,3494,5297,1237273,17400,14259,450,3942,32037,486,1282,44809,9920,4941,271194,24152,691,302000,106640,6175,300771,293780,38051,75657,21780,42522,35371,119795,16933,13685,66,2124,33123,30344,61708,9519,5564,415,57916,4106,83601,14161,6098
"5.16.21",89645,88,3699,13964,2142,2246,69937,1377,10894,110550,2953,4137,31189,1413,109298,23987,3498,5301,1237411,17401,14262,450,3944,32048,486,1282,44818,9924,4941,271251,24160,692,302061,106727,6176,300821,293903,38066,75680,21792,42526,35382,119833,16939,13692,66,2128,33139,30357,61734,9528,5566,415,57931,4112,83628,14168,6107
"5.17.21",89668,88,3700,13969,2144,2246,69965,1381,10899,110582,2954,4145,31207,1413,109320,23990,3498,5302,1237561,17407,14268,450,3949,32058,486,1282,44822,9927,4947,271296,24176,692,302115,106751,6177,300872,293963,38075,75701,21800,42547,35387,119852,16947,13703,66,2134,33149,30367,61771,9530,5570,415,57950,4113,83638,14171,6107
"5.18.21",89721,88,3701,13989,2144,2246,69996,1383,10905,110633,2956,4165,31214,1413,109351,23988,3504,5306,1237700,17412,14273,450,3958,32063,488,1282,44828,9938,4949,271352,24203,692,302169,106801,6175,300905,294093,38079,75752,21803,42563,35390,119909,16933,13738,66,2141,33167,30379,61799,9536,5575,416,57990,4115,83665,14181,6109
"5.19.21",89794,88,3701,14026,2145,2248,70083,1383,10916,110665,2958,4176,31228,1414,109424,23991,3506,5308,1237910,17418,14280,450,3968,32071,489,1283,44800,9939,4956,271421,24265,692,302220,106945,6174,300974,294193,38096,75812,21810,42591,35404,119914,16917,13780,66,2145,33201,30406,61851,9542,5583,417,58016,4116,83688,14191,6113
"5.20.21",89881,88,3703,14048,2151,2251,70160,1385,10926,110718,2960,4195,31229,1414,109506,23994,3509,5309,1238147,17421,14285,452,3979,32073,493,1286,44812,9946,4962,271496,24309,692,302277,107135,6177,301052,294359,38122,75867,21821,42617,35405,119961,16916,13816,66,2154,33250,30433,61923,9551,5590,417,58075,4119,83742,14204,6122
"5.21.21",89949,88,3704,14067,2151,2254,70214,1388,10942,110774,2962,4209,31250,1414,109566,23999,3509,5312,1238382,17424,14292,452,3979,32104,493,1286,44824,9946,4966,271537,24340,693,302328,107200,6178,301105,294435,38141,75948,21856,42630,35414,119986,16917,13842,66,2159,33267,30453,61982,9554,5591,418,58132,4121,83763,14214,6126
"5.22.21",90010,88,3704,14098,2154,2256,70254,1393,10953,110825,2966,4228,31253,1414,109630,24008,3511,5313,1238607,17428,14293,452,3990,32127,494,1287,44827,9951,4974,271589,24352,694,302416,107278,6181,301194,294505,38168,76011,21865,42686,35425,120031,16922,13862,66,2168,33278,30481,62017,9560,5597,418,58162,4120,83804,14228,6130
"5.23.21",90066,88,3705,14105,2157,2257,70326,1395,10961,110859,2967,4251,31248,1414,109654,24011,3513,5313,1238781,17429,14298,452,3995,32146,494,1287,44832,9956,4978,271646,24376,694,302478,107393,6182,301229,294589,38191,76057,21873,42716,35432,120072,16927,13871,66,2171,33305,30495,62054,9563,5602,418,58178,4123,83817,14235,6137
"5.24.21",90093,89,3707,14114,2159,2259,70360,1396,10966,110883,2967,4260,31255,1414,109676,24014,3515,5318,1238932,17438,14302,453,4002,32156,494,1287,44834,9957,4978,271673,24383,694,302510,107449,6182,301246,294625,38199,76074,21879,42717,35435,120097,16932,13877,66,2192,33318,30515,62081,9570,5606,418,58190,4125,83822,14246,6142
"5.25.21",90150,89,3708,14133,2161,2259,70424,1397,10980,110924,2968,4266,31266,1414,109738,24018,3517,5322,1239127,17445,14304,454,4011,32161,496,1291,44842,9959,4983,271725,24409,695,302576,107562,6183,301389,294706,38207,76116,21887,42736,35450,120132,16938,13893,66,2197,33344,30535,62125,9579,5613,418,58202,4126,83853,14254,6148
"5.26.21",90210,89,3711,14171,2167,2262,70472,1398,10983,110970,2970,4283,31392,1415,109830,24024,3517,5326,1239306,17447,14312,454,4021,32168,500,1291,44849,9965,4991,271766,24431,696,302636,107656,6184,301568,294784,38222,76172,21897,42799,35461,120161,16936,13924,66,2200,33359,30559,62153,9579,5620,419,58236,4130,83892,14263,6156
"5.27.21",90255,89,3712,14241,2176,2262,70507,1401,10990,111014,2970,4297,31410,1416,109904,24028,3518,5327,1243338,17454,14313,454,4028,32190,504,1293,44864,9969,4995,271851,24457,698,302696,107756,6184,301662,294895,38248,76208,21905,42813,35468,120193,16931,13950,66,2201,33383,30582,62169,9585,5633,419,58254,4133,83915,14274,6160
"5.28.21",90304,89,3712,14248,2178,2264,70554,1403,11007,111041,2974,4302,31404,1416,109999,24037,3524,5329,1243531,17457,14315,454,4030,32205,504,1291,44868,9976,5003,271936,24478,699,302738,107874,6184,301814,294992,38258,76290,21924,42832,35484,120203,16926,13953,66,2205,33421,30603,62241,9595,5634,419,58272,4133,83938,14288,6171
"5.29.21",90350,89,3715,14267,2179,2266,70616,1404,11011,111074,2977,4320,31411,1416,110089,24045,3524,5329,1243712,17462,14324,454,4035,32216,504,1292,44874,9983,5006,272059,24502,700,302776,107963,6182,301870,295111,38279,76326,21937,42843,35480,120239,16934,13973,67,2211,33446,30631,62271,9600,5640,419,58298,4136,83962,14294,6181
"5.30.21",90348,89,3717,14269,2179,2266,70646,1406,11015,111106,2978,4328,31415,1415,110111,24050,3526,5329,1243882,17465,14337,454,4038,32218,504,1292,44881,9983,5008,272094,24510,701,302830,107998,6182,301891,295174,38287,76354,21947,42855,35482,120252,16937,13981,67,2211,33481,30644,62291,9603,5643,419,58307,4137,83966,14298,6185
"5.31.21",90377,89,3719,14273,2184,2268,70657,1407,11015,111118,2979,4332,31416,1415,110131,24053,3532,5331,1244054,17470,14335,454,4044,32224,504,1292,44883,9983,5013,272094,24513,701,302841,108026,6182,301884,295224,38293,76358,21952,42858,35482,120261,16936,13984,67,2211,33503,30649,62304,9608,5646,419,58322,4138,83972,14304,6186
"6.1.21",90395,89,3719,14271,2186,2268,70672,1407,11017,111145,2980,4336,31409,1415,110147,24053,3532,5334,1244170,17477,14336,458,4049,32225,505,1292,44883,9984,5016,272156,24519,701,302879,108083,6183,301902,295287,38303,76366,21954,42852,35489,120274,16940,13988,67,2216,33504,30659,62320,9613,5650,419,58342,4137,83976,14307,6193
"6.2.21",90450,89,3719,14277,2187,2271,70723,1408,11021,111161,2979,4339,31426,1415,110188,24057,3531,5341,1244275,17479,14346,461,4053,32225,505,1292,44888,9988,5024,272210,24558,701,302901,108190,6184,301917,295345,38322,76402,21951,42853,35496,120299,16942,14010,67,2218,33538,30695,62351,9618,5652,420,58361,4138,83992,14314,6198
"6.3.21",90482,89,3720,14325,2192,2271,70770,1410,11030,111183,2979,4351,31427,1416,110252,24059,3535,5342,1244473,17483,14351,461,4061,32230,507,1292,44895,9992,5028,272242,24602,702,302934,108287,6184,301939,295449,38345,76501,21962,42867,35506,120339,16942,14030,67,2221,33551,30724,62380,9624,5658,420,58373,4138,84037,14319,6203
"6.4.21",90515,89,3722,14342,2192,2273,70815,1411,11033,111218,2981,4364,31443,1416,110302,24079,3537,5351,1244684,17486,14355,461,4066,32235,507,1292,44900,9993,5035,272298,24613,702,303001,108379,6184,301974,295585,38352,76555,21972,42884,35517,120368,16948,14050,67,2225,33590,30753,62427,9639,5661,420,58387,4138,84065,14326,6210
"6.5.21",90545,89,3726,14365,2194,2273,70879,1413,11039,111243,2982,4383,31454,1417,110350,24094,3543,5351,1244917,17492,14358,461,4072,32244,507,1291,44903,9995,5040,272361,24637,703,303064,108452,6185,302001,295712,38385,76596,21975,42904,35515,120425,16952,14069,67,2227,33606,30792,62450,9644,5663,420,58400,4141,84082,14331,6213
"6.6.21",90569,89,3728,14379,2194,2273,70937,1414,11046,111259,2982,4390,31452,1416,110372,24098,3544,5352,1245120,17496,14363,461,4076,32248,508,1292,44911,9998,5045,272426,24660,703,303112,108515,6185,302038,295792,38392,76629,21985,42928,35520,120462,16956,14076,67,2229,33625,30822,62475,9652,5664,420,58403,4140,84095,14332,6222
"6.7.21",90622,89,3729,14386,2194,2274,70998,1414,11057,111279,2982,4391,31444,1416,110395,24100,3549,5354,1245254,17501,14366,461,4081,32246,509,1292,44910,9997,5052,272447,24683,703,303149,108608,6185,302059,295874,38398,76658,21991,42950,35525,120494,16957,14084,67,2229,33656,30849,62513,9656,5666,421,58413,4141,84105,14341,6225
"6.8.21",90665,89,3736,14394,2194,2275,71043,1415,11058,111308,2982,4400,31442,1417,110458,24113,3549,5359,1245429,17508,14370,461,4085,32260,514,1291,44911,9997,5053,272504,24718,703,303189,108671,6187,302117,295958,38410,76721,21990,42959,35536,120521,16958,14104,67,2230,33663,30869,62542,9666,5669,422,58427,4142,84112,14344,6232
"6.9.21",90696,89,3738,14411,2197,2276,71111,1416,11066,111320,2983,4416,31444,1417,110522,24138,3550,5359,1245588,17510,14374,461,4091,32260,515,1291,44916,10006,5055,272552,24750,708,303228,108744,6189,302157,296029,38420,76772,21999,42973,35540,120545,16953,14127,67,2233,33670,30888,62556,9671,5669,424,58442,4143,84125,14348,6238
"6.10.21",90741,89,3741,14423,2201,2279,71159,1418,11069,111358,2984,4422,31469,1417,110546,24144,3559,5360,1245786,17511,14378,461,4099,32266,520,1291,44924,10009,5059,272617,24809,707,303266,108825,6190,302216,296152,38437,76816,22020,43034,35552,120585,16957,14144,67,2243,33684,30919,62587,9680,5672,424,58451,4143,84144,14354,6241
"6.11.21",90780,89,3742,14434,2201,2279,71223,1422,11075,111405,2984,4427,31483,1417,110559,24146,3559,5362,1245949,17513,14376,461,4105,32269,521,1291,44931,10012,5066,272650,24843,707,303312,108895,6193,302273,296261,38457,76888,22028,43057,35556,120614,16962,14158,67,2244,33714,30974,62620,9686,5675,424,58464,4147,84162,14358,6242
"6.12.21",90837,89,3753,14436,2202,2280,71274,1425,11079,111419,2984,4434,31489,1417,110593,24145,3561,5363,1246123,17517,14381,461,4107,32274,522,1292,44937,10021,5071,272650,24858,707,303354,108976,6194,302317,296327,38469,76957,22033,43076,35568,120648,16968,14166,67,2246,33755,30997,62656,9690,5675,425,58482,4148,84170,14369,6249
"6.13.21",90883,89,3753,14447,2202,2280,71327,1425,11084,111432,2984,4439,31490,1417,110604,24147,3565,5363,1246129,17521,14386,461,4109,32278,522,1292,44942,10030,5076,272650,24878,707,303391,109069,6197,302360,296401,38477,76983,22038,43083,35567,120700,16970,14171,67,2247,33770,31013,62679,9690,5677,425,58493,4150,84174,14372,6254
"6.14.21",90903,89,3754,14477,2203,2282,71358,1424,11087,111454,2987,4445,31526,1417,110617,24150,3566,5368,1246436,17528,14393,464,4111,32280,524,1292,44944,10035,5078,272745,24894,707,303423,109117,6198,302395,296463,38486,77000,22043,43091,35568,120711,16973,14173,67,2248,33779,31031,62700,9694,5679,425,58499,4152,84182,14377,6256
"6.15.21",90945,89,3755,14488,2201,2283,71392,1424,11092,111472,2987,4453,31479,1417,110673,24150,3568,5372,1246640,17532,14395,464,4117,32284,527,1292,44952,10045,5081,272787,24912,708,303455,109159,6200,302416,296544,38490,77041,22034,43066,35570,120718,16978,14198,67,2249,33801,31060,62738,9703,5679,425,58525,4155,84188,14381,6259
"6.16.21",90982,89,3762,14504,2201,2285,71427,1426,11096,111487,2991,4467,31486,1417,110687,24154,3571,5373,1246832,17536,14397,464,4124,32290,527,1292,44956,10046,5087,272827,24942,708,303490,109217,6201,302458,296607,38503,77082,22036,43074,35578,120737,16986,14207,68,2248,33813,31095,62755,9707,5683,426,58545,4154,84205,14391,6263
"6.17.21",91025,89,3763,14515,2202,2287,71482,1426,11104,111516,2991,4479,31491,1417,110710,24161,3572,5376,1247033,17551,14401,465,4137,32302,546,1292,44974,10049,5091,272877,24982,708,303580,109291,6208,302521,296728,38526,77116,22039,43088,35585,120787,16996,14213,68,2251,33833,31147,62771,9716,5689,431,58620,4160,84226,14398,6269
"6.18.21",91061,89,3771,14525,2204,2287,71567,1428,11111,111547,2991,4491,31499,1417,110734,24166,3576,5380,1247033,17558,14407,465,4151,32302,547,1292,44982,10056,5096,272922,25023,708,303631,109371,6208,302590,296819,38530,77184,22043,43103,35588,120837,17001,14223,69,2252,33861,31170,62827,9730,5693,431,58643,4160,84237,14405,6279
"6.19.21",91140,89,3771,14534,2205,2287,71632,1429,11128,111577,2995,4504,31503,1417,110762,24170,3576,5381,1247361,17565,14412,465,4160,32296,547,1293,44987,10060,5103,272922,25063,708,303676,109432,6209,302638,296904,38540,77215,22052,43120,35591,120868,17005,14233,69,2253,33879,31196,62873,9732,5694,432,58667,4161,84256,14415,6286
"6.20.21",91193,89,3772,14543,2206,2288,71700,1429,11138,111603,2996,4513,31545,1417,110782,24172,3576,5382,1247618,17571,14426,465,4163,32305,550,1293,44990,10061,5112,272922,25091,708,303726,109504,6209,302680,296986,38553,77243,22059,43157,35606,120922,17009,14236,69,2253,33900,31239,62897,9732,5694,432,58676,4161,84269,14420,6296
"6.21.21",91220,89,3774,14544,2207,2288,71740,1429,11144,111630,2995,4519,31545,1417,110799,24177,3576,5385,1247744,17582,14433,465,4168,32304,550,1295,44992,10064,5114,273057,25110,708,303764,109564,6209,302707,297069,38559,77263,22062,43161,35611,120951,17011,14238,69,2254,33924,31270,62921,9736,5694,432,58682,4163,84280,14425,6301
"6.22.21",91248,89,3775,14540,2211,2290,71782,1430,11150,111658,2997,4525,31570,1417,110799,24187,3577,5387,1247909,17587,14434,465,4155,32308,550,1295,44997,10065,5116,273105,25136,708,303811,109609,6209,302745,297145,38572,77300,22067,43202,35619,120954,17017,14240,69,2254,33939,31291,62950,9736,5698,432,58703,4163,84293,14417,6310
"6.23.21",91278,89,3775,14547,2212,2291,71829,1431,11166,111686,3001,4532,31598,1418,110847,24195,3579,5392,1248161,17595,14437,465,4161,32301,553,1297,45002,10068,5117,273128,25163,712,304319,109681,6208,302797,297238,38589,77343,22070,43238,35625,120993,17014,14231,69,2254,33951,31317,62963,9740,5700,433,58713,4164,84306,14423,6319
"6.24.21",91299,89,3777,14554,2215,2291,71894,1434,11176,111729,3004,4535,31671,1418,110847,24206,3584,5395,1248415,17597,14440,466,4168,32289,557,1294,45016,10072,5120,273170,25197,713,305045,109783,6209,302881,297375,38607,77395,22074,43296,35632,121034,17026,14258,70,2254,33975,31380,62984,9747,5697,433,58735,4164,84329,14431,6324
"6.25.21",91397,89,3778,14565,2214,2291,71963,1439,11180,111743,3006,4545,31658,1418,110948,24211,3584,5396,1248737,17606,14439,466,4172,32298,557,1297,45020,10073,5125,273225,25212,713,305652,109854,6209,302933,297491,38627,77441,22073,43332,35639,121033,17029,14266,70,2256,33994,31403,63011,9751,5701,433,58738,4165,84340,14437,6324
"6.26.21",91506,89,3780,14579,2215,2292,72016,1445,11191,111765,3006,4553,31660,1419,110948,24221,3589,5397,1249065,17615,14440,466,4179,32301,557,1297,45029,10079,5132,273225,25243,716,306476,110002,6211,303028,297610,38638,77511,22079,43381,35647,121082,17040,14269,70,2258,34034,31448,63051,9756,5701,436,58755,4165,84356,14449,6329
"6.27.21",91559,89,3784,14585,2216,2293,72067,1449,11197,111786,3004,4557,31677,1419,110948,24226,3594,5400,1249304,17617,14442,466,4183,32309,557,1297,45036,10082,5139,273225,25274,716,306643,110105,6212,303113,297724,38651,77544,22090,43408,35655,121113,17042,14278,70,2259,34063,31489,63069,9765,5704,436,58759,4165,84366,14459,6334
"6.28.21",91590,89,3785,14587,2216,2293,72116,1449,11204,111800,3005,4567,31671,1419,111049,24228,3604,5401,1249572,17620,14446,466,4185,32320,557,1294,45039,10086,5144,273427,25302,716,306655,110172,6212,303151,297808,38664,77559,22091,43413,35658,121139,17046,14281,70,2260,34071,31497,63098,9769,5704,437,58768,4165,84407,14468,6336
"6.29.21",91474,89,3786,14561,2211,2286,72086,1448,11189,111145,3005,4562,31336,1420,111049,24129,3607,5403,1249875,17618,14387,467,4191,32320,555,1293,45034,10070,5145,273482,25243,716,306982,109902,6210,303123,297919,38335,77313,22076,43027,35633,119656,17050,14205,71,2261,33989,31311,63035,9721,5706,437,58772,4155,84382,14443,6317
"6.30.21",91554,89,3788,14568,2211,2286,72181,1448,11210,111174,3006,4571,31343,1421,111060,24133,3614,5410,1250240,17627,14393,467,4200,32329,557,1293,45049,10076,5151,273561,25273,717,307307,109976,6216,303217,298030,38362,77369,22079,43086,35648,119694,17051,14206,72,2268,34004,31310,63059,9725,5706,437,58790,4156,84417,14451,6320
"7.1.21",91644,89,3790,14585,2213,2291,72256,1452,11223,111199,3008,4581,31353,1424,111060,24147,3636,5415,1250740,17637,14404,467,4207,32340,557,1293,45054,10082,5159,273636,25319,719,307295,110100,6219,303305,298167,38409,77434,22084,43179,35653,119733,17055,14224,72,2270,34039,31363,63081,9731,5706,437,58826,4157,84455,14464,6326
"7.2.21",91646,89,3790,14587,2213,2293,72256,1452,11223,111204,3008,4581,31353,1424,111111,24147,3636,5417,1251259,17638,14404,467,4208,32340,557,1293,45057,10082,5159,273738,25322,721,307303,110107,6219,303310,298204,38411,77438,22085,43180,35653,119733,17055,14225,72,2270,34040,31363,63085,9731,5707,437,58833,4157,84465,14466,6326
"7.3.21",91648,89,3790,14587,2213,2294,72260,1452,11223,111210,3009,4582,31354,1424,111111,24147,3636,5417,1251848,17639,14404,467,4209,32340,557,1293,45058,10082,5159,273738,25329,721,307308,110108,6219,303312,298230,38413,77444,22086,43180,35653,119733,17055,14225,72,2271,34040,31363,63086,9731,5709,437,58841,4157,84473,14468,6326
"7.4.21",91656,89,3790,14588,2213,2294,72263,1452,11225,111219,3009,4582,31354,1424,111111,24148,3636,5418,1252303,17642,14404,467,4209,32341,557,1293,45060,10082,5159,273738,25332,721,307312,110111,6219,303315,298249,38416,77449,22086,43181,35654,119733,17055,14227,72,2272,34040,31363,63094,9731,5709,437,58847,4157,84481,14471,6326
"7.5.21",91868,89,3800,14644,2224,2291,72562,1459,11274,111314,3006,4615,31382,1424,111111,24162,3658,5419,1252739,17669,14439,467,4226,32356,557,1291,45067,10112,5173,273738,25441,722,307251,110618,6248,303675,298429,38552,77615,22108,43366,35698,119952,17074,14249,72,2278,34168,31479,63191,9754,5710,437,58879,4156,84586,14511,6352
"7.6.21",91899,89,3800,14657,2224,2293,72589,1458,11277,111353,3007,4617,31386,1424,111111,24177,3672,5423,1253106,17678,14442,468,4230,32361,558,1292,45078,10119,5182,274132,25458,722,307297,110720,6248,303747,298918,38571,77640,22112,43388,35701,119964,17076,14254,72,2280,34181,31493,63213,9761,5711,438,58890,4157,84620,14521,6360
"7.7.21",91984,89,3803,14666,2225,2298,72638,1459,11289,111388,3010,4619,31396,1427,111273,24186,3673,5425,1253536,17681,14444,468,4232,32362,557,1292,45089,10116,5190,274132,25489,724,307419,110832,6248,303835,299076,38605,77728,22120,43401,35712,120023,17082,14263,72,2287,34224,31536,63206,9771,5715,438,58909,4159,84719,14533,6362
"7.8.21",92085,89,3806,14685,2227,2298,72708,1464,11305,111431,3009,4627,31424,1427,111273,24194,3680,5425,1254386,17694,14456,468,4240,32373,557,1293,45109,10115,5194,274132,25514,731,307572,110977,6252,303987,299316,38662,77798,22137,43444,35725,120104,17090,14276,73,2292,34250,31595,63213,9780,5717,438,58933,4159,84838,14550,6367
"7.9.21",92088,89,3806,14688,2228,2298,72713,1464,11312,111442,3009,4628,31425,1427,111341,24194,3680,5428,1255434,17694,14456,468,4240,32375,557,1293,45115,10115,5194,274132,25522,731,307588,110982,6252,303996,299364,38666,77811,22140,43445,35727,120105,17090,14280,73,2295,34256,31596,63217,9782,5718,438,58940,4159,84854,14552,6367
"7.10.21",92093,89,3806,14690,2228,2298,72715,1464,11313,111449,3011,4628,31426,1427,111341,24195,3680,5431,1256557,17695,14457,468,4240,32375,557,1293,45115,10115,5194,274132,25528,731,307601,110991,6252,304003,299412,38673,77818,22140,43449,35728,120105,17090,14285,73,2296,34260,31596,63219,9782,5718,441,58946,4159,84863,14556,6367
"7.11.21",92604,89,3812,14723,2240,2300,73084,1480,11362,111594,3018,4665,31484,1427,111341,24222,3712,5431,1257628,17720,14494,468,4255,32413,558,1293,45173,10138,5229,274132,25639,730,308109,111602,6274,304426,299707,38934,78050,22169,43610,35779,120327,17107,14314,74,2305,34425,31717,63355,9818,5725,440,58979,4161,85043,14594,6389
"7.12.21",92739,89,3814,14731,2243,2301,73180,1483,11379,111654,3018,4676,31487,1427,111437,24233,3719,5434,1258685,17727,14501,468,4263,32426,558,1293,45185,10142,5241,274132,25686,730,308266,111767,6277,304556,300621,39000,78115,22175,43647,35797,120413,17114,14317,74,2308,34451,31742,63379,9826,5725,440,59002,4161,85107,14618,6395
"7.13.21",92900,89,3816,14739,2245,2303,73315,1485,11393,111722,3020,4689,31490,1427,111437,24243,3732,5435,1259992,17728,14518,469,4273,32432,558,1295,45207,10157,5248,275358,25731,730,308489,111934,6284,304720,301046,39072,78201,22191,43696,35814,120509,17120,14331,74,2313,34519,31797,63425,9843,5732,443,59024,4167,85191,14639,6408
"7.14.21",93128,89,3817,14751,2249,2308,73452,1486,11412,111789,3021,4699,31520,1427,111571,24253,3753,5437,1261068,17745,14534,469,4281,32468,559,1296,45225,10160,5253,275358,25778,733,308725,112160,6288,304966,301397,39189,78303,22215,43766,35857,120630,17133,14348,74,2321,34555,31836,63498,9858,5730,444,59057,4174,85275,14657,6423
"7.15.21",93398,89,3818,14769,2252,2310,73627,1489,11439,111889,3023,4711,31538,1428,111571,24274,3774,5438,1261164,17765,14564,471,4297,32510,559,1295,45247,10168,5261,275358,25834,735,308981,112423,6292,305209,301908,39336,78408,22235,43845,35909,120769,17144,14365,74,2324,34622,31902,63570,9870,5733,444,59100,4178,85370,14684,6438
"7.16.21",93408,89,3818,14771,2252,2311,73634,1489,11441,111909,3023,4712,31538,1428,111687,24277,3774,5439,1264450,17769,14564,472,4298,32510,559,1295,45250,10169,5262,275358,25851,735,308996,112440,6292,305223,301985,39344,78413,22235,43850,35910,120772,17144,14369,74,2324,34628,31902,63583,9871,5734,444,59117,4178,85375,14685,6439
"7.17.21",93419,89,3818,14775,2252,2312,73638,1489,11442,111929,3023,4712,31538,1428,111687,24278,3774,5440,1266227,17769,14567,472,4299,32512,559,1295,45251,10170,5262,275358,25856,735,309022,112453,6292,305240,302032,39349,78416,22235,43851,35910,120779,17144,14370,74,2326,34636,31905,63593,9871,5734,445,59127,4178,85382,14688,6440
"7.18.21",94246,89,3832,14843,2258,2317,74246,1496,11511,112186,3024,4773,31575,1429,111687,24319,3839,5440,1267860,17803,14630,472,4336,32602,560,1298,45311,10215,5320,275358,26014,744,309825,113296,6302,305950,302688,39741,78724,22300,44034,36024,121240,17179,14406,76,2334,34844,32045,63807,9919,5739,448,59187,4196,85629,14764,6488
"7.19.21",94453,89,3835,14863,2260,2318,74350,1498,11535,112256,3025,4778,31587,1429,111894,24341,3862,5440,1267860,17815,14643,473,4341,32632,560,1298,45335,10224,5329,277126,26087,744,310081,113544,6304,306155,304179,39848,78826,22307,44097,36050,121363,17195,14419,76,2339,34895,32084,63876,9927,5742,448,59219,4198,85701,14784,6501
"7.20.21",94736,89,3840,14883,2264,2322,74578,1504,11567,112357,3027,4796,31633,1432,111894,24380,3885,5441,1271179,17828,14673,474,4349,32652,560,1299,45381,10237,5345,277489,26158,750,310501,113896,6307,306467,304794,39934,78943,22336,44213,36083,121514,17207,14432,76,2345,34981,32135,63948,9947,5745,449,59288,4203,85818,14842,6524
"7.21.21",94965,89,3846,14912,2272,2325,74773,1506,11586,112442,3029,4826,31664,1435,112063,24401,3910,5441,1273551,17834,14707,475,4364,32688,560,1300,45405,10255,5350,277845,26213,750,310816,114173,6307,306789,305364,40107,79046,22360,44300,36152,121650,17215,14453,76,2358,35025,32162,64022,9958,5753,451,59324,4203,85902,14875,6559
"7.22.21",95298,89,3849,14960,2282,2330,75144,1511,11621,112584,3032,4845,31699,1436,112063,24439,3977,5444,1276254,17863,14734,480,4383,32746,560,1302,45431,10276,5381,278209,26313,751,311326,114579,6311,307177,306114,40367,79231,22400,44429,36241,121906,17224,14464,76,2368,35155,32301,64137,9986,5758,452,59387,4263,86028,14908,6583
"7.23.21",95303,89,3849,14969,2282,2333,75149,1511,11629,112594,3032,4847,31699,1436,112318,24441,3977,5447,1276254,17865,14735,485,4384,32747,560,1302,45437,10276,5382,278720,26324,751,311347,114588,6311,307192,306174,40379,79243,22404,44434,36243,121909,17225,14468,76,2368,35162,32303,64149,9986,5758,452,59415,4263,86041,14908,6586
"7.24.21",95307,89,3849,14978,2282,2333,75158,1511,11633,112606,3035,4850,31699,1436,112318,24444,3977,5449,1281760,17870,14737,485,4384,32747,560,1302,45437,10276,5382,278720,26340,751,311359,114590,6311,307201,306222,40391,79258,22404,44438,36244,121912,17225,14471,76,2368,35166,32304,64158,9986,5758,453,59437,4263,86059,14915,6587
"7.25.21",96287,89,3881,15074,2290,2339,76113,1540,11741,112998,3039,4963,31740,1439,112318,24539,4123,5450,1283844,17934,14841,485,4426,32847,560,1304,45509,10362,5455,278720,26570,764,312638,115767,6329,308293,307507,41116,79734,22531,44753,36438,122621,17283,14530,77,2380,35539,32580,64443,10033,5775,459,59571,4314,86374,15055,6657
"7.26.21",96582,89,3887,15094,2291,2343,76347,1544,11766,113138,3041,4978,31737,1441,112623,24573,4148,5455,1285771,17965,14865,494,4447,32863,560,1304,45522,10379,5482,280149,26678,764,313100,116157,6334,308556,309638,41278,79860,22545,44867,36491,122804,17303,14539,77,2382,35669,32664,64513,10061,5778,461,59653,4318,86483,15103,6676
"7.27.21",96832,89,3894,15155,2295,2348,76727,1552,11811,113306,3041,4999,31751,1442,112798,24614,4172,5459,1288090,17999,14918,495,4464,32918,560,1306,45585,10401,5507,280654,26773,766,313648,116600,6341,308924,310432,41443,79997,22599,44956,36547,122989,17336,14577,77,2386,35779,32750,64647,10099,5791,462,59741,4330,86615,15147,6704
"7.28.21",97123,89,3903,15224,2304,2351,76991,1559,11847,113499,3047,5021,31800,1451,112933,24664,4206,5465,1290395,18031,14942,497,4470,32982,560,1304,45618,10423,5524,281228,26861,768,314118,116861,6348,309474,311273,41666,80162,22670,45058,36625,123182,17365,14626,79,2396,35900,32819,64769,10134,5810,463,59811,4361,86798,15195,6733
"7.29.21",97444,89,3910,15288,2309,2357,77378,1590,11906,113700,3051,5054,31868,1455,113071,24719,4254,5473,1293583,18071,14991,498,4493,33059,560,1305,45679,10450,5577,281790,27002,757,314841,117474,6363,310091,312217,41960,80455,22728,45212,36730,123453,17391,14672,80,2404,36043,32989,64944,10170,5820,465,59904,4410,86963,15266,6758
"7.30.21",97450,89,3910,15296,2309,2357,77380,1590,11918,113726,3052,5056,31870,1455,113216,24723,4254,5484,1297087,18075,14991,500,4495,33059,560,1305,45689,10452,5578,282426,27017,757,314865,117487,6363,310100,312277,41981,80463,22730,45222,36731,123456,17393,14681,80,2406,36053,32991,64959,10171,5826,466,59944,4411,86970,15280,6761
"7.31.21",97454,89,3910,15309,2309,2359,77384,1590,11924,113738,3053,5059,31873,1455,113216,24727,4254,5488,1300313,18078,14991,500,4496,33063,560,1305,45698,10453,5578,282426,27035,757,314876,117493,6363,310107,312335,41995,80468,22734,45235,36737,123458,17395,14681,80,2407,36069,32991,64979,10171,5826,466,59979,4411,86985,15284,6762
"8.1.21",98955,89,3956,15501,2356,2369,78880,1656,12102,114451,3069,5200,32009,1467,113216,24884,4372,5495,1303343,18172,15135,500,4575,33253,560,1312,45796,10526,5767,282426,27402,775,316826,119165,6383,311926,315319,43035,81244,22897,45654,37016,124357,17529,14807,83,2426,36536,33466,65494,10302,5865,472,60223,4538,87532,15474,6872
"8.2.21",99140,91,3960,15555,2362,2376,79043,1667,12150,114628,3073,5247,32018,1468,113810,24911,4391,5510,1305704,18189,15151,521,4615,33278,562,1314,45843,10545,5818,284534,27484,776,317344,119439,6388,312395,316396,43169,81378,22912,45779,37062,124509,17573,14829,83,2435,36597,33525,65608,10327,5877,473,60324,4573,87650,15514,6895
"8.3.21",99465,91,3986,15600,2371,2383,79280,1705,12193,114926,3080,5287,32052,1472,114079,24975,4424,5535,1307970,18264,15199,530,4652,33319,563,1321,45881,10585,5893,285479,27626,793,318102,119866,6397,312814,317633,43397,81571,22992,45892,37129,124776,17609,14885,84,2455,36711,33641,65758,10370,5890,476,60485,4612,87800,15608,6936
"8.4.21",99672,91,3995,15656,2389,2391,79514,1716,12268,115124,3092,5364,32101,1478,114342,25042,4443,5545,1311656,18310,15246,537,4667,33398,563,1325,45948,10603,5911,285620,27714,798,318901,120177,6414,313610,318644,43572,81823,23078,46034,37236,124995,17654,14939,85,2472,36795,33710,65891,10402,5907,480,60599,4633,87957,15663,6984
"8.5.21",100258,91,4026,15728,2412,2408,80067,1746,12368,115483,3101,5422,32111,1481,114699,25116,4515,5553,1315677,18367,15303,547,4708,33510,565,1327,46025,10650,5988,286477,28011,801,320069,120911,6419,314421,319824,43972,82140,23201,46197,37343,125365,17708,15033,85,2490,37029,33856,66225,10457,5937,488,60735,4668,88410,15737,7030
"8.6.21",100697,91,4036,15813,2434,2422,80356,1770,12469,115843,3114,5516,32136,1484,115007,25189,4584,5561,1319492,18398,15353,559,4769,33596,566,1346,46109,10681,6087,287661,28159,809,320984,121504,6429,315292,321372,44339,82412,23317,46310,37442,125642,17768,15108,85,2505,37137,33996,66426,10499,5960,492,60918,4723,88633,15796,7064
"8.7.21",101028,91,4075,15916,2461,2449,80733,1807,12558,116189,3128,5608,32206,1489,115007,25267,4640,5583,1323345,18449,15387,559,4811,33712,566,1347,46188,10719,6180,287661,28338,815,322017,121991,6446,316159,322705,44624,82788,23429,46454,37541,126076,17842,15191,86,2518,37253,34119,66686,10555,5980,499,61080,4770,88831,15925,7097
"8.8.21",101357,91,4092,16005,2477,2461,81022,1826,12621,116432,3141,5672,32221,1494,115007,25320,4663,5587,1326361,18485,15427,559,4825,33780,566,1354,46240,10730,6224,287661,28435,817,322740,122468,6464,316891,323752,44814,83036,23519,46579,37661,126438,17885,15218,86,2522,37354,34208,66892,10589,6001,501,61205,4780,88995,15984,7129
"8.9.21",101724,91,4114,16047,2487,2473,81316,1864,12672,116701,3153,5733,32258,1494,115910,25389,4698,5603,1329537,18533,15459,587,4868,33821,567,1355,46270,10741,6305,289938,28601,817,323399,123183,6474,317580,324718,44999,83248,23554,46695,37725,126681,17937,15245,87,2533,37460,34337,67078,10634,6018,501,61318,4794,89137,16035,7156
"8.10.21",102003,91,4129,16116,2506,2493,81606,1886,12747,117046,3171,5821,32272,1495,116120,25500,4730,5626,1332289,18605,15500,592,4919,33883,569,1338,46354,10765,6369,290615,28736,830,324268,123555,6488,318237,326245,45143,83459,23644,46842,37833,126918,17997,15320,88,2589,37576,34460,67324,10681,6038,509,61497,4829,89348,16103,7190
"8.11.21",102279,91,4163,16188,2522,2515,81873,1909,12824,117259,3190,5871,32322,1496,116475,25568,4743,5644,1335332,18645,15541,601,4944,33973,569,1338,46424,10795,6391,291283,28904,838,325030,124030,6498,319081,327440,45324,83727,23790,46960,37965,127207,18048,15428,93,2632,37682,34597,67523,10740,6061,510,61623,4845,89518,16138,7225
"8.12.21",102714,91,4197,16315,2548,2527,82354,1939,12917,117725,3212,5952,32346,1496,116731,25696,4805,5655,1339138,18709,15583,626,5030,34135,571,1343,46511,10843,6505,291792,29099,843,326104,124689,6515,320022,328729,45551,84058,23978,47098,38155,127528,18121,15518,93,2649,37814,34713,67812,10807,6129,511,61835,4896,89782,16247,7291
"8.13.21",103185,91,4206,16427,2581,2540,82677,1989,12997,118238,3239,5993,32421,1497,117101,25812,4842,5678,1342839,18771,15689,636,5087,34293,569,1349,46593,10894,6578,292833,29253,856,327240,125365,6541,321010,330511,45986,84369,24116,47326,38305,127878,18193,15622,93,2671,37947,34881,68139,10865,6172,518,62022,4952,90068,16336,7348
"8.14.21",103568,91,4243,16535,2596,2556,83096,2031,13077,118681,3251,6112,32439,1500,117101,25935,4882,5687,1347023,18857,15750,636,5142,34422,570,1350,46659,10942,6642,292833,29408,863,328121,125962,6549,321793,331887,46166,84738,24221,47459,38404,128358,18252,15751,93,2688,38088,35023,68452,10923,6208,525,62276,4978,90282,16400,7387
"8.15.21",103927,91,4268,16622,2616,2566,83427,2076,13123,119037,3263,6141,32479,1502,117101,26032,4919,5695,1350370,18885,15770,636,5190,34499,570,1352,46715,10984,6710,292833,29537,864,329011,126467,6567,322792,332613,46363,85000,24300,47568,38564,128644,18309,15794,94,2707,38183,35125,68728,10979,6233,526,62416,4988,90530,16467,7429
"8.16.21",104336,91,4272,16666,2626,2583,83731,2141,13222,119344,3276,6187,32509,1503,118025,26123,4932,5713,1353071,18943,15808,662,5211,34569,570,1357,46764,11011,6759,295123,29749,865,329679,127129,6574,323320,333829,46528,85294,24358,47701,38653,128913,18367,15846,95,2721,38310,35271,69045,11018,6254,527,62591,5040,90702,16526,7479
"8.17.21",104671,91,4303,16777,2642,2596,84153,2204,13338,120036,3297,6299,32554,1505,118360,26245,4965,5737,1356249,19046,15882,673,5273,34726,574,1359,46853,11072,6830,295885,30031,874,330993,127769,6592,324132,335675,46674,85535,24470,47810,38778,129293,18410,16012,95,2755,38548,35373,69449,11090,6306,534,62859,5099,91367,16587,7521
"8.18.21",105003,91,4316,16880,2661,2604,84448,2235,13416,120359,3321,6341,32611,1507,118794,26310,4998,5756,1359897,19097,15922,678,5305,34937,579,1362,46926,11126,6860,297163,30167,888,332092,128259,6603,325247,336865,46817,85870,24643,47943,38906,129508,18449,16106,96,2789,38711,35497,69737,11121,6368,539,63048,5139,91622,16673,7557
"8.19.21",105604,91,4355,17003,2692,2615,84983,2273,13534,120844,3335,6397,32657,1507,119277,26462,5033,5776,1362848,19186,15987,694,5345,35091,580,1367,47029,11171,6922,297785,30407,910,333074,129413,6616,326187,338361,47089,86347,24808,48120,39006,130081,18531,16238,96,2815,38939,35668,70096,11179,6408,547,63316,5172,91870,16797,7624
"8.20.21",106162,91,4361,17130,2736,2631,85421,2332,13638,121266,3355,6506,32731,1508,119708,26587,5070,5795,1376551,19272,16045,700,5422,35289,582,1386,47108,11219,6983,298667,30630,922,334119,129955,6632,327184,339971,47314,86768,24923,48251,39110,130465,18595,16338,96,2835,39139,35852,70431,11259,6481,557,63549,5214,92096,16888,7690
"8.21.21",106639,91,4376,17251,2763,2647,85843,2425,13741,121750,3377,6608,32773,1513,119708,26661,5104,5815,1380415,19336,16097,700,5489,35412,583,1396,47193,11278,7046,298667,30791,930,335164,130498,6666,328134,341557,47534,87193,25110,48378,39272,130871,18660,16496,98,2860,39359,36019,70748,11328,6520,567,63782,5255,92372,16980,7747
"8.22.21",106903,91,4388,17347,2790,2660,86086,2471,13784,122054,3409,6650,32793,1518,119708,26744,5120,5829,1383186,19395,16146,700,5519,35503,584,1396,47248,11298,7101,298667,30920,938,335927,130990,6675,328701,342568,47735,87505,25191,48514,39424,131153,18725,16571,100,2886,39435,36114,70937,11377,6561,571,64000,5276,92620,17038,7794
"8.23.21",107313,91,4408,17438,2822,2671,86379,2515,13859,122510,3440,6683,32816,1522,120857,26835,5153,5866,1385784,19444,16188,740,5557,35604,584,1402,47292,11324,7169,300665,31103,950,336788,131768,6687,329474,343618,47858,87885,25265,48633,39514,131460,18778,16666,103,2917,39571,36209,71266,11444,6594,575,64233,5302,92806,17116,7822
"8.24.21",107723,91,4419,17593,2830,2689,86698,2559,13929,123139,3471,6784,32853,1525,121299,27005,5191,5878,1388672,19555,16236,749,5606,35777,586,1400,47381,11366,7222,301251,31218,969,337784,132408,6703,330236,345008,47932,88136,25393,48751,39642,131738,18836,16831,103,2958,39692,36290,71578,11522,6631,589,64637,5349,93025,17177,7894
"8.25.21",108052,92,4454,17702,2870,2700,87062,2589,13999,123562,3489,6865,32898,1531,121898,27067,5219,5896,1391513,19632,16278,754,5683,35898,587,1400,47468,11416,7243,301891,31378,978,338741,132958,6714,331193,346447,48039,88491,25568,48856,39786,131975,18901,16950,103,3001,39828,36429,71878,11592,6680,601,64902,5416,93248,17365,7944
"8.26.21",108569,92,4481,17866,2892,2716,87554,2641,14090,124074,3516,6916,32940,1534,122386,27235,5255,5914,1394632,19736,16329,769,5736,36066,587,1403,47552,11463,7330,302419,31569,987,339701,133928,6732,332086,347630,48225,88935,25796,48969,39902,132425,18989,17121,103,3039,40019,36548,72254,11644,6749,602,65252,5449,93478,17435,8008
"8.27.21",109054,92,4498,18023,2922,2726,88138,2711,14209,124756,3539,7013,33027,1543,122950,27363,5290,5928,1397480,19832,16404,781,5810,36238,588,1403,47635,11530,7416,303381,31853,1001,340614,134913,6750,332904,349581,48399,89476,25924,49132,40012,132997,19082,17254,104,3068,40348,36772,72677,11738,6813,612,65585,5500,93666,17523,8102
"8.28.21",109441,92,4525,18254,2945,2740,88693,2750,14334,125375,3567,7121,33088,1553,122950,27467,5330,5949,1400837,19922,16457,781,5867,36448,590,1403,47700,11582,7487,303381,32143,1008,341472,135990,6764,333701,350803,48615,90027,26113,49287,40119,133477,19163,17421,104,3126,40615,36913,73218,11819,6868,618,65933,5531,93830,17630,8161
"8.29.21",109937,92,4543,18397,2989,2750,89197,2769,14417,125829,3579,7161,33124,1557,122950,27554,5360,5965,1403053,19977,16485,781,5898,36593,591,1405,47735,11623,7545,303381,32402,1013,342247,137004,6774,334303,351521,48853,90477,26268,49453,40239,133970,19211,17490,104,3142,40893,37099,73521,11870,6915,624,66203,5540,94012,17745,8219
"8.30.21",110188,92,4549,18551,2994,2767,89442,2813,14479,126264,3612,7184,33153,1559,124432,27661,5400,5992,1405387,20021,16513,803,5943,36690,591,1408,47797,11650,7608,305019,32593,1015,342874,137644,6791,334940,352610,48946,90778,26410,49560,40341,134278,19254,17557,104,3166,40999,37217,73774,11949,6983,627,66453,5555,94056,17814,8306
"8.31.21",111302,92,4597,18762,3027,2774,91319,2848,14818,127624,3643,7290,33195,1565,124943,27845,5439,6020,1407317,20230,16568,816,6003,36871,592,1416,47901,11691,7715,305410,33536,1035,343868,140998,6822,335546,354047,49433,91961,26513,50026,40439,135641,19351,17726,108,3201,42084,37832,74636,12066,7091,642,66955,5579,94211,17952,8431
"9.1.21",111546,92,4641,18955,3042,2782,91619,2878,14874,128040,3670,7363,33248,1576,125636,27897,5477,6049,1409684,20288,16580,825,6048,37050,592,1418,47954,11726,7763,306099,33730,1051,344733,141650,6846,336370,355020,49542,92251,26690,50121,40617,135866,19388,17937,111,3264,42217,37908,74954,12114,7181,644,67226,5616,94402,18013,8486
"9.2.21",111853,92,4649,19092,3061,2792,91830,2909,14967,128592,3687,7421,33309,1580,126250,28103,5518,6075,1412379,20388,16605,833,6080,37194,595,1427,48027,11757,7831,306581,33909,1063,345565,142470,6864,337089,356148,49685,92690,26855,50223,40756,136233,19410,18095,118,3315,42322,38013,75274,12171,7235,649,67600,5641,94557,18108,8541
"9.3.21",112115,92,4657,19216,3088,2797,92102,2961,15061,129180,3705,7485,33340,1584,126859,28228,5569,6096,1414854,20490,16656,839,6126,37322,603,1428,48101,11806,7889,307051,34109,1076,346410,143218,6877,337821,357444,49837,93024,26926,50352,40890,136545,19472,18232,118,3359,42489,38154,75607,12253,7323,657,67950,5693,94694,18203,8590
"9.4.21",112425,94,4680,19386,3106,2804,92429,3003,15137,129727,3724,7594,33396,1588,126859,28374,5599,6118,1416919,20587,16683,839,6168,37473,605,1435,48154,11833,7948,307051,34269,1086,347373,143989,6889,338657,358596,49958,93512,27031,50458,41053,136872,19519,18402,121,3406,42649,38264,75956,12318,7363,668,68320,5730,94860,18283,8653
"9.5.21",112661,94,4686,19502,3126,2808,92671,3042,15190,130098,3751,7614,33420,1589,126859,28473,5617,6141,1419030,20637,16707,839,6200,37638,605,1434,48197,11845,7980,307051,34399,1086,348031,144538,6895,339308,359297,50064,93795,27109,50546,41150,137176,19532,18464,122,3439,42724,38336,76205,12361,7414,676,68559,5753,94963,18322,8700
"9.6.21",112848,94,4692,19615,3142,2811,92785,3056,15224,130493,3766,7625,33450,1595,126859,28582,5640,6167,1420560,20684,16722,839,6219,37697,607,1434,48244,11867,8007,307051,34521,1087,348491,145010,6908,339955,360128,50153,93984,27195,50600,41266,137490,19561,18515,122,3463,42816,38385,76392,12426,7433,687,68756,5762,95095,18347,8765
"9.7.21",113049,94,4724,19793,3160,2815,92991,3101,15284,131099,3799,7720,33464,1608,128770,28672,5696,6203,1421616,20832,16729,858,6284,37811,607,1434,48338,11890,8090,308832,34674,1093,348849,145712,6920,340255,360711,50213,94185,27269,50656,41356,137665,19618,18680,124,3509,42910,38470,76671,12507,7529,691,68996,5824,95221,18429,8827
"9.8.21",113287,94,4738,19881,3179,2819,93301,3105,15335,131570,3810,7778,33497,1610,129325,28756,5725,6227,1423620,20876,16752,862,6327,37917,606,1436,48398,11918,8104,309228,34844,1094,349515,145843,6934,340597,361503,50306,94362,27328,50795,41404,137875,19650,18863,126,3562,43023,38534,76813,12552,7587,694,69272,5848,95330,18458,8865
"9.9.21",113522,94,4743,20000,3187,2832,93522,3122,15397,132030,3824,7819,33562,1616,129808,28817,5747,6252,1423620,20938,16783,879,6356,38063,606,1438,48436,11956,8117,309576,35057,1120,350277,146171,6954,341375,362262,50451,94629,27502,50887,41588,138060,19679,19084,128,3613,43135,38631,77085,12602,7639,701,69468,5869,95613,18506,8899
"9.10.21",113898,94,4752,20204,3205,2839,93864,3148,15488,132695,3858,7897,33620,1620,130375,29019,5824,6308,1427817,21070,16828,889,6460,38326,606,1440,48540,12026,8194,310195,35288,1133,351509,146732,6959,342242,363343,50574,94981,27559,50998,41733,138385,19736,19391,130,3646,43288,38732,77557,12676,7742,704,69893,5910,96157,18609,8955
"9.11.21",114228,97,4774,20389,3230,2853,94111,3205,15558,133288,3889,7973,33666,1620,130375,29184,5874,6319,1427817,21205,16869,889,6534,38485,607,1449,48598,12069,8230,310195,35451,1134,352113,147053,6979,342869,364567,50723,95261,27686,51089,41866,138708,19817,19629,136,3665,43409,38861,77938,12746,7799,706,70333,5947,96344,18694,9009
"9.12.21",114476,98,4799,20455,3259,2862,94344,3221,15615,133496,3901,7997,33699,1626,130375,29323,5894,6338,1427817,21253,16900,889,6560,38618,609,1449,48628,12089,8250,310195,35568,1160,352873,147538,6987,343420,365293,50886,95516,27765,51181,42015,138951,19844,19729,136,3681,43477,38920,78161,12800,7836,709,70640,5959,96517,18734,9038
"9.13.21",114677,98,4808,20638,3280,2865,94516,3253,15658,133796,3917,8031,33716,1632,132125,29434,5924,6385,1433465,21309,16931,923,6609,38748,610,1453,48659,12117,8285,311909,35687,1164,353451,148084,7003,343997,365954,50988,95760,27854,51278,42083,139207,19870,19863,136,3711,43572,38979,78493,12841,7919,715,70886,5980,96706,18773,9080
"9.14.21",114852,98,4837,20790,3309,2867,94685,3273,15719,134363,3942,8092,33762,1635,132607,29543,5960,6421,1435163,21389,16959,933,6667,38892,612,1458,48708,12148,8322,312348,35822,1170,354127,148632,7024,344377,366561,51078,95940,27897,51360,42212,139381,19919,20022,136,3734,43673,39064,78749,12891,7987,722,71139,6022,96875,18844,9125
"9.15.21",115024,98,4839,20962,3325,2878,94860,3292,15789,134634,3952,8134,33811,1645,133282,29587,5967,6440,1437073,21480,16969,942,6705,38974,613,1463,48812,12161,8347,312736,35967,1186,354701,148832,7039,344990,367335,51081,96143,28000,51452,42515,139474,19940,20208,136,3799,43759,39102,78932,12927,8030,726,71398,6042,97011,18874,9150
"9.16.21",115303,99,4866,21068,3347,2892,95095,3308,15861,135173,3974,8194,33891,1654,133792,29718,6006,6505,1439011,21581,17007,960,6756,39143,614,1467,48848,12194,8390,313110,36165,1201,355418,149416,7050,345577,367900,51220,96511,28107,51537,42714,139754,19969,20350,136,3844,43874,39180,79207,12962,8098,734,71768,6072,97145,18951,9178
"9.17.21",115606,99,4882,21204,3372,2900,95375,3334,15918,135657,3980,8243,33964,1665,134397,29852,6034,6545,1440721,21652,17041,967,6820,39273,615,1475,48933,12236,8427,313529,36336,1215,356107,149679,7067,346265,368560,51344,96881,28169,51620,42799,140012,19997,20562,137,3884,43989,39282,79527,13037,8176,744,72070,6121,97335,18995,9219
"9.18.21",115838,99,4898,21307,3396,2909,95549,3351,15971,136148,3998,8274,34030,1667,134397,29944,6055,6562,1442808,21750,17070,967,6845,39449,616,1498,48979,12251,8453,313529,36467,1228,356809,149867,7075,346842,369327,51459,97157,28259,51728,42911,140307,20037,20735,138,3907,44061,39366,79724,13070,8223,750,72419,6143,97488,19035,9262
"9.19.21",115985,100,4923,21425,3426,2912,95685,3371,16014,136380,4017,8308,34057,1670,134397,30035,6081,6574,1444127,21795,17097,967,6860,39546,617,1498,49002,12273,8473,313529,36567,1235,357253,150317,7080,347163,369715,51563,97394,28289,51797,42958,140487,20054,20787,139,3920,44154,39433,79991,13109,8256,751,72626,6171,97560,19064,9289
"9.20.21",116181,100,4932,21525,3434,2915,95826,3402,16053,136727,4030,8334,34084,1672,135842,30099,6103,6600,1445121,21847,17120,997,6896,39631,619,1498,49025,12294,8500,314622,36710,1235,357657,150776,7085,347546,370104,51673,97552,28349,51870,43035,140660,20079,20902,139,3949,44255,39472,80217,13144,8305,759,72861,6187,97778,19118,9310
"9.21.21",116313,100,4947,21635,3477,2920,96014,3407,16098,137255,4055,8356,34124,1678,136288,30179,6133,6630,1446348,21968,17138,1007,6913,39723,622,1513,49120,12324,8533,315081,36803,1249,358169,151172,7089,347890,370827,51768,97713,28416,51909,43094,140741,20098,21066,140,3987,44331,39523,80416,13183,8347,764,73219,6213,97902,19146,9340
"9.22.21",116410,100,4965,21787,3488,2927,96136,3415,16132,137499,4063,8404,34184,1683,136679,30231,6155,6652,1448065,22043,17173,1015,6968,39807,622,1515,49164,12334,8555,315397,36866,1254,358679,151355,7101,348458,371719,51853,97972,28499,51970,43132,140891,20136,21216,140,4021,44380,39544,80581,13216,8373,766,73449,6229,98070,19178,9374
"9.23.21",116566,100,4984,21864,3501,2931,96273,3434,16174,137807,4070,8428,34228,1689,136679,30284,6166,6676,1449923,22103,17196,1022,7007,39897,624,1521,49209,12353,8570,315774,36982,1262,359221,151579,7107,348942,372625,51964,98259,28552,52043,43183,141118,20160,21330,140,4040,44442,39594,80873,13235,8403,770,73651,6243,98156,19236,9401
"9.24.21",116572,101,4984,21895,3501,2934,96280,3435,16180,137826,4073,8430,34228,1689,136932,30293,6166,6690,1451438,22107,17199,1027,7012,39904,624,1521,49220,12353,8570,316221,36988,1263,359228,151598,7107,348959,372664,51966,98274,28554,52044,43186,141125,20160,21347,140,4051,44445,39597,80905,13235,8408,771,73705,6244,98163,19240,9402
"9.25.21",116576,101,4984,21906,3502,2935,96284,3435,16182,137838,4073,8433,34230,1689,136932,30297,6166,6699,1452998,22116,17200,1027,7012,39904,625,1521,49228,12353,8573,316221,37000,1263,359235,151602,7107,348969,372679,51973,98276,28558,52045,43187,141126,20161,21361,140,4057,44447,39597,80920,13236,8413,771,73747,6244,98170,19244,9402
"9.26.21",117166,101,5051,22152,3546,2942,96828,3497,16283,138790,4112,8519,34412,1717,136932,30594,6234,6712,1454172,22319,17260,1027,7100,40230,630,1536,49369,12427,8644,316221,37281,1293,361037,152627,7154,350340,375102,52226,98940,28739,52277,43405,141772,20242,21680,141,4109,44656,39787,81549,13308,8538,786,74441,6312,98506,19348,9486
"9.27.21",117303,101,5068,22225,3555,2945,96943,3500,16317,139076,4123,8540,34442,1730,137884,30673,6247,6727,1455155,22400,17261,1062,7132,40361,631,1545,49401,12442,8672,317998,37334,1294,361323,152997,7160,350535,375488,52300,99104,28794,52335,43474,141910,20255,21736,141,4136,44702,39832,81704,13346,8571,800,74666,6342,98599,19383,9503
"9.28.21",117450,101,5100,22320,3572,2952,97088,3496,16353,139511,4143,8581,34501,1740,138233,30828,6277,6746,1456275,22481,17288,1074,7182,40480,635,1547,49460,12477,8705,318305,37439,1301,361900,153234,7171,350949,376133,52380,99216,28878,52403,43692,142004,20288,21865,143,4158,44777,39880,81882,13369,8617,809,74945,6386,98758,19423,9538
"9.29.21",117585,101,5109,22407,3595,2956,97191,3501,16398,139736,4152,8628,34562,1773,138615,30890,6286,6756,1457672,22550,17324,1078,7201,40566,636,1547,49527,12506,8731,318676,37541,1314,362383,153632,7183,351297,376690,52433,99391,28928,52456,43795,142163,20390,21983,144,4172,44852,39912,82000,13406,8659,812,75133,6414,98882,19450,9567
"9.30.21",117775,101,5156,22490,3628,2958,97355,3502,16458,140139,4175,8670,34641,1780,139021,31049,6313,6770,1459182,22679,17341,1094,7257,40747,636,1560,49588,12526,8771,319132,37669,1323,363065,153853,7199,351852,377276,52544,99656,29049,52552,43893,142363,20427,22101,145,4189,44935,39985,82236,13434,8718,821,75393,6447,98987,19507,9590
"10.1.21",117779,102,5156,22499,3628,2959,97360,3505,16466,140173,4178,8676,34643,1780,139554,31053,6313,6784,1460645,22694,17342,1110,7266,40752,637,1560,49599,12526,8772,319458,37689,1323,363086,153879,7199,351866,377303,52548,99664,29053,52555,43894,142366,20428,22116,145,4194,44938,39985,82255,13434,8730,821,75450,6447,98994,19510,9591
"10.2.21",117785,102,5156,22506,3628,2959,97364,3506,16470,140183,4179,8676,34652,1780,139554,31058,6313,6797,1462013,22703,17343,1110,7266,40760,637,1560,49602,12527,8773,319458,37693,1323,363093,153889,7201,351869,377325,52549,99668,29056,52558,43894,142371,20429,22123,145,4197,44944,39986,82266,13436,8732,821,75486,6447,98999,19512,9591
"10.3.21",118356,102,5211,22669,3675,2971,97889,3521,16598,141111,4211,8784,34825,1822,139554,31346,6361,6802,1463039,22847,17405,1110,7336,41084,641,1574,49688,12583,8845,319458,37921,1353,364470,154664,7241,353011,379048,52894,100208,29206,52718,44021,142881,20517,22349,150,4243,45196,40169,82786,13525,8843,843,76125,6508,99258,19594,9684
"10.4.21",118460,102,5216,22703,3684,2975,97964,3524,16622,141452,4223,8791,34855,1826,140373,31432,6370,6826,1463889,22917,17423,1150,7352,41153,643,1581,49708,12602,8863,320128,37971,1354,364725,154916,7245,353134,379458,52962,100281,29236,52754,44064,142991,20530,22415,150,4260,45240,40210,82882,13542,8869,847,76294,6522,99323,19641,9704
"10.5.21",118586,102,5248,22770,3700,2977,98119,3528,16650,141773,4226,8841,34905,1836,140649,31482,6386,6842,1464793,22986,17440,1157,7380,41212,645,1585,49744,12629,8876,320292,38097,1382,365272,155167,7249,353438,380161,52994,100379,29265,52805,44075,143128,20554,22544,151,4279,45301,40246,83056,13552,8897,854,76498,6553,99510,19666,9729
"10.6.21",118681,102,5260,22857,3712,2978,98200,3534,16679,141926,4231,8863,34931,1842,141102,31523,6394,6863,1466248,23045,17458,1167,7401,41278,648,1588,49803,12648,8882,320676,38139,1408,365567,155248,7256,353756,380558,53065,100547,29324,52853,44171,143288,20576,22597,153,4288,45338,40282,83173,13567,8928,855,76656,6567,99609,19705,9748
"10.7.21",118882,102,5292,22933,3759,2990,98398,3542,16757,142385,4240,8901,35000,1844,141463,31640,6406,6880,1467450,23138,17468,1182,7428,41408,650,1597,49840,12683,8914,320887,38258,1443,366025,155682,7271,354193,380931,53134,100747,29357,52923,44221,143467,20609,22722,156,4303,45419,40344,83386,13599,8977,859,76912,6602,99710,19743,9780
"10.8.21",118883,102,5292,22944,3759,2996,98401,3542,16761,142411,4243,8904,35013,1844,141890,31646,6406,6900,1468634,23152,17468,1193,7432,41425,651,1597,49849,12683,8914,321147,38265,1443,366037,155711,7273,354201,380952,53137,100755,29359,52924,44227,143473,20610,22737,156,4308,45423,40346,83411,13602,8983,859,76948,6602,99713,19747,9787
"10.9.21",118887,102,5292,22948,3759,2996,98406,3542,16765,142435,4246,8907,35017,1844,141890,31647,6406,6917,1469790,23159,17469,1193,7432,41428,651,1597,49851,12683,8914,321147,38272,1443,366048,155726,7275,354209,380974,53144,100761,29360,52924,44228,143478,20610,22743,158,4309,45423,40346,83420,13604,8986,859,76980,6602,99719,19749,9788
"10.10.21",119315,102,5334,23105,3790,3003,98794,3554,16865,143378,4268,9015,35197,1893,141890,31877,6473,6923,1470829,23346,17534,1193,7482,41680,657,1616,49914,12738,8991,321147,38530,1493,367230,156578,7332,355184,382110,53407,101244,29508,53077,44480,143954,20703,22946,164,4341,45590,40525,83935,13704,9085,868,77533,6661,100009,19852,9879
"10.11.21",119399,102,5342,23142,3793,3006,98872,3557,16894,143680,4281,9036,35238,1898,142637,31945,6486,6944,1471645,23424,17543,1193,7494,41727,657,1624,49928,12751,9018,321147,38586,1496,367444,156871,7337,355363,382838,53468,101326,29520,53103,44512,144029,20721,22982,164,4352,45633,40565,84024,13724,9125,875,77746,6684,100056,19881,9900
"10.12.21",119454,102,5357,23201,3793,3015,98939,3562,16912,143859,4296,9059,35304,1926,142932,31975,6501,6967,1472419,23460,17552,1223,7511,41801,663,1628,49948,12770,9023,322084,38645,1517,367776,157156,7348,355565,383415,53497,101422,29549,53133,44571,144151,20734,23067,171,4363,45678,40603,84156,13735,9159,877,77935,6719,100209,19893,9931
"10.13.21",119559,102,5361,23253,3799,3019,99029,3563,16929,144097,4303,9082,35356,1944,143272,32032,6502,6978,1473410,23508,17563,1231,7525,41858,669,1632,49975,12794,9030,322299,38693,1544,368063,157387,7351,355738,383751,53576,101533,29568,53158,44604,144263,20740,23159,173,4376,45726,40621,84278,13761,9192,878,78071,6727,100291,19932,9949
"10.14.21",119678,102,5366,23325,3816,3024,99162,3567,16947,144508,4311,9103,35409,1969,143716,32211,6509,6994,1473410,23620,17575,1262,7544,41971,673,1648,50002,12807,9044,322497,38791,1572,368467,157531,7366,356222,384317,53637,101701,29634,53209,44670,144482,20772,23309,178,4377,45756,40694,84458,13776,9255,880,78316,6750,100379,19988,9977
"10.15.21",119683,102,5366,23331,3817,3026,99170,3567,16950,144538,4312,9106,35416,1969,144146,32219,6510,7001,1475694,23626,17578,1273,7546,41985,673,1648,50007,12807,9046,322741,38805,1572,368478,157551,7366,356229,384346,53641,101710,29638,53210,44675,144488,20772,23321,178,4385,45764,40697,84471,13777,9262,881,78363,6751,100385,19992,9986
"10.16.21",119687,102,5366,23339,3817,3029,99173,3567,16955,144548,4313,9108,35420,1969,144146,32223,6510,7014,1475694,23634,17578,1273,7546,41988,673,1648,50009,12807,9046,322741,38811,1572,368483,157561,7366,356232,384370,53648,101717,29640,53211,44675,144496,20772,23329,178,4388,45764,40698,84487,13779,9267,881,78400,6753,100388,19994,9987
"10.17.21",120085,102,5397,23634,3851,3043,99558,3577,17080,145561,4346,9182,35574,2037,144146,32444,6569,7028,1476791,23800,17641,1273,7595,42256,679,1660,50093,12854,9101,322741,39033,1602,369560,158381,7407,357346,385949,53841,102163,29785,53354,44845,144990,20840,23524,183,4426,45905,40809,84983,13852,9380,888,78999,6822,100670,20090,10056
"10.18.21",120173,103,5401,23669,3865,3052,99669,3580,17101,145865,4357,9194,35619,2057,144914,32514,6587,7044,1477686,23851,17662,1308,7609,42314,681,1669,50123,12866,9124,323407,39087,1611,369773,158746,7411,357584,386245,53896,102263,29833,53411,44888,145122,20857,23564,184,4435,45942,40853,85110,13868,9423,891,79185,6843,100721,20122,10069
"10.19.21",120219,103,5423,23735,3873,3057,99701,3582,17129,146033,4371,9217,35693,2082,145227,32586,6601,7067,1479421,23905,17674,1323,7633,42380,685,1673,50151,12873,9137,323569,39156,1618,369979,158918,7422,357670,386612,53935,102337,29862,53435,44917,145228,20878,23638,186,4449,45969,40886,85184,13882,9449,894,79331,6870,100757,20132,10085
"10.20.21",120337,103,5435,23790,3892,3066,99814,3587,17158,146295,4375,9236,35770,2114,145589,32641,6611,7077,1480656,23946,17686,1328,7653,42458,687,1675,50180,12877,9145,323788,39237,1636,370406,159197,7433,358102,387054,53988,102489,29922,53483,44994,145370,20936,23750,186,4462,46012,40912,85301,13906,9488,896,79559,6892,100833,20163,10098
"10.21.21",120499,103,5468,23886,3914,3072,99952,3591,17199,146777,4393,9264,35850,2146,145962,32788,6638,7092,1481814,24034,17701,1334,7687,42597,690,1677,50215,12894,9170,324184,39339,1655,370800,159524,7440,358597,387455,54054,102691,29954,53547,45058,145527,20952,23850,186,4475,46056,40984,85501,13936,9523,900,79775,6929,100892,20209,10131
"10.22.21",120505,105,5468,23901,3914,3076,99957,3592,17206,146822,4396,9268,35854,2146,146348,32794,6639,7109,1483031,24044,17701,1339,7694,42608,690,1677,50226,12894,9170,324288,39352,1655,370810,159550,7442,358631,387470,54055,102698,29956,53548,45060,145531,20954,23865,187,4477,46058,40986,85512,13940,9530,900,79843,6930,100894,20210,10132
"10.23.21",120508,105,5468,23905,3914,3076,99959,3592,17208,146843,4396,9269,35854,2146,146348,32795,6639,7119,1484192,24056,17701,1339,7695,42615,690,1677,50228,12894,9171,324288,39361,1655,370815,159559,7442,358646,387483,54062,102701,29956,53554,45060,145538,20954,23868,188,4480,46062,40986,85530,13940,9535,900,79895,6930,100900,20211,10134
"10.24.21",120513,105,5468,23913,3915,3077,99963,3592,17210,146856,4397,9274,35858,2146,146348,32797,6639,7124,1485105,24064,17701,1339,7696,42620,690,1677,50232,12894,9173,324288,39367,1655,370822,159567,7442,358654,387498,54063,102710,29958,53555,45062,145542,20954,23880,188,4480,46065,40986,85550,13941,9536,900,79954,6930,100900,20213,10134
"10.25.21",121021,105,5511,24156,3993,3093,100384,3614,17337,148415,4421,9352,36055,2221,147294,33199,6710,7142,1485769,24339,17772,1370,7782,43025,695,1699,50333,12946,9273,325123,39712,1674,372535,160981,7476,360060,389839,54290,103256,30117,53763,45287,146171,21041,24166,188,4501,46231,41256,86202,14054,9666,905,80797,7044,101170,20390,10221
"10.26.21",121063,105,5521,24220,4018,3102,100473,3615,17366,148688,4432,9362,36110,2238,147784,33261,6723,7155,1486614,24384,17794,1373,7798,43112,698,1702,50360,12954,9286,325252,39814,1678,372944,161131,7488,360343,390506,54318,103321,30143,53814,45347,146213,21056,24232,189,4512,46255,41306,86331,14075,9693,912,80978,7088,101254,20426,10228
"10.27.21",121192,105,5527,24296,4022,3105,100573,3623,17408,148975,4439,9389,36171,2274,148261,33323,6730,7177,1487502,24445,17803,1378,7827,43162,698,1704,50408,12961,9303,325607,39871,1719,373331,161335,7500,360636,391042,54366,103467,30223,53875,45414,146368,21080,24338,196,4516,46301,41343,86491,14091,9716,913,81127,7104,101351,20454,10251
"10.28.21",121339,105,5538,24381,4045,3110,100705,3627,17442,149464,4447,9411,36264,2287,148507,33470,6751,7193,1489380,24580,17821,1395,7851,43294,698,1706,50468,12968,9332,325921,39982,1728,373832,161651,7525,361110,391469,54423,103628,30276,53934,45488,146557,21125,24411,195,4521,46365,41440,86690,14110,9760,916,81360,7146,101430,20512,10277
"10.29.21",121346,105,5538,24392,4045,3111,100709,3627,17445,149496,4449,9416,36271,2287,148990,33475,6751,7207,1490698,24591,17822,1400,7862,43304,698,1706,50485,12969,9332,326246,39991,1728,373855,161664,7525,361133,391471,54430,103629,30279,53936,45490,146562,21125,24418,195,4521,46366,41441,86706,14114,9763,916,81416,7146,101433,20515,10280
"10.30.21",121351,105,5538,24404,4045,3113,100711,3627,17445,149509,4450,9417,36274,2287,148990,33477,6754,7219,1492106,24596,17823,1400,7862,43310,698,1706,50485,12969,9332,326246,40001,1728,373860,161674,7525,361144,391471,54437,103634,30281,53938,45493,146569,21126,24424,195,4522,46367,41441,86718,14114,9764,916,81459,7146,101437,20517,10284
"10.31.21",121793,105,5577,24584,4105,3123,101086,3644,17538,150785,4467,9467,36456,2347,148990,33717,6809,7227,1493170,24821,17888,1400,7929,43583,703,1733,50586,13013,9401,326246,40305,1749,375228,162225,7560,362494,391471,54648,104214,30407,54139,45635,147140,21212,24638,200,4539,46533,41700,87280,14179,9852,933,82068,7238,101718,20613,10366
"11.1.21",121885,105,5591,24616,4113,3127,101163,3647,17558,151075,4469,9483,36476,2345,149959,33781,6822,7247,1494119,24891,17906,1432,7965,43644,709,1736,50616,13025,9430,327152,40367,1752,375500,162464,7571,362717,393068,54702,104305,30431,54171,45673,147304,21233,24668,200,4541,46587,41754,87405,14196,9877,936,82234,7273,101770,20663,10391
"11.2.21",121969,105,5594,24656,4130,3133,101240,3649,17588,151334,4479,9494,36514,2362,150230,33815,6828,7265,1495014,24932,17929,1438,8008,43691,711,1740,50647,13040,9445,327321,40449,1754,375845,162706,7573,362949,393508,54741,104419,30461,54212,45708,147446,21261,24698,200,4546,46607,41809,87515,14214,9890,938,82400,7303,101839,20697,10407
"11.3.21",122090,105,5604,24693,4142,3136,101340,3653,17620,151593,4483,9507,36557,2382,150632,33847,6833,7280,1496593,24999,17938,1445,8030,43763,713,1741,50684,13047,9455,327535,40515,1772,376338,162927,7585,363395,393905,54788,104542,30517,54260,45754,147597,21271,24796,201,4553,46646,41848,87642,14222,9909,939,82534,7319,101951,20721,10421
"11.4.21",122237,105,5617,24729,4161,3138,101459,3661,17667,151991,4492,9535,36636,2391,150971,33949,6843,7302,1498393,25109,17971,1455,8067,43882,717,1747,50733,13061,9494,327827,40619,1789,376866,163392,7595,364333,394591,54856,104736,30582,54312,45838,147864,21307,24869,202,4558,46702,41922,87824,14256,9945,941,82754,7348,102044,20796,10436
"11.5.21",122243,105,5617,24740,4163,3139,101464,3661,17671,152001,4493,9538,36645,2391,151432,33958,6845,7317,1499911,25120,17973,1462,8073,43886,717,1747,50749,13061,9495,328210,40628,1793,376875,163411,7595,364341,395063,54860,104748,30588,54318,45838,147868,21307,24875,202,4565,46703,41922,87832,14258,9949,941,82800,7350,102046,20800,10438
"11.6.21",122245,105,5617,24741,4163,3140,101466,3661,17677,152012,4494,9538,36648,2391,151432,33959,6845,7322,1501527,25121,17974,1462,8074,43895,717,1747,50751,13061,9495,328210,40637,1793,376885,163418,7596,364351,395063,54863,104757,30588,54320,45839,147869,21308,24880,202,4566,46705,41922,87844,14259,9950,941,82837,7351,102048,20801,10440
"11.7.21",122651,105,5640,24918,4216,3151,101782,3671,17759,153031,4508,9644,36857,2432,151432,34167,6884,7328,1502676,25362,18051,1462,8155,44131,722,1761,50855,13152,9581,328210,40875,1826,378269,164206,7627,365701,395063,55178,105082,30711,54479,46040,148408,21396,25083,204,4578,46823,42155,88301,14316,10006,951,83244,7406,102368,20877,10495
"11.8.21",122738,105,5652,24958,4225,3156,101864,3673,17777,153263,4512,9669,36892,2436,152418,34197,6888,7341,1503664,25398,18075,1482,8173,44200,724,1761,50877,13156,9605,329084,40938,1828,378530,164409,7628,365977,396805,55258,105128,30725,54539,46088,148549,21435,25114,204,4581,46861,42195,88389,14331,10014,953,83342,7436,102429,20897,10510
"11.9.21",122812,105,5658,24989,4233,3160,101931,3674,17800,153486,4519,9696,36971,2442,152732,34229,6894,7350,1504843,25441,18091,1484,8196,44237,731,1760,50930,13162,9617,329323,40982,1843,378900,164551,7638,366226,397197,55318,105242,30754,54583,46120,148653,21463,25174,207,4597,46891,42254,88491,14347,10035,957,83479,7456,102489,20916,10516
"11.10.21",122917,105,5665,25018,4238,3162,102014,3676,17817,153669,4524,9714,37078,2466,153048,34272,6896,7362,1506305,25481,18102,1485,8216,44284,733,1765,50987,13186,9637,329541,41041,1855,379287,164666,7641,366684,397637,55390,105344,30799,54617,46151,148837,21480,25221,207,4601,46932,42303,88573,14354,10047,959,83587,7463,102589,20935,10538
"11.11.21",122926,105,5665,25022,4238,3162,102018,3676,17818,153684,4525,9714,37097,2466,153048,34274,6896,7367,1507736,25487,18104,1485,8217,44286,734,1765,50998,13187,9639,329541,41048,1856,379293,164676,7641,366691,398272,55393,105349,30800,54618,46152,148843,21481,25223,207,4601,46934,42303,88589,14354,10053,960,83625,7463,102589,20936,10538
"11.12.21",123194,105,5677,25087,4262,3168,102218,3683,17899,154338,4537,9769,37265,2474,153681,34410,6920,7373,1509073,25641,18149,1495,8266,44408,734,1772,51089,13222,9700,330093,41177,1870,380182,165130,7659,367616,398272,55526,105691,30859,54754,46286,149212,21567,25338,209,4604,47030,42411,88907,14379,10082,961,83913,7501,102751,21000,10565
"11.13.21",123197,105,5678,25091,4262,3169,102219,3683,17900,154351,4538,9771,37274,2474,153681,34412,6920,7378,1510434,25646,18150,1495,8269,44410,734,1772,51095,13222,9701,330093,41180,1870,380186,165136,7659,367626,399477,55530,105698,30860,54757,46287,149216,21569,25341,209,4606,47034,42411,88915,14379,10083,961,83948,7502,102752,21005,10566
"11.14.21",123420,105,5696,25136,4281,3179,102409,3683,17952,154782,4546,9814,37379,2479,153681,34506,6928,7383,1511324,25755,18180,1495,8302,44515,736,1782,51145,13244,9742,330093,41299,1871,380882,165512,7676,368322,399477,55674,105962,30917,54883,46395,149552,21614,25403,210,4610,47124,42504,89133,14394,10102,966,84124,7549,102853,21038,10588
"11.15.21",123526,105,5702,25181,4296,3185,102474,3684,17981,154963,4551,9839,37446,2480,154185,34552,6935,7394,1512147,25803,18191,1520,8317,44560,736,1785,51182,13255,9754,330798,41349,1872,381159,165705,7681,368631,399477,55715,106036,30944,54917,46435,149720,21637,25424,210,4611,47156,42553,89204,14410,10112,971,84237,7572,102909,21068,10605
"11.16.21",123608,105,5709,25212,4308,3191,102546,3685,17997,155170,4552,9869,37509,2487,154583,34587,6940,7406,1513016,25851,18205,1529,8352,44597,738,1789,51229,13263,9770,330981,41419,1875,381506,165882,7684,368872,400689,55759,106097,30990,54943,46494,149866,21692,25503,210,4615,47184,42589,89303,14426,10119,978,84336,7589,103040,21084,10617
"11.17.21",123716,105,5711,25239,4318,3199,102616,3685,18020,155358,4555,9891,37602,2495,154896,34649,6946,7416,1514282,25888,18227,1537,8368,44638,740,1787,51269,13279,9783,331322,41474,1876,381856,166061,7695,369344,401279,55821,106239,31021,55003,46565,150052,21710,25537,210,4620,47225,42627,89389,14433,10138,982,84467,7596,103124,21109,10632
"11.18.21",123863,105,5717,25277,4327,3203,102724,3692,18060,155585,4556,9926,37679,2505,155118,34704,6960,7418,1515324,25937,18246,1542,8407,44723,750,1789,51319,13296,9816,331522,41557,1884,382272,166332,7704,369736,401843,55880,106402,31108,55046,46639,150263,21766,25624,212,4629,47284,42688,89535,14445,10156,988,84591,7622,103211,21150,10651
"11.19.21",123870,105,5717,25284,4328,3203,102732,3692,18063,155595,4557,9931,37695,2505,155451,34707,6960,7426,1516901,25941,18250,1551,8416,44725,750,1789,51324,13297,9816,331850,41568,1884,382285,166347,7704,369755,402221,55884,106410,31109,55049,46646,150271,21767,25629,212,4633,47286,42690,89543,14446,10156,988,84635,7622,103215,21154,10651
"11.20.21",123873,105,5717,25291,4328,3204,102737,3692,18065,155604,4558,9934,37702,2505,155451,34709,6960,7431,1518732,25946,18252,1551,8416,44726,750,1789,51324,13298,9816,331850,41572,1884,382289,166351,7706,369764,402221,55884,106414,31111,55053,46646,150274,21770,25630,212,4633,47290,42693,89553,14446,10156,988,84661,7622,103218,21155,10651
"11.21.21",124263,105,5728,25372,4347,3218,103057,3714,18129,156237,4562,10012,37923,2539,155451,34832,6986,7432,1519781,26086,18307,1551,8489,44915,751,1821,51427,13364,9892,331850,41706,1901,383585,166909,7736,371074,402221,56101,106761,31245,55212,46809,150833,21880,25775,214,4653,47406,42840,89832,14483,10177,1001,84893,7671,103413,21228,10688
"11.22.21",124390,106,5737,25398,4354,3222,103134,3714,18143,156346,4563,10024,37968,2539,155990,34860,6989,7441,1520504,26107,18323,1562,8505,44935,751,1832,51452,13369,9912,332619,41734,1901,383801,167054,7741,371339,402821,56143,106809,31260,55254,46854,151006,21907,25781,214,4657,47444,42887,89878,14497,10178,1004,84960,7679,103449,21249,10694
"11.23.21",124443,106,5737,25424,4354,3225,103223,3716,18167,156450,4566,10039,38031,2544,156264,34889,6988,7443,1521197,26123,18340,1565,8518,44969,751,1833,51482,13371,9923,332770,41787,1903,384110,167169,7749,371532,404206,56201,106883,31283,55286,46893,151175,21945,25821,215,4659,47456,42912,89952,14501,10189,1008,85059,7686,103501,21261,10698
"11.24.21",124450,106,5737,25428,4355,3227,103225,3716,18170,156459,4566,10042,38050,2544,156517,34890,6988,7450,1522240,26125,18343,1567,8521,44970,751,1833,51488,13371,9924,332950,41804,1903,384123,167180,7751,371547,404708,56203,106894,31286,55287,46893,151187,21945,25823,215,4660,47460,42915,89965,14502,10190,1008,85089,7687,103507,21267,10698
"11.25.21",124454,106,5737,25429,4355,3228,103228,3716,18171,156461,4567,10042,38056,2544,156517,34891,6988,7450,1522240,26131,18345,1567,8521,44973,751,1833,51489,13371,9924,332950,41807,1903,384129,167180,7751,371557,404708,56205,106897,31286,55288,46893,151188,21946,25826,215,4660,47462,42917,89970,14504,10191,1008,85108,7687,103511,21267,10699
"11.26.21",124459,106,5737,25431,4355,3230,103231,3716,18171,156470,4568,10045,38067,2544,156517,34892,6988,7453,1524294,26132,18351,1567,8521,44979,751,1833,51498,13371,9927,332950,41812,1903,384136,167186,7751,371574,404708,56208,106901,31288,55290,46895,151193,21946,25826,215,4660,47463,42921,89984,14505,10191,1008,85134,7687,103514,21270,10700
"11.27.21",124461,106,5737,25436,4355,3231,103235,3716,18174,156480,4568,10049,38080,2544,156517,34894,6988,7459,1524912,26134,18352,1567,8521,44983,751,1833,51506,13371,9927,332950,41820,1903,384143,167191,7751,371581,404708,56210,106902,31291,55291,46896,151201,21946,25828,215,4661,47464,42923,89995,14506,10192,1008,85166,7687,103519,21276,10700
"11.28.21",124928,106,5770,25587,4411,3251,103630,3758,18303,157264,4584,10151,38414,2569,156517,35063,7038,7462,1525486,26314,18462,1567,8593,45231,769,1864,51657,13418,10028,332950,42065,1927,386600,168036,7799,373964,404708,56465,107432,31464,55501,47131,151944,22130,25994,216,4699,47689,43138,90412,14572,10238,1016,85638,7733,103849,21374,10756
"11.29.21",124988,108,5773,25604,4414,3251,103726,3759,18311,157410,4594,10170,38469,2567,157525,35071,7043,7474,1526272,26335,18484,1598,8609,45247,769,1882,51688,13419,10034,334176,42105,1928,386905,168171,7808,374279,405099,56513,107481,31481,55560,47167,152142,22170,25995,216,4705,47717,43182,90480,14590,10242,1017,85707,7740,103894,21385,10762
"11.30.21",125057,108,5783,25632,4421,3261,103831,3773,18340,157536,4595,10202,38529,2568,157662,35090,7046,7479,1527132,26382,18519,1600,8619,45288,776,1896,51737,13423,10044,334398,42173,1931,387321,168341,7823,374625,406927,56539,107533,31520,55598,47223,152327,22191,26031,216,4723,47741,43224,90547,14599,10254,1018,85791,7756,103984,21419,10766
"12.1.21",125167,108,5790,25678,4432,3264,103951,3777,18363,157669,4597,10242,38642,2571,157875,35132,7052,7484,1528586,26413,18549,1607,8631,45355,776,1899,51778,13434,10052,334626,42231,1938,387796,168559,7848,375010,407479,56600,107678,31560,55663,47282,152506,22217,26062,216,4732,47798,43277,90628,14621,10256,1020,85890,7768,104074,21439,10774
"12.2.21",125386,108,5796,25721,4453,3271,104134,3781,18411,157908,4601,10270,38790,2576,158009,35204,7060,7492,1530526,26476,18592,1617,8651,45454,791,1906,51858,13445,10098,334940,42324,1948,388392,168860,7867,375822,408528,56694,107856,31644,55729,47377,152838,22313,26111,217,4739,47842,43343,90773,14651,10270,1020,85991,7789,104156,21488,10791
"12.3.21",125393,108,5797,25726,4454,3271,104138,3781,18413,157922,4604,10271,38812,2576,158270,35206,7060,7496,1532430,26485,18596,1622,8652,45459,791,1906,51879,13445,10099,335296,42329,1948,388402,168870,7867,375842,409182,56699,107861,31651,55737,47380,152855,22314,26112,217,4746,47844,43343,90781,14654,10272,1020,86041,7790,104158,21488,10794
"12.4.21",125403,108,5798,25731,4454,3271,104144,3781,18415,157925,4605,10273,38842,2576,158270,35206,7060,7499,1534720,26489,18600,1622,8652,45462,791,1906,51890,13445,10099,335296,42335,1948,388408,168884,7867,375853,409182,56703,107862,31654,55740,47380,152869,22314,26112,217,4748,47845,43345,90790,14656,10273,1020,86072,7790,104165,21489,10794
"12.5.21",126002,108,5830,25817,4497,3288,104577,3806,18511,158651,4623,10343,39071,2597,158270,35384,7076,7502,1536351,26616,18742,1622,8740,45661,793,1930,52028,13501,10174,335296,42620,1958,390473,169713,7927,377994,409182,57023,108276,31794,56019,47703,153722,22453,26246,219,4759,48032,43608,91182,14702,10286,1034,86341,7832,104785,21561,10844
"12.6.21",126132,108,5838,25835,4506,3289,104663,3799,18525,158759,4624,10355,39131,2600,158834,35423,7080,7504,1537450,26642,18786,1633,8756,45685,793,1936,52078,13509,10195,336739,42676,1959,390792,169936,7935,378365,410451,57081,108311,31807,56091,47760,153936,22479,26253,219,4760,48067,43689,91234,14723,10293,1034,86420,7840,104857,21598,10864
"12.7.21",126234,108,5848,25867,4508,3297,104761,3821,18543,158947,4627,10384,39198,2606,159023,35470,7083,7511,1538451,26678,18820,1638,8788,45746,794,1944,52146,13533,10207,337045,42756,1961,391242,170179,7956,378767,410451,57156,108387,31840,56145,47820,154108,22525,26299,220,4768,48132,43737,91359,14726,10298,1038,86586,7857,105008,21610,10880
"12.8.21",126355,108,5852,25892,4518,3297,104854,3822,18561,159076,4632,10400,39254,2609,159336,35500,7085,7513,1540200,26714,18846,1640,8799,45784,795,1947,52241,13545,10212,337328,42834,1970,391805,170323,7973,379320,413582,57224,108479,31866,56208,47867,154326,22537,26324,220,4771,48159,43763,91428,14741,10302,1038,86674,7863,105096,21627,10889
"12.9.21",126499,108,5858,25934,4532,3298,104966,3833,18600,159248,4636,10419,39382,2615,159493,35563,7091,7517,1541886,26742,18883,1640,8812,45850,795,1949,52305,13583,10230,337623,42863,1980,392378,170602,7988,379973,414408,57309,108624,31919,56278,47929,154509,22591,26374,220,4776,48214,43812,91536,14761,10310,1039,86750,7874,105163,21665,10912
"12.10.21",126504,109,5859,25938,4532,3298,104972,3833,18605,159261,4636,10420,39411,2615,159721,35566,7091,7519,1543784,26745,18885,1648,8815,45862,795,1949,52316,13587,10230,337937,42876,1980,392394,170617,7989,379997,415006,57316,108629,31922,56280,47935,154520,22591,26375,220,4777,48216,43814,91551,14761,10312,1039,86778,7875,105175,21673,10915
"12.11.21",126512,109,5859,25940,4532,3298,104973,3833,18605,159272,4636,10422,39426,2615,159721,35568,7091,7520,1545583,26747,18885,1648,8816,45864,795,1949,52322,13588,10230,337937,42879,1980,392404,170619,7989,380020,415006,57322,108633,31925,56283,47936,154533,22592,26378,220,4777,48220,43815,91557,14761,10314,1039,86802,7875,105178,21675,10916
"12.12.21",127017,109,5869,25997,4565,3307,105333,3848,18700,159811,4640,10508,39726,2631,159721,35701,7116,7521,1547042,26824,19000,1648,8876,45996,796,1970,52509,13637,10288,337937,43066,1988,394237,171387,8034,381862,415006,57638,109029,32081,56506,48213,155151,22706,26454,220,4786,48354,44012,91893,14803,10336,1040,87022,7909,105579,21756,10963
"12.13.21",127128,109,5870,26018,4571,3310,105400,3842,18714,159949,4640,10532,39805,2631,160199,35722,7120,7522,1548157,26865,19024,1657,8883,46030,797,1975,52565,13649,10297,339106,43101,1991,394523,171556,8037,382183,416039,57715,109083,32110,56574,48237,155385,22735,26454,220,4788,48381,44083,91953,14815,10342,1040,87089,7919,105668,21782,10971
"12.14.21",127243,109,5881,26034,4582,3311,105505,3843,18735,160074,4642,10551,39901,2640,160477,35740,7125,7523,1549296,26878,19047,1658,8895,46056,797,1978,52599,13659,10308,339305,43165,1998,395037,171754,8052,382521,417998,57761,109131,32121,56615,48282,155538,22777,26481,220,4795,48406,44131,92050,14828,10347,1041,87158,7930,105842,21812,10975
"12.15.21",127325,109,5884,26057,4588,3315,105610,3844,18758,160185,4642,10577,40082,2645,160699,35766,7132,7524,1551117,26900,19072,1661,8900,46078,797,1978,52651,13688,10311,339619,43213,2007,395596,171965,8058,383071,418608,57908,109239,32156,56678,48319,155665,22798,26504,220,4800,48445,44175,92113,14836,10348,1042,87231,7933,105953,21835,10988
"12.16.21",127577,109,5895,26092,4599,3319,105757,3847,18796,160379,4643,10613,40219,2646,160825,35837,7141,7524,1553366,26932,19100,1665,8913,46129,797,1979,52733,13714,10344,339935,43295,2014,396192,172238,8075,383640,419553,58074,109368,32252,56761,48416,155998,22857,26541,220,4808,48527,44258,92229,14844,10357,1043,87336,7950,106124,21883,11001
"12.17.21",127592,110,5895,26096,4599,3319,105767,3847,18801,160387,4646,10623,40247,2647,161083,35838,7141,7528,1556685,26936,19107,1671,8918,46130,797,1979,52750,13714,10344,340384,43300,2014,396206,172262,8075,383660,420137,58096,109375,32258,56764,48420,156008,22858,26543,220,4812,48534,44260,92243,14845,10358,1043,87361,7950,106131,21888,11002
"12.18.21",127611,110,5895,26103,4599,3320,105771,3847,18804,160388,4646,10625,40265,2647,161083,35838,7141,7529,1560377,26941,19111,1671,8918,46131,797,1979,52755,13715,10344,340384,43306,2014,396216,172275,8075,383677,420137,58126,109392,32261,56771,48426,156022,22862,26545,220,4814,48538,44263,92250,14847,10359,1043,87391,7950,106143,21890,11004
"12.19.21",128519,110,5906,26174,4628,3330,106311,3853,18906,160869,4652,10693,40498,2653,161083,35933,7164,7532,1563879,27010,19293,1671,8956,46248,797,1991,52933,13795,10412,340384,43509,2021,398208,173182,8110,385527,420137,58952,109829,32429,57178,48722,156841,23019,26609,222,4826,48707,44553,92566,14887,10386,1046,87579,7981,106723,21989,11051
"12.20.21",128857,112,5913,26190,4635,3334,106490,3848,18924,160995,4654,10714,40572,2655,161540,35961,7167,7536,1567133,27042,19356,1678,8966,46281,797,1997,52994,13817,10437,341739,43579,2021,398819,173431,8116,385966,421204,59311,109906,32480,57308,48790,157245,23053,26626,222,4827,48766,44593,92668,14893,10386,1046,87660,7984,107070,22023,11063
"12.21.21",129171,112,5920,26215,4641,3333,106742,3849,18947,161127,4659,10734,40650,2667,161760,35978,7172,7539,1570230,27066,19455,1679,8986,46311,800,2003,53044,13858,10454,342391,43679,2027,399482,173740,8134,386389,424490,59657,109967,32516,57461,48858,157636,23097,26663,222,4831,48854,44670,92754,14905,10398,1046,87760,8014,107325,22076,11078
"12.22.21",129752,112,5925,26258,4646,3336,107111,3850,19001,161293,4661,10772,40866,2672,161987,36018,7178,7541,1576702,27087,19589,1681,9005,46356,802,2003,53125,13912,10460,343448,43817,2038,400505,174068,8158,387326,425393,60260,110133,32600,57707,49051,158167,23154,26684,223,4834,48918,44830,92863,14927,10407,1046,87861,8024,107896,22148,11091
"12.23.21",130523,112,5937,26289,4657,3341,107618,3851,19058,161514,4668,10807,41026,2676,161987,36081,7191,7547,1585313,27130,19770,1689,9020,46430,804,2024,53201,13985,10517,344103,43948,2039,401866,174577,8180,388419,427629,61011,110352,32735,58106,49248,158822,23260,26711,223,4839,49046,44998,93006,14950,10419,1046,87975,8040,108410,22234,11104
"12.24.21",130558,113,5939,26300,4657,3345,107661,3851,19064,161532,4668,10810,41053,2676,161987,36082,7193,7548,1595239,27134,19787,1689,9020,46432,804,2025,53222,13990,10518,344103,43964,2039,401935,174624,8182,388524,429976,61039,110365,32739,58126,49250,158881,23272,26714,223,4841,49062,44999,93027,14951,10423,1046,88018,8041,108476,22252,11104
"12.25.21",130575,113,5940,26317,4657,3346,107694,3851,19069,161545,4668,10815,41057,2676,161987,36083,7193,7551,1595239,27139,19818,1689,9020,46434,804,2025,53248,13994,10520,344103,43981,2039,402025,174659,8183,388597,429976,61056,110373,32749,58149,49257,158915,23275,26718,223,4845,49064,45007,93050,14954,10426,1046,88060,8041,108532,22270,11105
"12.26.21",130640,113,5940,26334,4658,3352,107748,3852,19080,161593,4672,10822,41079,2676,161987,36090,7195,7553,1616033,27145,19867,1689,9020,46436,804,2025,53283,14002,10520,344103,44015,2039,402144,174764,8183,388730,429976,61092,110405,32758,58192,49269,158982,23281,26724,223,4851,49082,45033,93076,14956,10430,1046,88138,8041,108638,22291,11106
"12.27.21",133401,113,5972,26511,4697,3363,109517,3859,19261,162474,4709,10957,41471,2705,162767,36213,7216,7560,1623442,27260,20442,1689,9059,46625,808,2051,53541,14281,10613,350578,44498,2041,406842,176624,8329,393381,429976,63845,111281,33157,59663,49955,162148,23575,26792,227,4866,49646,45697,93583,15068,10460,1048,88514,8100,110499,22546,11173
"12.28.21",134050,113,5981,26589,4709,3370,110068,3873,19331,162718,4720,11013,41608,2721,162767,36265,7233,7566,1632893,27304,20607,1709,9079,46694,808,2070,53647,14338,10632,351565,44694,2044,408345,177225,8370,394372,438328,64735,111504,33266,60077,50259,163181,23650,26823,227,4873,49840,45811,93737,15093,10474,1052,88677,8129,111305,22600,11193
"12.29.21",135362,113,5987,26674,4715,3376,111188,3884,19411,163135,4738,11088,41945,2749,162767,36331,7242,7574,1649376,27382,20923,1716,9107,46820,810,2083,53844,14481,10659,354314,44897,2045,411234,178209,8441,396149,440743,66165,112039,33459,60931,50789,164473,23844,26876,227,4882,50138,46229,93936,15122,10497,1054,88914,8135,112526,22893,11226
"12.30.21",137413,113,5998,26828,4739,3383,112742,3901,19561,163860,4751,11242,42226,2772,162767,36439,7256,7579,1669545,27472,21394,1736,9147,47056,811,2129,54104,14691,10685,357716,45283,2049,415576,179784,8523,399771,444977,67616,112686,33914,62065,51366,167143,24187,26966,227,4895,50586,46812,94277,15177,10539,1054,89221,8168,113722,23107,11266
"12.31.21",137548,113,5999,26853,4739,3385,112853,3902,19582,163931,4754,11254,42336,2774,162767,36454,7261,7585,1696582,27492,21419,1736,9158,47071,811,2130,54165,14700,10694,358569,45333,2050,415728,179930,8525,399918,451019,67688,112730,33927,62194,51385,167266,24221,26972,227,4897,50633,46821,94332,15178,10545,1054,89297,8168,113825,23133,11268
"1.1.22",137648,113,6000,26889,4739,3391,112933,3904,19600,163954,4756,11273,42352,2775,162767,36464,7266,7598,1696582,27509,21450,1736,9161,47089,813,2131,54231,14710,10700,358569,45400,2050,415883,180036,8526,400109,451019,67746,112796,33939,62246,51397,167407,24242,26993,227,4908,50659,46834,94386,15184,10554,1054,89382,8169,113907,23155,11274
"1.2.22",137907,113,6005,26927,4741,3401,113060,3904,19615,164037,4756,11294,42401,2777,162767,36491,7271,7609,1741292,27523,21491,1736,9167,47103,813,2136,54318,14725,10707,358569,45467,2050,416085,180291,8526,400389,451019,67955,112869,33948,62395,51433,167603,24260,27011,227,4918,50719,46864,94463,15186,10566,1054,89481,8172,114037,23195,11280
"1.3.22",147002,113,6101,27444,4823,3436,118871,3938,20228,167021,4805,11773,43349,2907,165859,37025,7359,7627,1757522,27897,22619,1786,9336,47894,815,2212,55324,15557,10995,373143,46752,2065,429633,187553,8909,416606,451019,73013,116128,35356,66601,53851,177671,25078,27200,234,4967,52955,49252,96023,15437,10650,1056,90399,8312,119028,24077,11489
"1.4.22",148708,113,6127,27671,4854,3449,120500,3951,20414,167806,4842,11902,43710,2936,166183,37168,7395,7647,1780154,28043,22801,1794,9449,48130,824,2235,55659,15699,11040,379073,47042,2074,433339,189388,8991,419547,475086,74614,116870,35570,67445,54482,180784,25249,27292,236,4998,53411,49610,96515,15516,10691,1057,90833,8372,120584,24516,11575
"1.5.22",150576,113,6120,27782,4848,3470,122052,3934,20463,167866,4852,12025,44164,3006,166790,37147,7381,7674,1806828,28081,23014,1828,9462,48398,816,2256,55949,15853,11069,383719,47327,2082,435574,190329,9065,421000,482431,75496,117146,35935,68494,55192,183023,25774,27341,233,5021,53813,50197,96820,15625,10704,1050,90858,8365,121487,25024,11625
"1.6.22",154737,112,6202,28139,4915,3490,125225,3976,20725,170529,4894,12284,44956,3091,167686,37548,7477,7701,1843922,28549,23611,1840,9664,48907,823,2299,56626,16208,11227,389985,48136,2117,443263,194910,9265,427960,492713,77889,119242,36435,70592,56806,188650,26079,27594,240,5082,54895,51364,97782,15808,10833,1066,91911,8509,124172,25669,11790
"1.7.22",155152,114,6207,28223,4917,3498,125646,3978,20761,170804,4920,12325,45157,3091,169213,37573,7488,7729,1887526,28607,23643,1900,9703,49053,823,2302,56877,16217,11239,397186,48220,2125,443551,195646,9272,428449,498384,78144,119325,36505,70773,56865,189041,26103,27644,240,5128,55080,51397,97949,15836,10860,1067,92079,8515,124332,25714,11807
"1.8.22",155269,114,6210,28256,4917,3509,125770,3979,20774,170909,4923,12352,45240,3093,169213,37587,7513,7746,1921890,28644,23661,1900,9704,49077,823,2308,56972,16236,11260,397186,48269,2126,443780,195799,9273,428678,498384,78398,119386,36560,70832,56886,189156,26119,27678,240,5140,55125,51482,98042,15849,10873,1068,92219,8519,124468,25733,11812
"1.9.22",169551,114,6339,28886,5074,3549,133996,4027,21639,175646,4993,12811,46561,3225,169213,38370,7705,7788,1967443,29240,25003,1900,10011,50301,832,2463,58595,17057,11660,397186,50220,2159,461870,206283,9623,447612,498384,85480,125393,38405,76868,60583,205440,27974,28050,249,5189,57730,54929,100360,16296,11078,1080,93840,8757,131642,27387,12204
"1.10.22",173173,116,6415,29205,5132,3580,136565,4051,21880,177673,5025,13129,47293,3312,174442,38652,7772,7881,2010964,29513,25408,1975,10188,50915,835,2495,59097,17234,11869,422625,50931,2184,467535,209977,9755,455379,504317,87472,126725,38838,78537,61522,209627,28399,28194,251,5260,58689,55901,101387,16504,11183,1083,94629,8866,133856,27865,12345
"1.11.22",177218,116,6468,29564,5196,3597,139546,4087,22171,180034,5076,13444,47874,3375,175585,38916,7874,7940,2046208,29802,25845,2000,10413,51642,841,2510,59841,17493,12074,428232,51912,2199,476214,214061,9922,461859,556617,89200,128561,39498,80338,62512,214989,29240,28420,256,5333,59571,56880,102724,16720,11284,1094,95774,9004,137314,28335,12515
"1.12.22",181431,116,6520,29810,5278,3616,142209,4102,22491,182243,5135,13658,48614,3438,177220,39203,7931,8003,2086581,30145,26207,2039,10589,52199,843,2552,60802,17867,12195,439765,52598,2243,481646,218727,10051,467378,563065,91379,130443,40161,82280,63706,220194,30044,28705,256,5401,60428,57943,103836,16916,11401,1106,96849,9070,140092,28802,12639
"1.13.22",186654,117,6614,30303,5391,3653,145652,4150,22872,184731,5204,14078,49435,3515,179110,39686,8081,8074,2131523,30586,26802,2081,10842,52938,844,2598,61954,18191,12462,451612,53489,2277,489486,223064,10194,474528,587704,93796,132857,40748,84672,65305,226381,31043,28928,260,5470,61557,59813,105431,17159,11559,1111,98053,9259,142734,29297,12851
"1.14.22",186998,117,6635,30416,5394,3663,146118,4151,22918,185140,5230,14140,49645,3532,181112,39730,8102,8119,2172008,30679,26845,2161,10910,53206,844,2601,62240,18201,12492,459016,53604,2287,489814,223848,10202,474993,595420,93991,133011,40853,84908,65481,226709,31065,29000,260,5510,61668,59869,105713,17223,11607,1111,98341,9277,142828,29341,12880
"1.15.22",187049,117,6644,30447,5395,3673,146224,4152,22936,185242,5238,14172,49665,3536,181112,39738,8114,8161,2213664,30707,26880,2161,10923,53222,844,2603,62333,18206,12505,459016,53690,2294,489958,224000,10203,475180,595420,94166,133091,40874,84937,65491,226814,31074,29033,262,5523,61756,59895,105814,17231,11619,1113,98502,9281,142887,29369,12885
"1.16.22",200027,117,6842,31606,5674,3770,154936,4266,23821,192799,5390,14844,51300,3743,181112,41390,8309,8207,2257502,31750,27931,2161,11387,55212,845,2710,64094,20083,13052,459016,56022,2346,508903,234762,10717,495358,595420,100436,140266,42769,90450,69301,242239,33137,29563,269,5620,64629,63562,109296,17892,11934,1130,101709,9613,148904,30559,13449
"1.17.22",202862,118,6872,31823,5725,3801,156836,4300,24096,195354,5418,14908,51841,3813,184362,41693,8384,8264,2289045,32055,28287,2161,11541,55585,846,2740,64544,20220,13177,477837,56565,2356,515254,237802,10774,501431,605276,101727,141609,43120,91590,69935,246038,33404,29676,273,5675,65372,64500,110031,18077,11999,1149,102836,9668,150337,30769,13566
"1.18.22",205898,118,6981,32147,5853,3806,158789,4327,24345,197857,5446,15172,52335,3843,189849,42112,8479,8403,2311568,32384,28746,2235,11765,56670,849,2742,65492,20506,13384,483293,57182,2401,521663,241748,10890,505483,605276,103130,142750,43644,93055,70647,248818,33930,29934,275,5790,66338,65517,111567,18349,12119,1154,104303,9812,151769,30982,13722
"1.19.22",210225,118,7115,32554,5949,3846,161264,4343,24635,200919,5515,15417,52930,3879,191741,42777,8551,8525,2343821,32877,29126,2272,11988,57573,856,2777,66551,20700,13545,487199,57818,2428,528267,245019,11023,510006,641172,105392,144554,44256,94742,72135,253854,34788,30221,276,5865,67248,66547,112887,18561,12260,1164,105781,9908,153209,31638,13890
"1.20.22",214732,119,7213,33034,6028,3870,164078,4373,24996,205016,5572,15704,53712,3944,193774,43398,8648,8603,2385721,33621,29685,2307,12224,58603,861,2825,67620,21039,13826,498022,58898,2484,538494,249901,11139,517749,653373,107054,146988,45102,96731,73258,258494,35527,30857,280,5942,68257,67917,114319,18829,12411,1174,107728,10051,157288,32343,14077
"1.21.22",214965,119,7231,33114,6037,3882,164352,4376,25042,205405,5581,15754,53887,3955,196125,43438,8676,8667,2428744,33746,29722,2345,12302,58836,861,2826,68036,21078,13848,509891,58958,2488,538726,250530,11152,518028,667568,107193,147116,45136,96935,73370,258822,35550,30924,282,5975,68346,67968,114526,18857,12429,1175,108011,10061,157365,32376,14110
"1.22.22",214997,119,7234,33157,6037,3888,164432,4376,25058,205510,5585,15773,53963,3960,196125,43446,8688,8723,2467797,33774,29741,2345,12305,58840,861,2829,68162,21086,13852,509891,59020,2493,538805,250628,11155,518104,667568,107281,147172,45139,96974,73379,258930,35563,30971,283,5993,68429,67978,114586,18871,12431,1176,108165,10068,157396,32397,14117
"1.23.22",225100,119,7484,34297,6298,3977,171149,4530,25722,213930,5754,16454,56215,4059,196125,45501,9003,8763,2494097,35156,30878,2345,12821,60468,867,2898,70688,21975,14532,509891,61068,2576,557583,260116,11642,535646,667568,111677,153571,47174,101536,76871,271782,38375,31806,288,6085,72042,71766,118652,19443,12752,1212,112184,10586,163746,33261,14595
"1.24.22",227665,120,7600,34690,6396,3998,172885,4577,25972,216870,5803,16656,56790,4097,203066,46242,9089,8838,2519778,35769,31192,2437,13062,61252,873,2914,71573,22201,14706,528530,61521,2607,561574,262988,11759,538871,678879,112718,155017,47681,102708,77819,275451,39047,32065,294,6160,72773,72764,119800,19717,12869,1231,113562,10734,165322,33873,14748
"1.25.22",231432,120,7823,35036,6504,4037,174738,4631,26210,219368,5863,16859,57755,4173,204686,46906,9224,8941,2540075,36408,31516,2512,13419,62122,878,2939,72451,22387,14899,531196,62102,2648,566544,266488,11887,542580,702244,113648,156380,48249,103863,78732,278352,39727,32372,296,6223,73413,73701,121108,19975,12991,1254,115067,10884,166787,34099,14963
"1.26.22",234533,122,7909,35451,6638,4059,177146,4664,26714,221095,5933,17026,58540,4247,207114,47465,9338,8983,2560768,37070,31753,2541,13695,62767,878,2966,73618,22617,15105,533836,62602,2680,569773,268964,12008,545243,708774,114610,157944,48883,104980,79673,280993,40190,32603,300,6271,73965,74617,121949,20177,13095,1265,116053,11091,167942,34379,15123
"1.27.22",237621,124,8002,35842,6741,4077,179347,4712,26926,224319,5982,17166,59356,4283,208859,48174,9450,9020,2586739,37637,32094,2575,13884,63356,881,2974,74732,22884,15326,538115,63333,2720,574223,272005,12127,548900,719436,115733,160077,49567,106394,80731,284573,41134,32897,301,6312,74744,75582,123255,20348,13240,1290,117542,11209,169373,34627,15269
"1.28.22",237753,124,8013,35896,6757,4082,179521,4716,26945,224544,5990,17203,59467,4292,210736,48212,9467,9069,2610385,37739,32109,2606,13933,63519,882,2974,74977,22911,15353,542951,63385,2732,574292,272329,12132,549001,726071,115791,160142,49602,106463,80786,284719,41152,32946,302,6349,74802,75596,123402,20372,13256,1291,117803,11217,169409,34642,15285
"1.29.22",237771,124,8014,35918,6758,4083,179558,4717,26952,224601,5992,17213,59497,4295,210736,48222,9470,9138,2631994,37755,32129,2606,13935,63534,882,2975,75026,22913,15355,542951,63408,2734,574333,272380,12137,549038,726071,115840,160156,49609,106483,80788,284768,41163,32960,302,6353,74868,75603,123444,20374,13263,1291,117909,11221,169428,34648,15289
"1.30.22",244025,124,8156,36647,6950,4148,184490,4963,27442,231593,6102,17655,60815,4329,210736,49836,9807,9159,2648751,38782,32869,2606,14220,65073,889,3003,76994,23382,15762,542951,64892,2785,583342,279011,12413,557883,726071,118395,164494,50837,109175,83320,293763,43267,33574,304,6412,76876,78059,125934,20701,13463,1327,120503,11665,172502,35584,15580
"1.31.22",245081,124,8217,36842,6985,4175,185258,5012,27520,232803,6133,17771,61041,4333,214959,50084,9889,9191,2659414,39100,33031,2663,14362,65559,889,3004,77394,23517,15850,553030,65154,2802,584521,280383,12449,559220,730189,118776,165103,50930,109554,83576,295610,43575,33743,304,6474,77328,78397,126518,20879,13534,1330,121140,11738,173071,35749,15668
"2.1.22",246229,124,8335,37015,7045,4199,186298,5043,27669,233768,6153,17850,61353,4345,215929,50232,9971,9225,2668094,39434,33124,2678,14485,65912,892,3003,78043,23622,15913,554054,65419,2817,586429,281545,12527,560617,741615,119297,165698,51173,110167,84010,297261,43734,33976,305,6508,77611,78607,127120,20996,13615,1335,121786,11785,173757,35858,15729
"2.2.22",246852,124,8339,37111,7053,4221,186939,5063,27712,234558,6181,17916,61618,4364,217169,50357,10002,9249,2683644,39656,33190,2704,14540,66208,890,3002,78536,23702,15957,555437,65625,2834,587687,282384,12535,561576,744053,119718,165958,51511,110542,84367,298700,44095,34076,305,6541,77850,78932,127467,21063,13656,1336,122335,11818,173966,35959,15763
"2.3.22",248350,124,8422,37331,7093,4245,188031,5121,27854,236255,6215,18077,62023,4369,218219,50859,10063,9274,2695076,39934,33350,2717,14649,66670,892,3019,79206,23829,16086,563960,66043,2847,590505,283948,12623,563466,749553,120207,166867,51766,111215,84897,300631,44532,34296,305,6598,78278,79477,128216,21208,13741,1349,123081,11888,174612,36264,15852
"2.4.22",248412,125,8427,37360,7096,4247,188135,5124,27859,236417,6232,18113,62074,4373,220089,50866,10069,9303,2710362,39978,33355,2728,14672,66768,892,3020,79398,23829,16096,567058,66066,2851,590576,284136,12626,563505,749553,120236,166898,51781,111248,84926,300738,44539,34323,305,6614,78297,79484,128302,21224,13749,1350,123218,11900,174624,36278,15868
"2.5.22",248424,125,8431,37372,7098,4249,188163,5124,27862,236451,6235,18116,62091,4373,220089,50873,10072,9326,2720216,39986,33364,2728,14674,66778,892,3020,79441,23833,16100,567058,66077,2852,590588,284159,12628,563526,749553,120261,166910,51788,111262,84927,300759,44543,34334,305,6621,78335,79565,128329,21231,13750,1351,123298,11901,174632,36284,15868
"2.6.22",249925,125,8500,37674,7179,4297,189171,5184,28216,237660,6288,18263,62347,4395,220089,51011,10258,9338,2727159,40429,33557,2728,14779,66989,903,3017,80055,24091,16295,567058,66554,2862,594943,286110,12672,565337,749553,120922,168012,52272,112016,85579,303245,44945,34502,308,6646,78708,80243,129087,21354,13863,1368,124225,12002,175351,36469,15992
"2.7.22",251497,124,8570,37888,7224,4299,190238,5241,28320,239681,6322,18409,62686,4404,221944,51514,10326,9362,2731409,40703,33752,2823,14917,67516,908,3035,81733,24105,16384,567448,66967,2885,595618,287852,12779,567150,755534,121778,168898,52480,113559,86106,304989,45251,34689,308,6711,79209,80672,129743,21468,13935,1376,124920,12091,176031,36709,16082
"2.8.22",253471,125,8648,38088,7296,4340,191623,5309,28519,241750,6348,18535,63043,4417,222651,51863,10621,9385,2735688,41048,33970,2834,15054,67926,913,3050,86723,25223,16505,570984,67389,2917,598721,289679,12930,569002,761840,125800,169706,53061,121069,86974,307355,45895,34899,310,6761,82335,81190,130604,21613,14016,1380,125970,12182,176972,37178,16217
"2.9.22",254097,125,8674,38190,7322,4352,192321,5362,28655,242429,6372,18631,63212,4423,224771,52114,10701,9397,2740700,41282,34062,2852,15127,68149,920,3055,86992,25312,16571,573049,67590,2937,600808,290999,12990,572156,763492,126417,170195,53368,121448,87368,308880,46216,35057,311,6796,82618,81581,130986,21666,14074,1380,126455,12221,177410,37317,16300
"2.10.22",255149,125,8701,38372,7343,4367,192943,5421,28788,243440,6387,18785,63486,4426,225509,52295,10752,9426,2746866,41463,34152,2867,15217,68441,927,3057,87420,25418,16626,574435,67756,2949,602512,291838,13024,573236,764556,126991,170821,53604,121833,87934,309957,46470,35233,312,6816,83194,81956,131725,21721,14116,1386,126926,12276,177906,37518,16366
"2.11.22",255191,125,8707,38386,7345,4369,193008,5423,28794,243527,6389,18807,63529,4426,226717,52306,10754,9440,2752398,41494,34164,2877,15241,68498,928,3058,87500,25420,16627,574622,67765,2956,602567,291926,13026,573266,766947,127008,170829,53615,121850,87940,310012,46472,35253,312,6829,83213,81973,131769,21736,14119,1387,127003,12281,177920,37524,16371
"2.12.22",255204,125,8707,38397,7345,4370,193027,5424,28795,243545,6389,18812,63540,4430,226717,52307,10756,9479,2757058,41500,34167,2877,15241,68510,928,3058,87513,25420,16630,574622,67767,2958,602583,291938,13026,573280,766947,127024,170840,53619,121859,87941,310028,46472,35261,313,6835,83219,81978,131783,21738,14119,1388,127054,12283,177925,37526,16372
"2.13.22",256762,125,8762,38667,7407,4391,194077,5541,28974,245337,6419,18967,63904,4445,226717,52664,10876,9504,2761870,41850,34344,2877,15323,68788,935,3068,87988,25633,16722,574622,68154,2968,605403,293548,13078,575103,766947,128217,171640,53942,122507,88105,312271,46914,35426,314,6871,83783,82619,132420,21838,14183,1393,127792,12420,178616,37813,16477
"2.14.22",257430,126,8783,38770,7424,4394,194581,5588,29025,246070,6429,19048,64046,4451,228153,52828,10931,9532,2764073,42018,34433,2890,15382,68973,945,3073,88174,25669,16768,576253,68278,2976,606255,294278,13099,575843,770562,128515,172003,54031,122786,88262,313215,47071,35513,314,6901,83915,82795,132731,21895,14228,1399,128193,12454,178939,37879,16507
"2.15.22",258413,126,8805,38850,7444,4405,194907,5602,29107,246468,6437,19106,64120,4451,229034,52915,10956,9546,2766161,42107,34487,2894,15453,69099,948,3071,88376,25725,16783,577043,68340,2983,607089,294793,13118,576328,770562,128703,172181,54110,122918,88309,313751,47204,35619,314,6925,84019,82904,132900,21924,14260,1401,128484,12482,179168,38018,16508
"2.16.22",258836,125,8820,38948,7458,4416,195319,5637,29185,246909,6449,19166,64223,4456,229772,53026,10995,9565,2769372,42249,34515,2899,15497,69233,952,3072,89528,25797,16818,577597,68459,2989,608036,295338,13146,576898,774146,128942,172429,54295,123123,88557,314394,47312,35716,314,6946,84140,83119,133135,21969,14283,1409,128711,12530,179350,38069,16546
"2.17.22",259239,125,8827,39039,7468,4421,195729,5678,29229,247496,6462,19227,64317,4462,230630,53184,11034,9600,2772569,42407,34577,2903,15527,69376,959,3075,89710,25873,16860,578359,68610,2993,609042,296058,13167,577718,776192,129155,172770,54426,123351,88589,315063,47572,35808,314,6957,84318,83330,133391,22012,14307,1410,128940,12576,179572,38150,16593
"2.18.22",259254,125,8829,39043,7471,4421,195761,5678,29239,247526,6465,19228,64333,4463,231871,53189,11038,9618,2777165,42414,34578,2907,15530,69394,959,3075,89752,25875,16861,578444,68618,2993,609069,296106,13167,577732,777131,129165,172783,54434,123360,88596,315077,47574,35811,314,6961,84325,83337,133408,22020,14308,1412,128964,12576,179573,38151,16593
"2.19.22",259262,125,8831,39049,7472,4421,195767,5678,29239,247539,6466,19233,64344,4463,231871,53189,11040,9639,2780323,42416,34580,2907,15530,69403,959,3075,89760,25875,16861,578444,68625,2993,609077,296115,13167,577737,777131,129173,172790,54437,123363,88598,315078,47575,35812,314,6963,84326,83338,133422,22020,14308,1413,129005,12577,179578,38153,16593
"2.20.22",259266,125,8831,39052,7472,4423,195768,5678,29241,247546,6466,19233,64349,4464,231871,53190,11040,9652,2782953,42418,34581,2907,15530,69407,960,3075,89771,25875,16861,578444,68626,2993,609089,296126,13168,577744,777131,129177,172801,54441,123364,88599,315080,47577,35815,314,6963,84327,83338,133428,22020,14308,1413,129030,12577,179582,38157,16593
"2.21.22",260680,125,8874,39239,7512,4436,196677,5768,29414,248891,6482,19392,64600,4470,231871,53657,11191,9664,2784276,42692,34710,2907,15614,69735,964,3079,90373,26033,16957,578444,68944,3006,611039,297658,13234,579272,777131,129855,173765,54806,123982,89239,316869,47989,35979,314,6994,85323,83859,134066,22115,14393,1430,129673,12667,180197,38315,16691
"2.22.22",260696,125,8871,39266,7515,4439,196802,5779,29435,249128,6485,19411,64632,4473,233501,53831,11212,9677,2785449,42750,34731,2920,15633,69785,966,3080,90419,26058,16965,579493,68930,3013,611343,297892,13245,579534,779880,129948,173852,54822,124149,89322,317062,48007,36007,314,7013,85390,83917,134169,22129,14404,1430,129819,12680,180331,38333,16704
"2.23.22",260959,125,8902,39331,7519,4450,197022,5794,29463,249358,6495,19457,64701,4480,234269,53890,11229,9681,2787359,42802,34766,2929,15676,69846,969,3079,90551,26093,16976,579815,68984,3018,611775,298184,13260,579888,782118,130125,174008,54899,124321,89385,317507,48108,36054,316,7024,85527,84103,134300,22161,14416,1440,129944,12703,180436,38401,16726
"2.24.22",264154,126,8910,39383,7530,4453,197708,5809,29505,249752,6497,19478,64789,4486,235122,54054,11245,9697,2789292,42869,34793,2933,15695,69905,973,3078,90712,26134,17004,580144,69036,3028,612265,298487,13275,580334,783706,131079,174175,54995,124605,89459,317927,48236,36099,316,7029,85651,84213,134416,22201,14431,1440,130138,12715,180572,38433,16744
"2.25.22",264163,126,8911,39387,7532,4454,197717,5810,29505,249767,6498,19479,64798,4487,235765,54059,11245,9702,2791630,42871,34794,2938,15699,69914,973,3078,90720,26138,17004,580505,69038,3029,612291,298503,13275,580346,784349,131086,174179,54997,124611,89460,317940,48238,36105,316,7032,85655,84218,134425,22217,14432,1440,130167,12717,180575,38435,16744
"2.26.22",264172,126,8911,39390,7532,4454,197738,5810,29505,249774,6498,19479,64799,4487,235765,54061,11245,9704,2793776,42872,34794,2938,15699,69919,973,3078,90726,26138,17007,580505,69043,3029,612303,298508,13275,580353,784349,131089,174184,55006,124615,89460,317943,48240,36107,316,7033,85656,84220,134429,22217,14432,1440,130189,12717,180576,38435,16744
"2.27.22",264933,126,8935,39478,7554,4462,198255,5862,29563,250492,6505,19574,64943,4499,235765,54215,11325,9705,2793776,42950,34901,2938,15735,70063,974,3080,90973,26234,17059,580505,69208,3047,613310,299106,13303,581149,784349,131345,174581,55214,125000,89680,318808,48465,36211,319,7054,85950,84561,134738,22267,14471,1442,130491,12791,180947,38567,16776
"2.28.22",265032,126,8941,39490,7560,4462,198362,5872,29564,250642,6508,19585,64968,4503,236843,54224,11330,9713,2796560,42972,34922,2956,15750,70109,974,3081,91011,26235,17071,581172,69223,3047,613392,299246,13303,581242,786060,131431,174607,55222,125062,89710,319009,48501,36223,319,7070,85992,84585,134788,22278,14474,1444,130572,12796,180905,38582,16784
"3.1.22",265162,126,8968,39521,7564,4465,198487,5875,29573,250739,6509,19599,65025,4504,237530,54247,11337,9770,2797628,43011,34911,2960,15776,70156,976,3080,91078,26262,17085,581352,69273,3051,613717,299321,13311,581459,786060,131516,174678,55256,125125,89773,319078,48525,36241,320,7077,86016,84633,134881,22284,14480,1443,130655,12825,180964,38636,16797
"3.2.22",265230,126,8977,39587,7567,4470,198713,5883,29596,251091,6514,19626,65090,4505,238120,54307,11363,9774,2799169,43048,34942,2966,15792,70227,976,3081,91140,26300,17092,581567,69323,3057,614047,299536,13319,581800,787436,131483,174756,55354,125292,89826,319466,48591,36270,319,7079,86089,84744,135009,22317,14490,1444,130755,12848,181069,38640,16813
"3.3.22",265349,126,8980,39618,7578,4475,198876,5902,29612,251323,6520,19667,65116,4508,238866,54417,11382,9778,2800741,43073,34978,2971,15810,70283,976,3081,91228,26324,17080,582034,69377,3058,614329,299743,13325,582145,788868,131580,174878,55412,125436,89893,319814,48680,36309,319,7087,86156,84853,135125,22363,14500,1454,130853,12876,180969,38702,16831
"3.4.22",265361,126,8980,39625,7578,4475,198891,5902,29613,251330,6521,19668,65118,4508,239635,54419,11384,9786,2802123,43078,34979,2971,15812,70289,976,3081,91245,26325,17085,582267,69381,3058,614334,299760,13325,582151,789812,131591,174881,55420,125445,89902,319828,48682,36311,319,7087,86158,84857,135133,22363,14500,1454,130861,12876,180971,38707,16836
"3.5.22",265369,126,8980,39630,7578,4475,198894,5902,29613,251338,6521,19668,65122,4508,239635,54419,11384,9788,2803476,43078,34981,2971,15812,70291,976,3081,91251,26326,17085,582267,69384,3059,614335,299763,13325,582152,789812,131598,174882,55421,125447,89902,319830,48682,36314,319,7091,86161,84858,135135,22363,14500,1454,130866,12876,180974,38707,16837
"3.6.22",265846,126,9003,39685,7578,4477,199139,5921,29648,251699,6533,19702,65193,4519,239635,54544,11412,9797,2803476,43113,35031,2971,15890,70360,976,3079,91384,26378,17102,582267,69459,3062,614942,300217,13340,582876,789812,131806,175057,55511,125721,89970,320394,48815,36364,320,7101,86304,85003,135317,22407,14524,1458,131135,12931,181129,38733,16865
"3.7.22",265973,126,9006,39710,7585,4480,199277,5936,29659,251865,6533,19721,65196,4520,240299,54561,11436,9811,2805119,43149,35072,2978,15911,70407,976,3080,91422,26423,17114,582707,69492,3060,615111,300385,13349,583014,791352,131722,175154,55559,125849,90003,320663,48884,36400,320,7103,86363,85079,135360,22421,14527,1460,131187,12962,181198,38788,16873
"3.8.22",266150,126,9045,39739,7588,4482,199607,5941,29676,252027,6538,19734,65210,4522,240461,54590,11446,9812,2805949,43172,35099,2980,15922,70430,976,3081,91556,26451,17124,582832,69499,3061,615268,300595,13361,583271,791352,131748,175199,55587,125924,90022,320682,48937,36423,320,7110,86403,85121,135437,22425,14534,1461,131256,12982,181120,38806,16878
"3.9.22",266312,126,9047,39751,7592,4483,199707,5943,29693,252113,6548,19764,65255,4522,240530,54625,11461,9813,2807057,43195,35124,2983,15930,70466,977,3082,91604,26485,17124,582968,69521,3066,615422,300711,13370,583564,792669,131754,175266,55613,126025,90041,320926,48980,36461,320,7109,86466,85125,135491,22431,14543,1461,131306,13001,181173,38834,16888
"3.10.22",266502,126,9065,39762,7596,4484,199857,5969,29717,252277,6551,19775,65330,4522,240705,54648,11469,9813,2808409,43212,35172,2984,15943,70520,978,3080,91674,26509,17134,583343,69565,3065,615621,300873,13374,583793,793556,131692,175344,55639,126131,90082,321160,49046,36474,320,7112,86541,85175,135553,22455,14546,1459,131381,13033,181256,38855,16897
"3.11.22",266506,123,9065,39764,7597,4484,199867,5969,29718,252287,6551,19776,65331,4522,240904,54649,11470,9813,2810308,43219,35176,2985,15943,70525,978,3080,91699,26510,17134,583419,69570,3065,615626,300879,13375,583797,793986,131698,175346,55642,126133,90083,321167,49046,36476,320,7112,86546,85175,135555,22455,14546,1459,131387,13033,181259,38856,16898
"3.12.22",266506,123,9065,39765,7597,4484,199869,5969,29718,252291,6551,19777,65332,4522,240904,54649,11470,9814,2811864,43219,35177,2985,15943,70527,978,3080,91706,26510,17134,583419,69571,3065,615630,300881,13375,583802,793986,131702,175349,55643,126136,90084,321170,49046,36479,320,7114,86547,85177,135556,22455,14546,1459,131393,13033,181264,38856,16898
"3.13.22",266979,123,9082,39799,7597,4488,200163,5986,29743,252671,6562,19799,65432,4528,240904,54777,11503,9814,2811864,43244,35246,2985,15965,70584,979,3082,91789,26566,17146,583419,69661,3069,616100,301081,13351,584240,793986,131720,175477,55739,126370,90116,321679,49152,36519,320,7127,86706,85268,135748,22500,14560,1459,131522,13122,181413,38895,16917
"3.14.22",267069,123,9086,39808,7589,4491,200234,5985,29751,252734,6563,19806,65433,4529,241233,54797,11508,9816,2813689,43251,35264,2991,15975,70604,979,3082,91847,26577,17141,584101,69681,3069,616150,301061,13355,584305,795115,131679,175500,55747,126422,90061,321794,49172,36526,320,7128,86727,85292,135764,22504,14560,1459,131532,13124,181447,38937,16924
"3.15.22",267138,123,9086,39818,7580,4491,200294,5984,29777,252905,6563,19807,65482,4529,241421,54822,11508,9816,2814409,43255,35276,2991,15995,70617,981,3082,91907,26585,17147,584164,69692,3080,616251,301017,13358,584410,795115,131637,175503,55764,126446,90019,321732,49184,36543,320,7130,86759,85302,135765,22506,14561,1460,131571,13160,181492,38959,16932
"3.16.22",267245,123,9087,39834,7573,4491,200380,5992,29783,253069,6566,19812,65507,4529,241657,54830,11510,9817,2815379,43260,35302,2993,16002,70669,982,3081,91931,26568,17149,584262,69733,3081,616398,301099,13363,584554,796074,131566,175548,55840,126546,89992,321897,49228,36559,320,7129,86777,85356,135756,22529,14563,1460,131647,13168,181557,38963,16934
"3.17.22",267392,123,9094,39858,7573,4491,200516,5998,29800,253259,6568,19820,65544,4529,241765,54843,11519,9817,2817190,43272,35331,2996,16004,70699,982,3082,92003,26584,17149,584517,69783,3082,616657,301252,13368,584750,797420,131714,175613,55886,126656,90010,322141,49270,36569,320,7134,86842,85412,135824,22539,14571,1460,131726,13175,181729,38971,16944
"3.18.22",267398,123,9094,39860,7573,4491,200527,5998,29800,253263,6568,19822,65544,4529,241875,54844,11519,9818,2820159,43272,35332,2999,16007,70702,982,3083,92009,26584,17149,585098,69785,3082,616664,301258,13368,584753,797794,131719,175615,55888,126660,90010,322145,49272,36571,320,7134,86846,85414,135829,22550,14571,1460,131736,13176,181731,38971,16945
"3.19.22",267402,123,9094,39863,7573,4491,200529,5998,29802,253263,6568,19823,65544,4529,241875,54844,11520,9818,2823354,43272,35332,2999,16007,70702,982,3083,92011,26584,17150,585098,69785,3082,616668,301262,13368,584755,797794,131724,175620,55888,126663,90011,322148,49273,36571,320,7134,86852,85415,135829,22550,14571,1460,131741,13176,181736,38971,16945
"3.20.22",267761,123,9098,39899,7577,4492,200772,6004,29792,253596,6569,19835,65640,4528,241875,54870,11531,9818,2823354,43283,35405,2999,16022,70760,982,3084,92101,26612,17154,585098,69827,3102,617315,301728,13378,585042,797794,131997,175785,55931,126783,90088,322651,49339,36598,320,7138,86908,85545,135839,22566,14594,1461,131809,13176,181871,39020,16965
"3.21.22",267832,123,9099,39906,7584,4491,200824,6007,29794,253685,6569,19836,65641,4528,242015,54876,11534,9831,2825423,43290,35416,3001,16028,70771,982,3084,92118,26615,17153,586053,69852,3102,617369,301757,13382,585041,799283,132063,175802,55936,126787,90093,322756,49342,36600,320,7138,86916,85560,135841,22578,14594,1461,131818,13179,181899,39027,16970
"3.22.22",267953,123,9101,39921,7584,4491,201144,6007,29845,253871,6573,19848,65679,4528,242015,54881,11536,9832,2826077,43309,35432,3001,16032,70784,983,3085,92173,26621,17141,586134,69907,3102,617482,301812,13394,585215,799283,132158,175858,55979,126865,90136,323037,49363,36607,320,7141,87105,85625,135725,22592,14598,1461,131904,13187,181956,39072,16976
"3.23.22",268330,123,9115,39938,7584,4490,201251,6013,29854,253985,6577,19845,65723,4528,242104,54897,11538,9833,2826928,43325,35457,3001,16037,70788,984,3088,92224,26625,17149,586266,69927,3105,617616,301847,13395,585414,800097,132276,175910,56066,126973,90144,323217,49391,36603,320,7146,87136,85660,135744,22602,14599,1461,131970,13188,182015,39086,16983
"3.24.22",268473,125,9116,39948,7587,4491,201354,6014,29858,254141,6580,19849,65743,4528,242104,54910,11540,9840,2827802,43331,35505,3003,16043,70818,984,3088,92281,26637,17151,586392,69941,3116,617734,301986,13396,585610,800915,132438,175956,56096,127068,90158,323462,49410,36622,320,7146,87181,85702,135668,22606,14600,1461,132024,13187,182060,39125,16990
"3.25.22",268489,125,9116,39948,7587,4491,201357,6014,29858,254151,6580,19851,65743,4528,242196,54912,11540,9840,2829091,43333,35514,3007,16046,70819,984,3088,92295,26637,17152,586528,69942,3116,617742,301990,13397,585614,801214,132444,175956,56097,127071,90161,323478,49411,36622,320,7146,87182,85704,135671,22606,14601,1461,132029,13187,182063,39129,16992
"3.26.22",268492,125,9116,39948,7587,4491,201360,6014,29858,254159,6580,19851,65744,4528,242196,54912,11540,9840,2830048,43334,35523,3007,16046,70820,984,3088,92298,26637,17152,586528,69945,3116,617753,301991,13397,585617,801214,132457,175958,56098,127071,90163,323483,49411,36623,320,7148,87184,85704,135672,22606,14601,1461,132029,13187,182063,39130,16993
"3.27.22",268934,125,9120,39964,7592,4491,201624,6019,29885,254410,6585,19860,65755,4531,242196,54915,11553,9840,2830048,43338,35601,3007,16054,70849,984,3088,92390,26659,17159,586528,69995,3119,617945,302318,13401,585732,801214,132817,176118,56159,127238,90122,324123,49403,36632,320,7151,87216,85684,135489,22615,14606,1460,132074,13187,182208,39128,17007
"3.28.22",269003,125,9120,39974,7594,4491,201695,6017,29892,254523,6585,19856,65761,4533,242261,54920,11555,9842,2831103,43341,35611,3008,16056,70856,986,3088,92408,26659,17163,586878,70003,3121,618003,302360,13402,585717,801703,132887,176131,56165,127256,90132,324261,49408,36634,320,7154,87232,85705,135497,22619,14607,1460,132077,13186,182246,39181,17014
"3.29.22",269081,125,9123,39981,7597,4491,201754,5989,29897,254652,6585,19832,65749,4533,242261,54931,11556,9842,2831655,43342,35656,3008,16064,70870,987,3088,92402,26669,17150,586934,70004,3122,618072,302523,13405,585918,801703,133008,176127,56189,127359,90156,324384,49407,36637,320,7155,87246,85735,135402,22626,14611,1460,132129,13174,182326,39197,17019
"3.30.22",269297,125,9125,39995,7601,4491,201899,5992,29913,254848,6584,19837,65769,4534,242345,54962,11556,9839,2832706,43350,35683,3011,16067,70884,989,3089,92547,26682,17154,587066,70027,3123,618158,302576,13411,586053,802284,133155,176193,56222,127474,90180,324587,49425,36642,320,7156,87352,85774,135318,22636,14611,1460,132179,13175,182365,39227,17026
"3.31.22",269489,125,9125,40014,7603,4491,202072,5996,29923,254965,6584,19841,65786,4537,242345,54987,11556,9840,2833206,43354,35742,3013,16073,70902,991,3089,92607,26695,17158,587256,70066,3166,618297,302720,13414,586266,803202,133309,176236,56254,127643,90306,324871,49457,36643,320,7156,87388,85847,135264,22641,14613,1460,132255,13177,182433,39252,17031
"4.1.22",269502,125,9125,40017,7603,4491,202078,5996,29923,254986,6584,19841,65787,4540,242458,54987,11557,9840,2834317,43354,35754,3013,16073,70905,991,3089,92618,26697,17159,587408,70069,3167,618300,302728,13414,586277,803799,133321,176251,56255,127644,90306,324882,49459,36643,320,7156,87391,85853,135269,22642,14614,1460,132263,13177,182436,39252,17034
"4.2.22",269507,125,9125,40020,7603,4491,202079,5996,29924,254988,6584,19841,65787,4541,242458,54987,11557,9840,2834317,43354,35761,3013,16074,70906,991,3089,92621,26697,17160,587408,70069,3168,618313,302735,13414,586281,803799,133327,176254,56256,127648,90306,324883,49461,36643,320,7157,87391,85854,135272,22642,14614,1460,132267,13177,182440,39253,17034
"4.3.22",269507,125,9125,40021,7603,4491,202082,5996,29924,254988,6584,19841,65787,4541,242458,54987,11557,9840,2834317,43354,35769,3013,16074,70906,991,3090,92627,26698,17161,587408,70071,3168,618318,302736,13414,586284,803799,133335,176256,56256,127655,90307,324887,49462,36643,320,7158,87392,85860,135274,22642,14614,1460,132267,13177,182440,39256,17034
"4.4.22",270003,125,9128,40039,7607,4493,202284,5993,29939,255374,6588,19847,65818,4546,242458,55010,11562,9840,2836605,43371,35850,3015,16091,70958,991,3090,92707,26732,17174,587408,70123,3215,618596,303098,13421,586573,803799,133802,176340,56301,127986,90328,325657,49539,36653,319,7161,87339,85994,135278,22653,14617,1460,132365,13180,182579,39304,17038
"4.5.22",270018,125,9129,40042,7607,4493,202292,5993,29939,255379,6588,19852,65818,4548,242458,55010,11562,9842,2837430,43371,35858,3016,16093,70963,991,3090,92713,26733,17175,587852,70124,3215,618608,303106,13421,586580,804920,133811,176343,56303,127998,90329,325669,49539,36654,319,7161,87342,86001,135286,22653,14617,1460,132368,13180,182582,39306,17038
"4.6.22",270028,125,9129,40045,7607,4494,202299,5993,29939,255387,6589,19852,65818,4549,242598,55010,11562,9842,2838442,43373,35873,3020,16094,70968,991,3090,92724,26738,17175,587852,70124,3215,618620,303111,13421,586590,804920,133819,176345,56308,128008,90330,325682,49542,36656,319,7161,87345,86010,135296,22654,14618,1460,132371,13180,182589,39309,17038
"4.7.22",270542,125,9130,40081,7609,4496,202619,5995,29952,255539,6592,19862,65791,4554,242598,55039,11573,9842,2839480,43380,35963,3022,16108,71008,993,3090,92816,26776,17177,587852,70169,3252,619067,303673,13430,587515,804920,134252,176480,56362,128492,90458,326389,49725,36677,320,7163,87447,86254,135296,22664,14628,1464,132828,13191,182759,39504,17047
"4.8.22",270550,125,9133,40083,7609,4496,202631,5995,29954,255540,6593,19864,65793,4554,242682,55039,11573,9845,2843599,43380,35982,3026,16109,71013,993,3090,92820,26780,17178,588344,70172,3252,619081,303680,13430,587528,805799,134267,176483,56364,128508,90460,326401,49729,36677,320,7164,87447,86260,135300,22665,14628,1464,132829,13192,182761,39504,17047
"4.9.22",270556,125,9134,40086,7609,4496,202644,5995,29954,255542,6593,19866,65793,4555,242682,55039,11573,9845,2843599,43381,35996,3026,16109,71016,993,3090,92821,26788,17178,588344,70174,3252,619084,303681,13430,587531,805799,134272,176485,56364,128512,90460,326408,49732,36677,320,7164,87448,86264,135301,22665,14628,1464,132833,13193,182763,39505,17047
"4.10.22",270561,125,9135,40086,7609,4496,202651,5995,29954,255542,6593,19866,65793,4555,242682,55039,11573,9845,2843599,43381,36032,3026,16109,71018,993,3091,92825,26788,17178,588344,70176,3252,619094,303683,13431,587534,805799,134280,176488,56367,128515,90460,326411,49734,36677,320,7165,87450,86268,135304,22665,14628,1464,132835,13193,182766,39505,17047
"4.11.22",270572,125,9135,40090,7609,4496,202671,5995,29956,255544,6593,19868,65795,4557,242682,55039,11575,9845,2846303,43382,36061,3029,16110,71020,993,3091,92835,26790,17178,588344,70177,3252,619107,303693,13431,587543,805799,134295,176496,56369,128528,90470,326425,49735,36677,320,7166,87455,86275,135311,22669,14628,1464,132842,13193,182771,39510,17047
"4.12.22",271378,125,9136,40107,7619,4498,203005,5996,29994,255780,6595,19879,65883,4560,242803,55055,11581,9845,2847097,43387,36177,3031,16126,71067,993,3096,92920,26860,17204,588344,70198,3288,619515,304438,13441,588690,805799,134952,176609,56421,129191,90659,327338,49879,36661,324,7168,87413,86720,135364,22688,14632,1464,133091,13200,182987,39609,17051
"4.13.22",271387,125,9136,40113,7620,4498,203018,5996,29994,255787,6595,19881,65892,4560,242803,55057,11582,9845,2848030,43387,36203,3037,16132,71069,994,3096,92927,26870,17205,588344,70204,3288,619535,304441,13442,588693,805799,134966,176611,56427,129205,90663,327348,49882,36662,324,7170,87415,86726,135370,22688,14632,1464,133096,13202,182993,39615,17051
"4.14.22",271865,125,9137,40122,7625,4497,203303,5993,29996,255929,6597,19889,65912,4564,242803,55066,11589,9845,2849185,43388,36314,3040,16140,71089,994,3102,93066,26910,17217,589475,70238,3294,619655,305101,13441,589386,807466,135354,176604,56465,129711,90760,327798,50013,36671,324,7171,87356,86879,135369,22699,14632,1465,133339,13203,183106,39685,17057
"4.15.22",271876,125,9137,40125,7625,4497,203315,5993,29998,255930,6599,19890,65912,4565,242888,55066,11589,9846,2850480,43388,36335,3040,16140,71090,994,3103,93071,26911,17218,590003,70243,3294,619665,305115,13441,589391,808047,135367,176605,56469,129723,90762,327807,50014,36672,324,7172,87362,86884,135372,22708,14633,1465,133343,13204,183112,39688,17057
"4.16.22",271884,125,9139,40127,7625,4497,203322,5993,29999,255931,6599,19891,65912,4566,242888,55066,11589,9846,2850480,43388,36356,3040,16142,71090,994,3104,93077,26912,17219,590003,70244,3294,619671,305119,13442,589394,808047,135383,176607,56469,129730,90763,327816,50015,36672,324,7172,87362,86900,135374,22708,14633,1465,133350,13207,183118,39688,17057
"4.17.22",271894,125,9139,40129,7625,4497,203328,5993,29999,255932,6599,19896,65913,4566,242888,55066,11589,9846,2850480,43388,36382,3040,16142,71091,994,3104,93086,26914,17222,590003,70246,3294,619678,305122,13442,589398,808047,135392,176610,56470,129733,90763,327824,50015,36672,324,7172,87364,86909,135379,22708,14633,1465,133352,13207,183122,39689,17057
"4.18.22",272755,125,9144,40162,7639,4500,203664,5998,30026,256050,6596,19949,65948,4566,242888,55095,11598,9846,2853706,43359,36568,3045,16167,71124,995,3111,93214,27007,17247,590003,70299,3297,620149,305949,13488,590420,808047,136026,176502,56517,130374,90954,328909,50119,36688,324,7175,87430,87173,135360,22720,14633,1465,133577,13215,183380,39724,17068
"4.19.22",272774,125,9145,40167,7640,4500,203689,5998,30028,256061,6597,19952,65950,4566,243003,55095,11599,9847,2854567,43360,36591,3045,16172,71130,995,3111,93230,27008,17249,590828,70301,3297,620169,305961,13488,590438,809020,136038,176509,56522,130393,90959,328933,50121,36691,324,7176,87436,87188,135364,22722,14633,1465,133585,13216,183390,39724,17069
"4.20.22",272803,125,9148,40171,7640,4500,203707,6000,30031,256071,6597,19963,65953,4566,243003,55096,11600,9847,2855687,43361,36607,3053,16183,71133,995,3111,93243,27017,17251,590828,70306,3297,620181,305983,13489,590460,809020,136055,176513,56528,130413,90967,328961,50123,36692,324,7178,87443,87217,135369,22722,14633,1465,133591,13216,183403,39726,17069
"4.21.22",273714,125,9163,40200,7649,4500,204301,6013,30051,256255,6601,20024,65985,4571,243003,55115,11609,9847,2857772,43364,36795,3058,16221,71109,996,3113,93403,27098,17272,590828,70421,3299,620662,307222,13487,591878,809020,136802,176615,56621,131271,91135,330131,50385,36710,324,7186,87587,87393,135579,22695,14636,1464,133982,13233,183599,39934,17091
"4.22.22",273751,125,9163,40208,7649,4500,204322,6013,30052,256264,6602,20032,65985,4571,243186,55115,11609,9856,2859799,43365,36805,3060,16224,71112,996,3114,93417,27099,17272,591778,70425,3299,620680,307241,13487,591890,810841,136829,176620,56628,131288,91138,330153,50387,36710,324,7186,87593,87413,135587,22697,14636,1464,133986,13233,183605,39934,17091
"4.23.22",273770,125,9165,40213,7649,4500,204338,6013,30056,256268,6602,20038,65985,4572,243186,55116,11609,9856,2859799,43366,36816,3060,16229,71124,996,3115,93431,27101,17272,591778,70428,3299,620695,307253,13487,591898,810841,136855,176622,56629,131299,91139,330167,50388,36711,325,7186,87596,87417,135592,22697,14637,1465,133994,13235,183616,39936,17092
"4.24.22",273782,125,9165,40216,7649,4500,204356,6014,30057,256274,6602,20041,65986,4573,243186,55117,11609,9856,2859799,43367,36862,3060,16229,71124,996,3115,93446,27103,17274,591778,70429,3299,620705,307256,13487,591901,810841,136881,176630,56633,131305,91140,330194,50390,36711,325,7186,87601,87426,135595,22697,14637,1465,134003,13235,183624,39940,17092
"4.25.22",275079,125,9175,40236,7662,4504,205190,6022,30120,256487,6608,20160,66040,4575,243186,55146,11624,9856,2864284,43379,37100,3063,16271,71162,996,3118,93614,27221,17304,591778,70553,3299,621454,308540,13510,593135,810841,137868,176889,56728,132246,91323,331835,50641,36739,325,7190,87848,87850,135705,22722,14646,1467,134240,13256,183979,40049,17106
"4.26.22",275121,125,9175,40245,7662,4504,205227,6024,30122,256499,6608,20168,66045,4575,243325,55147,11625,9855,2865825,43383,37124,3065,16288,71164,996,3118,93639,27223,17306,592872,70557,3299,621471,308571,13510,593152,812403,137890,176902,56736,132264,91329,331879,50650,36742,325,7191,87859,87869,135712,22722,14646,1467,134250,13256,184003,40053,17107
"4.27.22",275159,125,9176,40252,7663,4504,205264,6024,30126,256509,6609,20174,66050,4575,243325,55147,11625,9855,2867415,43390,37143,3066,16294,71181,996,3119,93678,27227,17306,592872,70561,3299,621497,308592,13511,593166,812403,137915,176912,56747,132293,91334,331923,50653,36742,325,7193,87870,87885,135724,22722,14646,1467,134264,13258,184029,40058,17107
"4.28.22",276358,125,9191,40311,7684,4504,206018,6032,30179,256638,6611,20241,66076,4580,243325,55171,11635,9855,2869785,43412,37322,3068,16333,71228,996,3119,93904,27341,17329,592872,70695,3311,622081,309870,13512,593913,812403,138897,177107,56887,133133,91552,333600,50958,36761,323,7200,88117,88210,135838,22743,14651,1467,134549,13288,184298,40140,17127
"4.29.22",276395,125,9191,40317,7684,4504,206059,6032,30183,256647,6611,20257,66081,4580,243475,55171,11635,9857,2872203,43415,37337,3073,16350,71237,996,3119,93928,27344,17332,594132,70703,3311,622103,309908,13514,593921,814292,138932,177123,56905,133154,91555,333634,50964,36761,323,7200,88122,88224,135846,22746,14652,1467,134559,13289,184334,40143,17129
"4.30.22",276409,125,9193,40323,7684,4504,206078,6032,30185,256655,6612,20265,66082,4582,243475,55171,11635,9857,2872203,43416,37357,3073,16351,71239,996,3119,93942,27346,17333,594132,70710,3311,622124,309916,13514,593931,814292,138952,177127,56910,133167,91557,333664,50968,36762,323,7200,88127,88237,135851,22747,14652,1467,134576,13292,184356,40146,17129
"5.1.22",276426,125,9193,40327,7685,4504,206088,6032,30189,256662,6613,20274,66084,4582,243475,55172,11635,9857,2872203,43417,37387,3073,16351,71241,996,3121,93965,27347,17334,594132,70718,3311,622142,309929,13514,593940,814292,138975,177132,56913,133185,91560,333688,50968,36764,323,7201,88129,88249,135858,22747,14654,1467,134588,13292,184388,40147,17130
"5.2.22",278187,125,9206,40380,7707,4507,207198,6057,30268,256947,6613,20421,66132,4584,243475,55199,11653,9857,2877960,43463,37628,3081,16395,71319,997,3127,94164,27466,17371,594132,70869,3312,623193,310879,13545,594769,814292,140364,177414,57045,134217,91860,335834,51408,36798,324,7212,88481,88681,136054,22782,14667,1468,134687,13342,184828,40328,17155
"5.3.22",278229,125,9209,40383,7708,4507,207236,6062,30273,256975,6613,20435,66139,4586,243687,55199,11653,9863,2879817,43470,37651,3085,16408,71326,997,3128,94205,27468,17373,595487,70876,3312,623220,310918,13545,594787,816492,140391,177426,57054,134232,91864,335880,51412,36799,324,7214,88491,88702,136068,22785,14670,1468,134703,13342,184860,40334,17157
"5.4.22",278273,125,9210,40388,7708,4507,207279,6064,30277,256994,6615,20454,66145,4586,243687,55199,11654,9863,2882279,43475,37674,3091,16426,71350,997,3129,94239,27475,17373,595487,70891,3312,623244,310963,13548,594799,816492,140421,177453,57063,134265,91866,335930,51418,36800,324,7214,88503,88726,136079,22787,14671,1468,134717,13342,184903,40335,17165
"5.5.22",279777,125,9221,40442,7717,4506,208120,6082,30344,257327,6616,20558,66288,4591,243687,55239,11662,9863,2882279,43505,37903,3091,16457,71413,996,3136,94471,27568,17412,595487,71063,3361,624311,311624,13582,595623,816492,141502,177770,57191,135114,92128,338124,51796,36842,324,7223,88756,89207,136202,22811,14684,1468,134784,13380,185333,40452,17192
"5.6.22",279819,126,9222,40449,7719,4509,208164,6082,30351,257350,6617,20572,66299,4592,243954,55239,11662,9868,2888408,43510,37925,3101,16465,71417,998,3137,94500,27569,17415,597100,71073,3361,624338,311675,13584,595639,818936,141537,177798,57206,135139,92133,338186,51800,36844,324,7223,88774,89225,136218,22813,14686,1468,134801,13383,185376,40463,17195
"5.7.22",279840,126,9223,40452,7719,4509,208176,6082,30354,257359,6617,20579,66302,4595,243954,55239,11662,9868,2888408,43513,37971,3101,16467,71418,998,3137,94537,27569,17417,597100,71084,3361,624358,311695,13584,595645,818936,141558,177810,57211,135147,92135,338201,51804,36845,324,7225,88782,89240,136225,22813,14686,1468,134812,13384,185406,40467,17196
"5.8.22",279858,126,9223,40458,7719,4509,208193,6082,30356,257365,6617,20587,66308,4595,243954,55239,11662,9868,2888408,43513,38003,3101,16470,71418,998,3138,94563,27570,17422,597100,71094,3362,624385,311707,13589,595650,818936,141578,177819,57222,135168,92138,338231,51814,36845,324,7225,88787,89249,136233,22813,14687,1468,134824,13384,185430,40469,17196
"5.9.22",282709,126,9234,40539,7735,4512,209466,6109,30452,257754,6622,20801,66385,4601,243954,55289,11682,9868,2895400,43608,38452,3123,16546,71543,1000,3142,94933,27709,17483,597100,71367,3364,625700,313012,13633,596676,818936,142978,178233,57389,136426,92435,340535,52244,36896,324,7238,89237,89932,136467,22791,14698,1476,134940,13424,185977,40681,17233
"5.10.22",282753,126,9234,40548,7735,4514,209524,6110,30461,257776,6623,20823,66398,4604,244205,55290,11683,9874,2897513,43617,38487,3126,16557,71562,1000,3144,94986,27711,17489,598954,71382,3364,625736,313084,13635,596687,821694,143003,178255,57410,136464,92446,340599,52252,36898,324,7238,89250,89958,136485,22792,14700,1476,134976,13424,186027,40690,17234
"5.11.22",282809,126,9235,40552,7736,4515,209566,6110,30467,257806,6623,20840,66416,4610,244205,55290,11683,9874,2900449,43630,38530,3136,16570,71581,1000,3147,95034,27713,17492,598954,71398,3365,625765,313150,13640,596713,821694,143030,178317,57435,136502,92461,340679,52263,36899,325,7238,89269,89996,136504,22795,14707,1476,135003,13424,186065,40701,17237
"5.12.22",283823,126,9245,40596,7750,4516,210393,6118,30518,258122,6628,20904,66431,4632,244205,55319,11688,9874,2903779,43665,38721,3142,16616,71662,1000,3151,95171,27753,17507,598954,71555,3373,626413,313804,13662,597407,821694,143944,178563,57534,137204,92653,342159,52514,36933,325,7242,89487,90281,136664,22818,14716,1476,135045,13446,186469,40789,17278
"5.13.22",283876,126,9245,40610,7751,4517,210456,6119,30528,258142,6630,20917,66444,4637,244681,55321,11694,9879,2907721,43677,38744,3145,16628,71673,1000,3152,95214,27755,17508,600384,71578,3373,626446,313868,13663,597424,824523,143982,178603,57563,137255,92664,342243,52520,36935,325,7244,89500,90307,136691,22819,14719,1477,135093,13448,186512,40799,17281
"5.14.22",283908,126,9246,40612,7751,4517,210486,6119,30528,258161,6631,20925,66445,4638,244681,55321,11694,9879,2907721,43686,38787,3145,16635,71682,1000,3153,95253,27757,17509,600384,71588,3373,626475,313894,13663,597432,824523,144002,178615,57567,137276,92667,342276,52528,36935,328,7244,89507,90321,136700,22820,14721,1477,135128,13448,186526,40802,17284
"5.15.22",283928,126,9246,40620,7751,4517,210516,6121,30533,258171,6635,20932,66448,4638,244681,55321,11699,9879,2907721,43686,38836,3145,16639,71685,1000,3154,95306,27764,17510,600384,71611,3373,626510,313916,13666,597444,824523,144026,178631,57570,137304,92672,342315,52542,36936,328,7246,89517,90333,136711,22821,14722,1477,135152,13448,186551,40809,17285
"5.16.22",287584,126,9269,40750,7775,4523,212880,6205,30718,258955,6644,21207,66628,4648,244681,55449,11743,9879,2915694,43828,39413,3164,16720,71906,1001,3164,95729,27982,17634,600384,72109,3389,628611,315984,13748,599206,824523,146485,179579,57866,139224,93251,347028,53310,37042,328,7262,90358,91483,137181,22904,14746,1478,135413,13516,187529,41223,17375
"5.17.22",287662,127,9270,40766,7777,4523,212961,6208,30726,258997,6649,21221,66641,4651,245061,55450,11744,9886,2917892,43850,39461,3173,16732,71942,1001,3164,95815,27987,17640,603344,72140,3390,628667,316079,13754,599236,828134,146517,179764,57895,139279,93262,347115,53325,37050,329,7269,90384,91521,137216,22911,14749,1478,135459,13519,187587,41232,17378
"5.18.22",287730,127,9272,40787,7777,4524,213046,6208,30732,259028,6650,21238,66651,4660,245061,55454,11746,9886,2922210,43865,39522,3177,16742,71961,1001,3164,95880,27995,17648,603344,72177,3391,628710,316179,13755,599250,828134,146548,179805,57939,139318,93280,347188,53333,37053,329,7271,90414,91566,137242,22915,14752,1478,135498,13519,187641,41239,17381
"5.19.22",290266,127,9308,40922,7801,4525,214629,6256,30868,259671,6658,21375,66756,4681,245061,55592,11783,9886,2926848,43974,39933,3181,16815,72155,1003,3168,96205,28124,17702,603344,72562,3424,630623,317899,13807,600681,828134,148156,180590,58229,140691,93767,350539,53659,37125,330,7279,90994,92299,137642,22970,14784,1480,135749,13581,188476,41489,17461
"5.20.22",290334,127,9308,40931,7804,4526,214703,6261,30883,259711,6662,21390,66757,4682,245450,55593,11785,9910,2929950,43990,39966,3204,16822,72171,1003,3172,96270,28127,17709,606842,72578,3424,630667,317984,13810,600702,832272,148189,180607,58261,140749,93794,350626,53673,37131,330,7281,91019,92333,137663,22973,14787,1480,135795,13584,188515,41497,17469
"5.21.22",290360,127,9308,40943,7804,4526,214720,6262,30886,259741,6662,21398,66760,4686,245450,55594,11785,9910,2929950,43998,40005,3204,16826,72174,1003,3172,96310,28131,17711,606842,72594,3424,630690,318007,13811,600721,832272,148220,180615,58266,140772,93799,350677,53691,37134,330,7283,91027,92346,137673,22974,14788,1480,135834,13586,188533,41503,17473
"5.22.22",290381,127,9308,40957,7804,4527,214753,6264,30888,259762,6663,21406,66762,4688,245450,55595,11785,9910,2929950,44004,40049,3204,16831,72180,1003,3172,96365,28134,17711,606842,72606,3424,630715,318037,13819,600746,832272,148233,180634,58280,140798,93812,350720,53710,37136,330,7285,91033,92355,137695,22979,14789,1480,135870,13586,188552,41514,17475
"5.23.22",293720,127,9340,41134,7834,4533,217050,6375,31102,260727,6674,21582,66966,4707,245450,55741,11828,9910,2942149,44162,40589,3224,16944,72462,1003,3184,96832,28348,17829,606842,73146,3439,633438,320437,13929,602573,832272,150343,181559,58671,142657,94490,355177,54035,37254,331,7301,92052,93331,138217,23082,14821,1484,136258,13697,189696,41943,17564
"5.24.22",293811,127,9343,41162,7836,4535,217132,6379,31111,260794,6678,21604,66986,4708,246310,55746,11830,9927,2945669,44185,40634,3247,16958,72490,1003,3184,96896,28355,17832,609875,73179,3440,633490,320563,13932,602607,837288,150376,181592,58718,142707,94514,355265,54050,37260,331,7305,92072,93380,138255,23087,14822,1484,136328,13701,189727,41959,17568
"5.25.22",293870,127,9347,41184,7838,4537,217232,6381,31118,260831,6678,21622,66999,4711,246310,55751,11832,9927,2949830,44200,40683,3256,16968,72521,1004,3184,96957,28367,17839,609875,73195,3440,633539,320684,13934,602636,837288,150403,181624,58771,142761,94541,355355,54060,37272,331,7313,92099,93418,138287,23091,14824,1484,136383,13701,189777,41964,17576
"5.26.22",296475,127,9391,41328,7859,4542,218967,6408,31310,261563,6698,21765,67130,4720,246310,55869,11883,9927,2955954,44301,41036,3277,17041,72720,1006,3191,97283,28509,17896,609875,73579,3472,635570,322581,14005,604336,837288,151871,182301,59182,144132,95070,358816,54250,37374,332,7337,92657,94011,138655,23166,14849,1486,136665,13759,190651,42208,17636
"5.27.22",296550,127,9391,41350,7859,4545,219040,6412,31321,261619,6698,21778,67145,4723,247229,55872,11883,9950,2961673,44312,41077,3284,17050,72730,1006,3192,97336,28511,17905,613102,73599,3473,635621,322673,14007,604351,841947,151918,182325,59214,144170,95090,358902,54258,37377,332,7339,92666,94038,138668,23170,14850,1486,136720,13763,190688,42217,17638
"5.28.22",296591,127,9391,41366,7859,4545,219072,6412,31329,261651,6699,21784,67150,4724,247229,55875,11885,9950,2961673,44321,41111,3284,17054,72735,1006,3192,97381,28514,17909,613102,73609,3473,635653,322715,14007,604376,841947,151958,182346,59225,144195,95091,358918,54270,37383,332,7341,92677,94050,138682,23171,14851,1486,136757,13764,190711,42225,17639
"5.29.22",296617,127,9391,41382,7859,4546,219096,6414,31330,261682,6699,21794,67160,4726,247229,55876,11885,9950,2961673,44324,41141,3284,17054,72741,1006,3193,97413,28515,17911,613102,73622,3474,635681,322735,14007,604403,841947,151979,182361,59228,144222,95101,358945,54278,37388,333,7345,92687,94061,138689,23173,14854,1486,136790,13765,190731,42232,17641
"5.30.22",299916,127,9439,41572,7892,4549,221292,6437,31568,262819,6710,21919,67296,4736,247229,56075,11953,9950,2974197,44489,41612,3284,17135,72992,1010,3198,97797,28720,18038,613102,74159,3495,638185,325220,14117,606530,841947,154008,183267,59638,146055,95693,363503,54607,37474,335,7384,93339,94886,139244,23262,14890,1490,137207,13845,191951,42590,17737
"5.31.22",300003,129,9440,41595,7892,4550,221428,6438,31587,262894,6713,21947,67323,4737,248074,56076,11962,9984,2976323,44529,41654,3320,17153,73029,1012,3198,97885,28728,18043,616706,74188,3498,638263,325378,14125,606566,847261,154061,183308,59709,146107,95727,363591,54617,37481,335,7396,93395,94930,139275,23268,14894,1490,137296,13849,192003,42600,17741
"6.1.22",300057,129,9446,41613,7892,4551,221523,6440,31607,262963,6715,21967,67347,4739,248074,56082,11966,9984,2980708,44549,41689,3359,17170,73052,1012,3198,97951,28731,18045,616706,74218,3499,638325,325519,14130,606601,847261,154103,183351,59774,146149,95750,363668,54637,37492,336,7402,93419,94969,139299,23274,14899,1490,137355,13852,192052,42611,17747
"6.2.22",301845,129,9482,41697,7918,4559,222612,6459,31733,263596,6720,22052,67619,4750,248074,56192,12011,9984,2985665,44636,41954,3365,17232,73191,1017,3201,98250,28847,18089,616706,74479,3521,639827,326955,14203,608177,847261,155541,183831,60041,147194,96145,366509,54839,37520,334,7424,93812,95337,139542,23338,14920,1495,137608,13883,192629,42812,17816
"6.3.22",301909,129,9484,41713,7919,4559,222704,6460,31745,263651,6723,22073,67630,4753,248841,56197,12013,10018,2990651,44649,41981,3392,17240,73201,1017,3201,98314,28850,18094,619971,74504,3521,639885,327059,14205,608223,851493,155590,183864,60076,147246,96160,366629,54850,37527,334,7433,93822,95363,139569,23344,14927,1495,137674,13885,192663,42822,17823
"6.4.22",301939,129,9486,41723,7919,4561,222733,6463,31748,263684,6725,22078,67640,4753,248841,56197,12016,10018,2990651,44658,42016,3392,17241,73204,1017,3201,98361,28858,18095,619971,74520,3522,639915,327094,14209,608258,851493,155622,183883,60085,147258,96162,366676,54863,37528,334,7434,93833,95372,139586,23345,14928,1495,137709,13888,192688,42836,17825
"6.5.22",301963,129,9488,41728,7919,4566,222773,6463,31752,263701,6726,22084,67652,4754,248841,56197,12022,10018,2990651,44662,42057,3392,17242,73213,1018,3201,98396,28860,18096,619971,74537,3523,639940,327123,14212,608287,851493,155643,183920,60091,147286,96183,366717,54876,37531,334,7440,93850,95386,139600,23348,14929,1495,137751,13891,192705,42841,17829
"6.6.22",305903,129,9534,41997,7964,4577,225555,6490,31998,265222,6758,22271,67922,4772,248841,56427,12120,10018,3004975,44898,42549,3412,17410,73571,1020,3210,99089,29179,18291,619971,75093,3535,643103,330357,14380,611055,851493,157780,185234,60653,149367,97038,371766,55309,37664,334,7470,94818,96541,140419,23486,14976,1502,138319,13988,193900,43254,17928
"6.7.22",305951,129,9536,42011,7964,4581,225638,6491,32010,265292,6760,22284,67954,4775,249980,56430,12126,10060,3008619,44926,42586,3436,17421,73595,1022,3211,99154,29188,18295,624355,75125,3536,643153,330460,14384,611097,857511,157802,185265,60686,149404,97056,371850,55321,37676,334,7480,94838,96569,140442,23492,14978,1502,138374,13989,193943,43265,17935
"6.8.22",305994,129,9539,42036,7966,4584,225691,6494,32021,265358,6760,22300,67987,4783,249980,56434,12132,10060,3014758,44942,42613,3443,17452,73611,1024,3213,99208,29195,18301,624355,75157,3537,643204,330562,14388,611125,857511,157824,185302,60731,149459,97069,371930,55328,37683,334,7484,94855,96601,140465,23494,14982,1502,138424,13991,193987,43274,17936
"6.9.22",308496,129,9592,42270,8006,4597,227600,6518,32194,266399,6772,22424,68224,4789,249980,56595,12179,10060,3019550,45114,42885,3454,17550,73839,1030,3221,99586,29406,18387,624355,75526,3560,645326,332493,14488,613525,857511,159168,186267,61132,150658,97510,375451,55757,37783,334,7510,95777,97209,140969,23577,15020,1505,138854,14039,194870,43528,18039
"6.10.22",308546,130,9595,42281,8006,4599,227645,6521,32204,266445,6774,22435,68241,4794,250899,56598,12181,10094,3025694,45128,42910,3468,17552,73848,1030,3223,99655,29408,18388,628654,75539,3560,645366,332581,14490,613558,862860,159198,186287,61161,150685,97515,375518,55767,37793,334,7524,95791,97228,140983,23577,15021,1505,138890,14042,194904,43543,18042
"6.11.22",308569,130,9596,42295,8007,4600,227676,6522,32207,266468,6777,22442,68244,4797,250899,56599,12182,10094,3025694,45136,42937,3468,17560,73853,1030,3224,99695,29409,18389,628654,75557,3560,645395,332604,14491,613589,862860,159236,186303,61168,150698,97519,375552,55777,37802,334,7530,95805,97251,140996,23579,15022,1505,138911,14044,194938,43551,18045
"6.12.22",308591,130,9596,42311,8008,4601,227711,6522,32209,266488,6777,22450,68258,4799,250899,56600,12185,10094,3025694,45138,42971,3468,17564,73857,1030,3224,99727,29413,18391,628654,75566,3560,645424,332639,14494,613612,862860,159256,186322,61178,150721,97533,375589,55791,37808,334,7538,95815,97276,141017,23580,15022,1505,138939,14045,194970,43558,18049
"6.13.22",311537,130,9700,42577,8055,4612,229772,6567,32414,267965,6803,22626,68546,4811,250899,56797,12287,10094,3038588,45373,43429,3491,17677,74195,1035,3233,100251,29738,18515,628654,76087,3574,648520,335388,14621,616605,862860,161192,187493,61614,152320,98081,379724,56343,37937,336,7566,96675,98123,141735,23710,15076,1509,139465,14124,196087,44117,18157
"6.14.22",311589,130,9702,42602,8055,4615,229839,6571,32426,268021,6807,22650,68590,4816,251888,56801,12288,10131,3041815,45391,43457,3503,17693,74223,1035,3233,100302,29742,18518,632526,76109,3575,648555,335457,14627,616636,868593,161210,187530,61666,152342,98094,379775,56350,37944,336,7574,96699,98142,141757,23714,15079,1509,139512,14127,196139,44129,18161
"6.15.22",311633,130,9707,42618,8056,4616,229898,6574,32434,268083,6810,22667,68620,4817,251888,56803,12289,10131,3047469,45400,43468,3512,17706,74248,1036,3234,100348,29743,18523,632526,76124,3575,648590,335540,14629,616680,868593,161238,187566,61714,152356,98110,379819,56361,37952,336,7580,96721,98156,141787,23718,15080,1509,139556,14131,196177,44140,18164
"6.16.22",312719,130,9720,42716,8074,4622,230717,6584,32521,268575,6821,22741,68721,4822,251888,56878,12309,10131,3051930,45500,43661,3529,17754,74399,1035,3241,100583,29853,18554,632526,76296,3593,649818,336440,14668,618318,868593,161991,187957,61983,152974,98313,381479,56514,38008,337,7606,97016,98445,142131,23776,15104,1514,139704,14159,196695,44534,18201
"6.17.22",312766,130,9725,42732,8076,4623,230768,6585,32533,268637,6822,22755,68750,4825,253155,56881,12309,10156,3057004,45510,43674,3536,17764,74418,1035,3242,100638,29856,18559,635333,76319,3594,649862,336474,14671,618356,873486,162031,187977,62003,152990,98327,381527,56526,38019,337,7615,97028,98462,142151,23778,15106,1517,139745,14163,196740,44545,18205
"6.18.22",312780,130,9725,42742,8076,4628,230793,6585,32537,268665,6828,22759,68762,4831,253155,56882,12310,10156,3057004,45516,43687,3536,17768,74423,1035,3242,100668,29859,18564,635333,76331,3595,649898,336495,14671,618387,873486,162064,187988,62009,153009,98339,381559,56531,38027,337,7615,97040,98479,142162,23784,15109,1517,139776,14164,196761,44558,18208
"6.19.22",312800,130,9729,42753,8076,4628,230821,6586,32540,268683,6829,22766,68775,4832,253155,56883,12312,10156,3057004,45522,43697,3536,17771,74433,1035,3242,100696,29860,18565,635333,76345,3595,649913,336519,14678,618409,873486,162083,187997,62018,153031,98349,381605,56541,38030,337,7619,97049,98497,142180,23787,15113,1517,139816,14167,196784,44563,18208
"6.20.22",316336,130,9806,43059,8129,4642,233247,6649,32790,270667,6861,23017,69224,4846,253155,57212,12421,10156,3069037,45823,44180,3536,17895,74849,1038,3250,101462,30139,18719,635333,76852,3614,653786,339463,14823,622037,873486,164437,189349,62485,154966,99035,386708,57219,38180,339,7664,98042,99563,142985,23943,15174,1520,140596,14276,198211,45130,18337
"6.21.22",316398,130,9808,43073,8129,4643,233315,6653,32809,270732,6864,23034,69257,4851,254382,57214,12423,10190,3071314,45841,44203,3569,17900,74875,1039,3253,101527,30142,18728,640372,76865,3614,653854,339535,14829,622075,873486,164476,189395,62533,154991,99060,386769,57226,38192,340,7676,98064,99589,143012,23962,15177,1520,140658,14276,198251,45148,18343
"6.22.22",316435,130,9811,43085,8130,4645,233364,6655,32816,270799,6866,23047,69292,4857,254382,57215,12426,10190,3076849,45852,44215,3582,17909,74907,1040,3254,101569,30143,18731,640372,76877,3615,653914,339583,14832,622122,873486,164508,189425,62578,155011,99074,386818,57234,38210,340,7684,98082,99613,143040,23964,15177,1520,140717,14282,198306,45160,18344
"6.23.22",318998,130,9898,43306,8168,4656,235117,6687,33003,271843,6888,23190,69586,4864,254382,57434,12477,10190,3082401,46051,44513,3615,18021,75219,1048,3259,102135,30307,18800,640372,77225,3636,656180,341349,14899,624697,873486,165934,190260,62908,156208,99529,390211,57596,38360,340,7720,98868,100252,143576,24049,15224,1530,141217,14380,199146,45414,18430
"6.24.22",319060,130,9899,43325,8169,4658,235211,6689,33015,271905,6897,23194,69639,4867,255815,57437,12477,10231,3088482,46066,44537,3624,18025,75235,1048,3260,102188,30308,18800,645088,77246,3638,656229,341394,14901,624731,883070,165967,190287,62940,156243,99557,390259,57608,38372,340,7727,98909,100272,143607,24049,15227,1530,141286,14392,199183,45425,18436
"6.25.22",319094,130,9901,43339,8170,4661,235237,6691,33019,271941,6897,23199,69669,4871,255815,57441,12477,10231,3088482,46072,44549,3624,18028,75244,1048,3261,102214,30309,18806,645088,77258,3638,656273,341417,14903,624756,883070,165994,190313,62945,156256,99560,390312,57619,38381,340,7728,98923,100289,143632,24050,15233,1530,141343,14398,199212,45434,18436
"6.26.22",319109,130,9902,43361,8170,4661,235280,6694,33025,271967,6899,23210,69694,4875,255815,57441,12478,10231,3088482,46075,44556,3624,18033,75247,1048,3261,102243,30313,18810,645088,77278,3638,656315,341445,14904,624784,883070,166012,190328,62955,156277,99573,390340,57622,38395,340,7731,98944,100300,143651,24051,15238,1532,141381,14401,199241,45440,18437
"6.27.22",322381,130,9974,43631,8217,4673,237232,6784,33286,273655,6916,23398,70158,4903,255815,57693,12557,10231,3102110,46330,44995,3651,18151,75599,1053,3266,102740,30547,18914,645088,77761,3664,659613,343898,15017,627741,883070,167874,191402,63317,157885,100267,394460,58189,38598,340,7767,99709,101209,144373,24155,15295,1546,141981,14499,200450,45932,18534
"6.28.22",322436,130,9976,43651,8217,4675,237296,6790,33304,273725,6923,23410,70224,4912,257276,57696,12562,10254,3105867,46342,45008,3670,18157,75634,1054,3266,102801,30550,18928,649278,77784,3665,659679,343950,15020,627788,889129,167900,191444,63354,157919,100281,394514,58197,38616,340,7774,99741,101228,144393,24158,15297,1548,142068,14507,200512,45940,18537
"6.29.22",322473,130,9977,43669,8217,4676,237359,6792,33315,273782,6928,23417,70301,4918,257276,57701,12564,10254,3112364,46359,45015,3682,18169,75652,1055,3268,102848,30553,18932,649278,77793,3666,659726,344013,15021,627834,889129,167924,191480,63391,157944,100298,394572,58205,38629,340,7780,99759,101244,144415,24160,15301,1550,142142,14513,200591,45946,18541
"6.30.22",324898,130,10015,43880,8258,4696,239037,6855,33546,275060,6949,23532,70617,4941,257276,57934,12615,10254,3118053,46552,45277,3693,18266,76024,1063,3288,103399,30758,19043,649278,78164,3695,662797,345998,15147,631064,889129,169410,192410,63725,159243,100840,398262,58544,38819,340,7815,101240,101781,145043,24264,15356,1562,142626,14636,201629,46307,18629
"7.1.22",324954,130,10018,43897,8259,4698,239108,6858,33556,275109,6949,23538,70649,4941,257276,57937,12618,10292,3125299,46579,45284,3696,18272,76041,1064,3289,103462,30764,19050,654017,78192,3696,662867,346037,15150,631106,895480,169440,192441,63753,159274,100852,398307,58558,38838,340,7822,101272,101802,145070,24266,15359,1564,142701,14642,201704,46324,18635
"7.2.22",324985,130,10020,43915,8259,4698,239151,6860,33564,275164,6949,23547,70676,4947,257276,57941,12619,10292,3125299,46593,45297,3696,18276,76045,1065,3290,103493,30764,19055,654017,78212,3696,662920,346060,15151,631140,895480,169479,192474,63765,159290,100861,398343,58571,38848,340,7824,101289,101821,145101,24266,15361,1564,142743,14649,201740,46339,18635
"7.3.22",325012,130,10021,43928,8259,4700,239203,6860,33568,275201,6950,23551,70697,4949,257276,57941,12621,10292,3125299,46597,45314,3696,18276,76054,1066,3290,103531,30764,19061,654017,78226,3696,662965,346085,15160,631175,895480,169503,192500,63779,159309,100872,398373,58582,38859,340,7825,101305,101829,145118,24266,15362,1565,142784,14658,201765,46346,18635
"7.4.22",327921,130,10082,44142,8296,4715,241190,6941,33763,276765,6964,23652,71152,4972,257276,58241,12685,10292,3140615,46816,45706,3696,18353,76386,1067,3301,104012,30971,19182,654017,78747,3718,667179,348257,15297,635236,895480,171256,193617,64198,160858,101588,402327,59153,39033,347,7860,102055,102486,145841,24421,15429,1575,143388,14735,203087,46767,18745
"7.5.22",328005,130,10083,44160,8296,4717,241291,6945,33781,276895,6970,23666,71272,4982,259925,58245,12687,10306,3143536,46842,45717,3718,18399,76434,1071,3303,104082,30975,19190,658590,78777,3719,667274,348355,15302,635311,901334,171316,193683,64269,160897,101611,402395,59175,39062,347,7866,102091,102513,145900,24423,15443,1577,143500,14739,203193,46785,18745
"7.6.22",328062,130,10087,44181,8297,4719,241367,6950,33790,276982,6971,23677,71370,4992,259925,58259,12690,10306,3148370,46867,45727,3730,18415,76465,1071,3306,104134,30980,19200,658590,78798,3720,667361,348426,15309,635389,901334,171342,193756,64311,160919,101640,402458,59191,39086,347,7878,102115,102531,145939,24425,15447,1579,143581,14746,203256,46795,18746
"7.7.22",330203,130,10121,44309,8321,4727,242640,6995,33919,277964,6980,23757,71831,5013,259925,58429,12716,10306,3153690,47018,45972,3747,18497,76684,1074,3316,104563,31099,19239,658590,79107,3744,669417,349716,15392,637432,901334,172694,194296,64498,161924,102009,405241,59358,39201,348,7898,102610,102948,146373,24502,15489,1592,143992,14817,203999,47796,18820
"7.8.22",330253,130,10128,44329,8326,4728,242716,6999,33930,278069,6982,23773,71941,5021,261393,58433,12716,10323,3153690,47034,45983,3756,18502,76717,1077,3318,104626,31107,19244,662789,79132,3745,669480,349767,15392,637496,906609,172747,194347,64530,161933,102024,405292,59372,39218,349,7903,102623,102967,146409,24504,15498,1593,144085,14822,204080,47809,18822
"7.9.22",330297,130,10130,44343,8326,4728,242765,7001,33938,278122,6985,23784,71981,5025,261393,58434,12719,10323,3153690,47048,45999,3756,18506,76727,1077,3319,104656,31108,19246,662789,79146,3745,669538,349795,15395,637539,906609,172774,194364,64545,161947,102028,405314,59380,39226,349,7906,102637,102984,146425,24505,15500,1594,144153,14828,204119,47821,18823
"7.10.22",330321,130,10132,44357,8327,4729,242824,7001,33943,278163,6985,23794,72034,5026,261393,58436,12720,10323,3153690,47056,46010,3756,18516,76732,1081,3319,104705,31111,19250,662789,79154,3747,669593,349816,15396,637590,906609,172795,194393,64564,161962,102038,405342,59389,39236,349,7908,102652,102990,146458,24505,15509,1595,144211,14830,204166,47835,18823
"7.11.22",333775,130,10188,44619,8378,4757,245033,7131,34154,280450,7014,23985,72626,5059,261393,58855,12811,10323,3178242,47387,46364,3777,18636,77201,1091,3333,105355,31338,19415,662789,79662,3766,675003,352416,15553,642542,906609,174572,195779,65101,163545,102851,409549,60075,39432,347,7939,103513,103765,147452,24672,15599,1618,145135,14978,205731,48145,18944
"7.12.22",333836,130,10194,44638,8380,4760,245093,7141,34165,280533,7016,24004,72737,5063,263145,58864,12813,10342,3183359,47432,46373,3783,18650,77236,1093,3334,105421,31338,19417,668092,79678,3768,675088,352467,15556,642633,914120,174600,195826,65133,163578,102864,409607,60089,39462,347,7946,103531,103785,147485,24679,15606,1619,145240,14980,205819,48160,18947
"7.13.22",333881,130,10201,44657,8382,4763,245169,7144,34171,280624,7020,24021,72837,5063,263145,58874,12818,10342,3189901,47447,46382,3794,18674,77268,1096,3334,105509,31341,19424,668092,79693,3769,675183,352514,15562,642721,914120,174624,195884,65163,163597,102881,409649,60098,39481,347,7948,103556,103813,147522,24681,15613,1619,145340,14984,205919,48168,18960
"7.14.22",336336,130,10251,44910,8432,4774,247055,7214,34365,282253,7038,24198,73458,5087,263145,59177,12881,10342,3198377,47724,46603,3801,18777,77687,1105,3338,106129,31487,19524,668092,80049,3822,679136,354272,15663,646343,914120,175870,196832,65514,164700,103441,412740,60512,39659,349,7976,104077,104336,148157,24804,15683,1632,146003,15110,207044,48434,19071
"7.15.22",336398,130,10257,44916,8436,4776,247142,7216,34374,282349,7041,24213,73573,5092,264803,59188,12883,10348,3207071,47782,46609,3812,18783,77714,1105,3338,106207,31491,19533,669504,80070,3823,679210,354319,15667,646421,915641,175917,196874,65560,164721,103453,412783,60526,39671,349,7984,104090,104359,148183,24805,15688,1636,146102,15114,207118,48449,19080
"7.16.22",336433,131,10258,44921,8440,4778,247193,7219,34377,282414,7044,24225,73615,5097,264803,59195,12886,10392,3207071,47801,46620,3812,18788,77726,1105,3339,106234,31492,19535,673640,80096,3825,679272,354347,15667,646462,921307,175957,196919,65572,164738,103460,412812,60538,39678,349,7986,104102,104368,148195,24806,15696,1636,146187,15117,207157,48460,19080
"7.17.22",336451,131,10258,44936,8446,4782,247246,7219,34379,282457,7047,24237,73659,5098,264803,59199,12886,10392,3207071,47814,46627,3812,18791,77737,1105,3340,106276,31494,19542,673640,80112,3826,679323,354362,15671,646524,921307,175973,196949,65592,164748,103480,412838,60543,39682,349,7991,104119,104379,148218,24807,15701,1636,146247,15117,207198,48473,19080
"7.18.22",339414,131,10303,45134,8497,4798,249042,7442,34560,284693,7063,24387,74424,5114,264803,59626,12950,10392,3225697,48134,46958,3826,18900,78136,1105,3351,106834,31672,19629,673640,80513,3853,684303,356397,15774,650911,921307,177405,198161,65921,165999,104229,416243,61034,39854,350,8027,104747,105022,149004,24950,15772,1653,147014,15234,208539,48737,19184
"7.19.22",339446,131,10303,45147,8500,4804,249113,7444,34569,284774,7063,24407,74521,5115,266145,59634,12956,10422,3230019,48162,46968,3828,18911,78162,1105,3351,106914,31675,19641,678224,80529,3854,684413,356455,15779,650983,928479,177430,198220,65946,166019,104250,416295,61046,39870,350,8034,104768,105040,149030,24950,15772,1654,147102,15236,208612,48748,19193
"7.20.22",339470,131,10307,45161,8500,4808,249170,7445,34578,284865,7064,24421,74611,5117,266145,59653,12964,10422,3236632,48185,46981,3839,18922,78194,1105,3351,106995,31679,19648,678224,80546,3856,684508,356497,15781,651056,928479,177449,198282,65984,166042,104272,416347,61061,39884,350,8041,104795,105068,149056,24953,15779,1655,147209,15245,208690,48758,19194
"7.21.22",341332,131,10357,45355,8530,4822,250577,7492,34682,286293,7091,24573,75207,5133,266145,59931,13031,10422,3245259,48448,47182,3855,19032,78570,1136,3357,107537,31823,19707,678224,80820,3888,688017,357998,15867,654419,928479,178486,199162,66205,167137,104803,419064,61456,40059,351,8064,105256,105512,149669,25051,15834,1667,147795,15371,209701,48960,19304
"7.22.22",341379,131,10359,45375,8532,4824,250635,7492,34685,286377,7091,24596,75303,5140,267582,59944,13034,10485,3253323,48470,47186,3865,19038,78595,1136,3358,107612,31823,19713,682670,80843,3888,688091,358041,15870,654484,935595,178538,199210,66235,167152,104823,419102,61471,40073,351,8070,105264,105526,149669,25053,15845,1667,147867,15374,209791,48973,19307
"7.23.22",341408,131,10360,45391,8532,4828,250672,7492,34690,286426,7092,24606,75335,5147,267582,59945,13036,10485,3253323,48481,47194,3865,19046,78607,1136,3359,107646,31823,19720,682670,80851,3888,688155,358066,15870,654529,935595,178567,199242,66247,167164,104829,419129,61479,40078,351,8073,105278,105544,149669,25054,15847,1668,147924,15378,209826,48990,19309
"7.24.22",341425,131,10360,45398,8532,4828,250702,7493,34692,286484,7094,24619,75356,5148,267582,59948,13037,10485,3253323,48487,47204,3865,19053,78622,1136,3359,107667,31824,19722,682670,80861,3888,688195,358084,15879,654572,935595,178583,199265,66258,167178,104860,419154,61491,40084,351,8075,105284,105554,149669,25054,15850,1669,147993,15378,209861,48998,19313
"7.25.22",343975,131,10405,45578,8575,4838,252304,7530,34877,288500,7112,24759,75819,5174,267582,60274,13108,10485,3268588,48796,47493,3865,19163,79009,1148,3366,108220,31977,19792,682670,81198,3896,692356,360188,16019,658488,935595,179923,200266,66551,168276,105534,422595,61999,40228,351,8127,105862,106156,150307,25181,15922,1678,148716,15459,211408,49228,19418
"7.26.22",344034,131,10408,45593,8576,4841,252386,7531,34891,288605,7115,24779,75907,5180,268562,60283,13110,10490,3272097,48822,47500,3879,19176,79040,1150,3367,108330,31978,19800,687593,81204,3897,692435,360251,16021,658545,942000,179938,200342,66584,168297,105559,422681,62012,40236,351,8136,105877,106174,150307,25182,15930,1678,148814,15459,211463,49244,19419
"7.27.22",344074,131,10412,45610,8578,4841,252442,7531,34896,288701,7119,24793,75988,5182,268562,60285,13112,10490,3279517,48848,47511,3879,19187,79065,1150,3368,108417,31984,19803,687593,81224,3898,692514,360322,16023,658614,942000,179953,200402,66611,168308,105582,422719,62029,40251,351,8144,105893,106202,150307,25183,15934,1680,148902,15461,211522,49255,19420
"7.28.22",346059,131,10454,45825,8619,4856,253890,7506,35021,290155,7143,24918,76499,5193,268562,60549,13191,10490,3286471,49079,47735,3879,19308,79493,1151,3377,108943,32115,19856,687593,81495,3916,695873,361766,16093,661905,942000,180963,201316,66835,169119,106106,425238,62396,40401,351,8169,106359,106647,150318,25309,15982,1684,149448,15571,212513,49424,19506
"7.29.22",346107,131,10455,45838,8620,4856,253944,7507,35026,290230,7147,24929,76563,5195,269826,60552,13192,10517,3292692,49088,47740,3896,19319,79533,1151,3378,109018,32117,19862,691839,81516,3916,695924,361795,16098,661949,948173,180993,201364,66855,169132,106137,425271,62408,40416,351,8175,106370,106673,150869,25314,15991,1685,149546,15573,212553,49436,19515
"7.30.22",346135,131,10456,45855,8620,4856,253968,7508,35027,290278,7149,24939,76591,5196,269826,60553,13195,10517,3292692,49099,47748,3896,19331,79549,1151,3379,109053,32118,19864,691839,81530,3916,695969,361814,16099,661983,948173,181005,201389,66867,169141,106147,425292,62411,40423,352,8175,106382,106684,150869,25314,15993,1686,149606,15574,212593,49449,19517
"7.31.22",346154,131,10461,45864,8621,4856,254009,7510,35031,290321,7150,24951,76619,5200,269826,60553,13196,10517,3292692,49104,47750,3896,19335,79556,1151,3380,109100,32121,19868,691839,81543,3916,695998,361825,16102,662026,948173,181015,201419,66880,169159,106166,425311,62418,40424,352,8177,106395,106691,150869,25315,15996,1686,149671,15574,212626,49452,19517
"8.1.22",348744,131,10484,46102,8673,4870,255633,7533,35198,292306,7165,25099,77111,5215,269826,60954,13268,10517,3305972,49415,48050,3896,19432,79945,1152,3385,109666,32283,19936,691839,81949,3923,699925,363827,16190,665504,948173,182128,202533,67193,170299,106820,428348,62868,40623,354,8204,106983,107276,150869,25451,16061,1689,150439,15654,213738,49709,19610
"8.2.22",348782,131,10486,46116,8674,4879,255687,7533,35203,292389,7166,25115,77170,5219,270936,60964,13268,10532,3309285,49446,48074,3914,19441,79976,1152,3387,109741,32287,19941,695546,81963,3923,699973,363866,16190,665563,954080,182142,202575,67207,170311,106845,428378,62880,40633,354,8210,107002,107287,151657,25452,16067,1690,150517,15654,213782,49724,19614
"8.3.22",348815,131,10493,46128,8676,4880,255747,7533,35209,292473,7167,25137,77219,5229,270936,60969,13270,10532,3315921,49469,48082,3914,19455,80016,1152,3389,109811,32290,19941,695546,81976,3923,700024,363914,16194,665614,954080,182156,202620,67234,170317,106871,428413,62887,40644,354,8214,107024,107300,151657,25452,16070,1692,150602,15656,213824,49729,19619
"8.4.22",350451,131,10524,46288,8702,4900,257041,7568,35293,293674,7187,25260,77582,5245,270936,61202,13319,10532,3320781,49708,48262,3932,19538,80349,1163,3394,110302,32412,20000,695546,82222,3943,702546,365293,16266,668277,954080,183023,203387,67502,171079,107328,430461,63211,40745,354,8240,107510,107689,151657,25576,16094,1698,151049,15722,214598,49891,19683
"8.5.22",350494,131,10528,46303,8703,4900,257081,7569,35296,293725,7190,25271,77636,5246,272015,61209,13319,10618,3325622,49749,48290,3932,19544,80387,1163,3394,110365,32413,20006,699194,82234,3943,702589,365318,16272,668332,958860,183052,203427,67524,171086,107349,430492,63212,40758,354,8246,107521,107699,152202,25578,16099,1699,151109,15724,214635,49899,19684
"8.6.22",350505,131,10529,46314,8703,4900,257107,7570,35297,293749,7191,25284,77675,5246,272015,61210,13319,10618,3325622,49759,48296,3932,19546,80393,1163,3394,110400,32414,20007,699194,82241,3943,702634,365339,16274,668359,958860,183072,203461,67532,171096,107357,430524,63216,40761,354,8248,107529,107703,152202,25580,16099,1699,151162,15725,214664,49913,19685
"8.7.22",350517,131,10531,46324,8704,4903,257126,7570,35300,293771,7192,25292,77703,5247,272015,61210,13320,10618,3325622,49765,48301,3932,19547,80398,1163,3394,110445,32415,20008,699194,82248,3943,702673,365348,16276,668395,958860,183082,203497,67537,171103,107369,430545,63223,40771,354,8250,107535,107710,152202,25580,16103,1699,151205,15726,214686,49921,19686
"8.8.22",352389,131,10555,46511,8740,4908,258394,7602,35419,295233,7203,25409,78110,5258,272015,61492,13381,10618,3335973,50015,48548,3949,19624,80691,1165,3398,110957,32588,20059,699194,82548,3952,705857,366856,16383,671277,958860,183888,204455,67873,171991,107958,432812,63616,40874,354,8283,108864,108203,152202,25682,16139,1703,151873,15804,215640,50098,19770
"8.9.22",352432,131,10556,46524,8743,4909,258441,7602,35425,295284,7204,25424,78177,5259,272985,61501,13384,10618,3338352,50038,48560,3950,19634,80720,1165,3398,111038,32589,20066,699194,82558,3953,705909,366895,16386,671335,958860,183905,204497,67895,172002,107974,432839,63619,40882,354,8286,108878,108212,152202,25682,16141,1704,151959,15805,215689,50104,19772
"8.10.22",352471,132,10557,46535,8743,4910,258486,7603,35431,295319,7204,25433,78233,5263,272985,61504,13385,10646,3342851,50049,48564,3950,19643,80750,1166,3399,111105,32591,20068,702170,82565,3953,705963,366928,16390,671395,962838,183924,204539,67918,172017,108003,432863,63628,40885,354,8290,108889,108218,152867,25683,16150,1705,152042,15805,215722,50116,19782
"8.11.22",353855,132,10588,46713,8766,4914,259600,7628,35520,296290,7213,25561,78509,5266,272985,61685,13428,10646,3347143,50230,48697,3963,19706,81008,1168,3404,111475,32681,20114,702170,82813,3967,708047,367871,16467,673403,962838,184553,205260,68129,172673,108405,434600,63864,40971,355,8308,109261,108552,152867,25791,16176,1711,152444,15849,216341,50277,19839
"8.12.22",353885,132,10591,46725,8767,4915,259630,7629,35527,296335,7214,25570,78554,5271,274041,61692,13429,10762,3351082,50255,48704,3963,19708,81043,1168,3404,111529,32682,20116,705498,82824,3968,708091,367903,16468,673451,966720,184570,205292,68153,172682,108425,434624,63868,40983,355,8312,109275,108558,153528,25791,16176,1712,152531,15851,216375,50281,19842
"8.13.22",353898,132,10594,46734,8770,4915,259647,7629,35531,296360,7214,25578,78569,5273,274041,61693,13432,10762,3351082,50261,48711,3963,19715,81050,1168,3404,111562,32683,20118,705498,82834,3968,708122,367920,16469,673467,966720,184578,205311,68159,172686,108430,434645,63870,40991,356,8312,109287,108559,153528,25791,16177,1713,152586,15851,216392,50286,19843
"8.14.22",353913,132,10594,46745,8771,4915,259670,7629,35532,296389,7216,25587,78586,5274,274041,61693,13432,10762,3351082,50268,48714,3972,19718,81056,1168,3405,111598,32684,20120,705498,82840,3968,708154,367931,16474,673493,966720,184584,205333,68164,172698,108443,434666,63875,40995,356,8315,109296,108559,153528,25791,16178,1713,152642,15855,216406,50288,19845
"8.15.22",355191,132,10619,46902,8796,4930,260878,7659,35630,297599,7227,25676,78833,5281,274041,61900,13494,10762,3361061,50471,48909,3975,19772,81373,1169,3410,112044,32827,20168,705498,83117,3973,711312,369362,16560,676247,966720,185311,206199,68392,173398,108957,436565,64168,41098,357,8333,109659,108920,153528,25898,16225,1719,153192,15936,217290,50483,19921
"8.16.22",355224,132,10619,46920,8797,4931,260910,7660,35633,297665,7228,25697,78869,5283,275419,61909,13495,10780,3363706,50510,48915,3975,19777,81421,1169,3410,112110,32827,20169,708154,83126,3973,711371,369401,16562,676317,969868,185316,206237,68410,173404,108979,436596,64173,41108,357,8337,109674,108927,154027,25900,16232,1721,153302,15936,217351,50486,19926
"8.17.22",355240,132,10624,46933,8797,4933,260951,7660,35639,297713,7231,25724,78907,5287,275419,61912,13499,10780,3368366,50531,48920,3983,19790,81464,1169,3411,112179,32828,20172,708154,83134,3973,711419,369436,16565,676385,969868,185322,206267,68417,173417,108999,436621,64178,41117,357,8342,109692,108935,154027,25906,16237,1721,153419,15936,217400,50491,19932
"8.18.22",356317,132,10657,47058,8818,4937,261757,7676,35720,298557,7243,25813,79057,5304,275419,62075,13543,10780,3371673,50713,49038,3984,19870,81724,1174,3413,112537,32909,20228,708154,83315,3980,713338,370559,16609,678441,969868,185895,206964,68589,173911,109379,438123,64401,41247,358,8362,109938,109187,154027,26010,16272,1727,153778,15979,218164,50649,19993
"8.19.22",356351,132,10658,47072,8818,4941,261787,7677,35723,298614,7244,25840,79098,5309,276430,62086,13544,10814,3371673,50731,49049,3984,19871,81755,1174,3414,112573,32909,20232,711000,83319,3980,713386,370618,16612,678491,973084,185919,206993,68602,173919,109388,438157,64407,41251,358,8364,109949,109196,154601,26012,16276,1730,153874,15982,218202,50657,19996
"8.20.22",356378,132,10658,47083,8818,4942,261798,7677,35727,298637,7244,25850,79113,5313,276430,62093,13546,10814,3371673,50735,49055,3984,19879,81760,1174,3414,112603,32911,20233,711000,83327,3980,713416,370646,16614,678507,973084,185936,207016,68604,173924,109392,438173,64412,41251,358,8364,109956,109199,154601,26013,16282,1730,153926,15983,218222,50660,19996
"8.21.22",356396,132,10658,47087,8819,4948,261807,7677,35729,298661,7244,25862,79132,5313,276430,62098,13550,10814,3371673,50741,49057,3984,19880,81768,1174,3416,112631,32911,20235,711000,83331,3980,713444,370670,16617,678545,973084,185937,207043,68612,173927,109399,438189,64416,41253,358,8365,109964,109202,154601,26013,16282,1730,153976,15985,218238,50668,19997
"8.22.22",357777,132,10688,47247,8842,4958,262806,7696,35816,299629,7255,25971,79351,5322,276430,62324,13602,10814,3383792,50941,49192,4003,19948,82058,1176,3422,112989,32980,20307,711000,83534,3985,716036,372006,16667,681522,973084,186535,207715,68835,174537,109866,439982,64710,41343,361,8386,110251,109569,154601,26106,16309,1734,154520,16042,219053,50771,20066
"8.23.22",357810,132,10689,47264,8844,4962,262845,7696,35820,299713,7257,25986,79392,5322,277577,62332,13605,10838,3386161,50966,49200,4010,19965,82100,1176,3422,113038,32983,20313,713190,83541,3985,716105,372090,16668,681590,975954,186549,207755,68848,174549,109884,440009,64714,41353,361,8388,110264,109582,155088,26106,16312,1736,154621,16042,219127,50781,20070
"8.24.22",357837,132,10690,47284,8848,4966,262875,7696,35823,299772,7258,25998,79411,5329,277577,62337,13606,10838,3390012,50990,49203,4012,19973,82153,1176,3422,113082,32983,20321,713190,83555,3985,716170,372144,16672,681650,975954,186559,207798,68859,174552,109899,440024,64717,41359,361,8390,110270,109593,155088,26111,16314,1736,154723,16043,219164,50783,20074
"8.25.22",358892,132,10709,47448,8883,4983,263599,7706,35906,300483,7269,26078,79548,5333,277577,62460,13655,10838,3392984,51136,49321,4012,20058,82426,1178,3422,113376,33051,20351,713190,83725,4001,717932,373028,16735,684038,975954,187037,208334,69015,174926,110174,441203,64929,41476,360,8398,110505,109796,155088,26198,16346,1737,155122,16096,219707,50870,20137
"8.26.22",358920,134,10709,47457,8883,4985,263619,7706,35911,300533,7270,26088,79576,5340,278574,62468,13657,10844,3396657,51150,49329,4012,20059,82458,1178,3422,113397,33052,20356,715526,83732,4001,717980,373073,16736,684073,978509,187042,208359,69025,174934,110189,441224,64933,41488,360,8403,110515,109803,155858,26200,16353,1738,155194,16097,219757,50879,20140
"8.27.22",358927,134,10711,47469,8883,4985,263626,7706,35912,300570,7272,26090,79589,5347,278574,62470,13658,10844,3396657,51156,49331,4012,20061,82466,1178,3422,113412,33052,20358,715526,83743,4001,718016,373093,16736,684099,978509,187048,208376,69029,174941,110195,441237,64937,41492,360,8403,110526,109803,155858,26201,16355,1738,155242,16097,219772,50883,20140
"8.28.22",358937,134,10712,47482,8883,4990,263635,7706,35916,300586,7272,26098,79599,5347,278574,62473,13662,10844,3396657,51160,49340,4012,20063,82474,1178,3422,113428,33054,20360,715526,83747,4001,718042,373111,16740,684130,978509,187054,208397,69036,174944,110206,441250,64938,41497,360,8403,110534,109806,155858,26201,16356,1740,155291,16098,219785,50887,20141
"8.29.22",360131,134,10741,47607,8920,5002,264492,7724,36028,301417,7288,26173,79819,5351,278574,62670,13705,10844,3403028,51358,49487,4031,20102,82707,1178,3422,113659,33112,20418,715526,83980,4011,720303,374286,16798,686687,978509,187614,208984,69262,175443,110623,442632,65170,41582,362,8417,110860,110135,155858,26301,16388,1745,155802,16160,220443,50961,20223
"8.30.22",360157,134,10742,47623,8922,5002,264516,7724,36032,301457,7291,26180,79858,5355,279785,62674,13706,10862,3405184,51378,49493,4060,20113,82736,1179,3422,113689,33112,20420,717162,83992,4011,720360,374343,16800,686725,980578,187625,209014,69275,175452,110634,442661,65177,41595,362,8418,110871,110141,156349,26304,16389,1745,155870,16160,220466,50971,20228
"8.31.22",360177,134,10742,47638,8924,5004,264535,7724,36035,301556,7292,26184,79893,5358,279785,62678,13708,10862,3408413,51394,49497,4060,20123,82758,1179,3422,113705,33113,20440,717162,84000,4011,720398,374386,16803,686757,980578,187634,209048,69289,175461,110644,442676,65183,41600,362,8420,110878,110148,156349,26304,16396,1746,155923,16160,220504,50979,20230
"9.1.22",361023,134,10770,47785,8943,5002,265415,7731,36104,302296,7307,26254,80031,5364,279785,62807,13753,10862,3410937,51542,49567,4090,20175,82971,1182,3425,113927,33188,20497,717162,84148,4017,721916,375249,16845,688806,980578,188022,209534,69444,175827,110920,443722,65363,41674,363,8437,111167,110356,156349,26376,16437,1750,156214,16206,220991,51066,20290
"9.2.22",361037,134,10770,47799,8944,5002,265437,7733,36105,302357,7307,26261,80053,5365,281001,62809,13755,10886,3413783,51545,49575,4093,20177,82986,1183,3426,113948,33188,20497,719074,84155,4017,721956,375290,16846,688839,982953,188033,209554,69451,175836,110928,443731,65368,41679,363,8438,111171,110363,156941,26378,16440,1753,156258,16206,221008,51073,20290
"9.3.22",361043,134,10770,47811,8944,5002,265448,7734,36106,302379,7307,26264,80066,5366,281001,62812,13756,10886,3413783,51549,49585,4093,20178,82989,1183,3426,113965,33188,20499,719074,84161,4017,721970,375298,16846,688855,982953,188049,209572,69452,175839,110930,443745,65370,41682,363,8438,111176,110365,156941,26378,16442,1753,156281,16207,221021,51077,20293
"9.4.22",361048,134,10771,47819,8944,5003,265453,7734,36108,302395,7307,26264,80076,5368,281001,62812,13756,10886,3413783,51550,49587,4093,20181,82992,1183,3427,113976,33188,20499,719074,84163,4017,721995,375308,16847,688878,982953,188054,209581,69455,175848,110934,443752,65371,41685,363,8438,111181,110365,156941,26379,16443,1753,156319,16207,221032,51079,20294
"9.5.22",361918,134,10794,47944,8960,5012,266145,7741,36161,303101,7313,26337,80165,5378,281001,62981,13796,10886,3418798,51687,49686,4093,20214,83165,1183,3428,114182,33243,20556,719074,84295,4018,723623,376162,16880,690843,982953,188314,210054,69552,176225,111230,444904,65570,41754,363,8463,111393,110597,156941,26436,16493,1759,156608,16241,221535,51169,20344
"9.6.22",361927,134,10794,47957,8961,5015,266164,7743,36167,303169,7317,26343,80209,5380,281763,62984,13798,10896,3420213,51709,49686,4105,20225,83196,1184,3431,114203,33246,20561,720364,84300,4018,723674,376226,16883,690875,984681,188321,210069,69569,176233,111235,444922,65574,41767,363,8463,111411,110604,157250,26438,16494,1760,156667,16242,221571,51177,20346
"9.7.22",361941,134,10794,47968,8963,5015,266191,7743,36173,303202,7319,26348,80237,5386,281763,62989,13814,10896,3421995,51714,49690,4126,20232,83213,1184,3432,114220,33246,20565,720364,84302,4018,723708,376266,16883,690891,984681,188333,210082,69571,176243,111240,444937,65574,41790,363,8467,111423,110607,157250,26438,16497,1760,156704,16242,221588,51188,20347
"9.8.22",362486,134,10807,48060,8972,5022,266673,7751,36222,303637,7325,26386,80430,5402,281763,63051,13831,10896,3423672,51780,49787,4128,20278,83340,1188,3436,114322,33302,20590,720364,84421,4025,724959,376747,16951,692852,984681,188469,210432,69595,176522,111420,445626,65645,41854,363,8475,111606,110999,157250,26491,16519,1761,156860,16277,221926,51217,20392
"9.9.22",362497,134,10807,48070,8973,5022,266691,7751,36224,303660,7325,26390,80451,5404,282623,63053,13831,10899,3425863,51786,49791,4139,20278,83352,1188,3437,114343,33302,20591,720953,84425,4025,724983,376771,16951,692863,985049,188477,210449,69601,176526,111425,445638,65648,41863,363,8476,111618,111005,157355,26491,16522,1761,156889,16278,221950,51225,20396
"9.10.22",362505,135,10807,48075,8973,5023,266702,7751,36226,303671,7325,26395,80459,5412,282623,63053,13832,10912,3425863,51788,49792,4139,20282,83354,1188,3437,114352,33302,20591,721702,84428,4025,724997,376784,16951,692872,986145,188485,210464,69604,176528,111428,445650,65650,41869,363,8476,111623,111005,157552,26492,16522,1761,156907,16278,221964,51225,20396
"9.11.22",362511,135,10808,48076,8973,5023,266712,7751,36227,303682,7326,26399,80470,5412,282623,63053,13832,10912,3425863,51791,49797,4139,20284,83357,1189,3437,114356,33302,20591,721702,84430,4025,725008,376794,16951,692887,986145,188488,210472,69606,176536,111430,445661,65652,41872,363,8476,111626,111005,157552,26492,16522,1761,156920,16278,221978,51228,20397
"9.12.22",362534,135,10811,48083,8974,5025,266740,7752,36235,303704,7326,26412,80498,5421,282623,63056,13835,10912,3430358,51798,49799,4147,20290,83368,1190,3437,114374,33303,20595,721702,84437,4025,725038,376857,16955,692905,986145,188502,210493,69620,176541,111434,445677,65656,41880,363,8482,111632,111011,157552,26493,16525,1761,156952,16278,222002,51231,20400
"9.13.22",363579,135,10830,48198,8985,5036,267678,7779,36302,304337,7334,26490,80689,5430,282623,63202,13871,10912,3431991,51991,49921,4156,20317,83550,1192,3440,114577,33372,20636,721702,84607,4041,726673,377767,17012,695034,986145,188721,210937,69772,176958,111723,446902,65882,42003,363,8514,111885,111268,157552,26577,16558,1764,157241,16327,222624,51329,20460
"9.14.22",363590,135,10830,48204,8987,5036,267688,7779,36306,304355,7336,26499,80699,5433,282623,63204,13871,10912,3433754,51999,49925,4158,20321,83553,1192,3440,114589,33372,20638,721702,84611,4041,726697,377802,17012,695053,986145,188727,210947,69780,176961,111730,446914,65884,42007,363,8515,111894,111270,157552,26578,16559,1764,157271,16327,222640,51334,20461
"9.15.22",363602,135,10830,48211,8989,5036,267702,7779,36312,304370,7339,26502,80716,5435,284494,63208,13872,10919,3435551,52004,49933,4162,20322,83563,1193,3441,114597,33376,20640,723157,84614,4041,726726,377843,17012,695069,987726,188734,210959,69785,176966,111732,446925,65886,42017,363,8516,111899,111274,157859,26578,16562,1768,157294,16327,222650,51340,20462
"9.16.22",363615,135,10830,48216,8992,5036,267720,7779,36314,304380,7340,26510,80731,5438,284494,63208,13873,10922,3437648,52007,49936,4162,20324,83567,1194,3443,114607,33376,20643,723454,84619,4041,726743,377873,17012,695085,987866,188741,210972,69788,176975,111738,446940,65890,42025,363,8519,111905,111276,157910,26578,16564,1769,157314,16327,222664,51342,20464
"9.17.22",363628,135,10830,48219,8992,5036,267727,7779,36316,304389,7340,26510,80736,5440,284494,63208,13873,10922,3437648,52007,49939,4162,20325,83569,1194,3443,114610,33377,20643,723454,84624,4041,726761,377880,17012,695094,987866,188747,210976,69789,176979,111740,446950,65890,42029,363,8519,111908,111276,157910,26578,16565,1769,157332,16327,222675,51347,20464
"9.18.22",363632,135,10830,48224,8994,5036,267730,7779,36316,304399,7342,26516,80744,5442,284494,63210,13873,10922,3437648,52007,49943,4162,20325,83573,1194,3443,114619,33378,20645,723454,84630,4041,726779,377901,17013,695105,987866,188751,210979,69789,176987,111741,446957,65890,42034,363,8520,111911,111277,157910,26578,16566,1769,157344,16327,222684,51352,20464
"9.19.22",363647,135,10830,48235,8997,5036,267741,7779,36319,304424,7342,26524,80766,5443,284494,63214,13876,10922,3441113,52010,49947,4169,20330,83580,1194,3444,114635,33378,20646,723454,84639,4041,726806,377933,17016,695125,987866,188756,210985,69798,176996,111745,446979,65895,42047,363,8522,111922,111280,157910,26578,16568,1773,157374,16328,222697,51355,20464
"9.20.22",364969,135,10876,48370,9018,5046,268723,7801,36394,305039,7356,26609,80978,5454,284494,63380,13911,10922,3442653,52143,50072,4169,20371,83730,1194,3451,114785,33494,20685,723454,84863,4064,728227,378775,17073,697907,987866,188927,211437,70038,177553,112023,448264,66125,42168,363,8541,112223,111574,157910,26657,16594,1778,157609,16386,223336,51419,20541
"9.21.22",364982,135,10876,48380,9018,5046,268736,7801,36398,305052,7357,26612,80989,5457,284494,63381,13911,10922,3444076,52148,50077,4171,20373,83732,1194,3451,114794,33495,20685,723454,84868,4064,728255,378799,17073,697922,987866,188933,211442,70046,177557,112028,448277,66130,42172,363,8541,112230,111575,157910,26657,16594,1778,157631,16387,223341,51423,20541
"9.22.22",364995,135,10876,48389,9019,5046,268745,7801,36401,305064,7358,26614,80999,5460,286398,63381,13912,10931,3445630,52148,50077,4173,20374,83732,1194,3451,114803,33495,20685,724933,84872,4064,728273,378816,17075,697928,990755,188942,211448,70053,177558,112030,448285,66134,42177,363,8542,112233,111581,158269,26657,16594,1778,157648,16390,223348,51429,20541
"9.23.22",365000,135,10876,48393,9025,5046,268759,7801,36404,305080,7358,26616,81012,5462,286398,63381,13912,10934,3447249,52148,50079,4173,20374,83734,1194,3452,114812,33496,20686,725251,84878,4064,728281,378836,17076,697943,991029,188948,211456,70055,177561,112033,448300,66145,42183,363,8543,112238,111582,158598,26657,16596,1778,157664,16391,223355,51435,20544
"9.24.22",365012,135,10876,48396,9025,5046,268763,7801,36406,305089,7359,26623,81019,5466,286398,63381,13912,10934,3447249,52148,50081,4173,20374,83735,1194,3452,114822,33496,20687,725251,84884,4064,728291,378841,17076,697950,991029,188953,211467,70056,177566,112034,448314,66147,42188,363,8543,112241,111583,158598,26657,16598,1778,157682,16391,223361,51435,20544
"9.25.22",365019,135,10877,48398,9025,5047,268767,7801,36410,305096,7359,26624,81025,5466,286398,63381,13913,10934,3447249,52151,50081,4173,20375,83735,1195,3452,114827,33497,20690,725251,84890,4064,728301,378850,17076,697960,991029,188959,211474,70057,177575,112034,448327,66150,42190,363,8543,112242,111586,158598,26657,16599,1778,157699,16391,223368,51437,20545
"9.26.22",365040,135,10879,48405,9030,5053,268786,7801,36413,305122,7359,26628,81038,5467,286398,63382,13915,10934,3450411,52156,50081,4174,20382,83742,1195,3454,114838,33498,20690,725251,84903,4064,728320,378887,17076,697982,991029,188964,211491,70065,177584,112035,448348,66158,42199,363,8544,112246,111589,158598,26657,16599,1778,157721,16392,223381,51442,20546
"9.27.22",366064,135,10913,48504,9055,5062,270020,7819,36495,305785,7374,26736,81181,5470,286398,63490,13945,10934,3451726,52202,50265,4179,20421,83988,1196,3457,115021,33576,20754,725251,85103,4077,729547,380073,17114,699668,991029,190566,211937,70179,178256,112292,449931,66322,42295,364,8564,112573,111895,158598,26724,16635,1781,157879,16440,223829,51580,20595
"9.28.22",366078,135,10915,48509,9055,5062,270029,7819,36497,305794,7374,26741,81187,5472,286398,63490,13946,10934,3453057,52203,50269,4180,20427,83994,1196,3457,115037,33576,20755,725251,85108,4077,729572,380102,17114,699684,991029,190568,211944,70180,178259,112298,449952,66327,42303,364,8564,112575,111898,158598,26724,16636,1784,157897,16440,223839,51581,20596
"9.29.22",366094,135,10915,48517,9055,5062,270042,7819,36499,305811,7374,26744,81194,5472,288301,63494,13946,10949,3454542,52204,50270,4183,20431,84000,1197,3457,115045,33578,20768,726813,85111,4077,729590,380126,17117,699704,993234,190572,211947,70188,178266,112303,449961,66328,42308,364,8565,112577,111904,158847,26725,16636,1786,157906,16440,223842,51584,20599
"9.30.22",366109,135,10916,48522,9056,5062,270052,7819,36504,305820,7374,26746,81206,5474,288301,63495,13946,10955,3456407,52207,50274,4183,20431,84001,1197,3457,115052,33578,20771,727251,85120,4078,729602,380146,17118,699716,993465,190584,211956,70194,178268,112306,449972,66334,42314,364,8566,112582,111906,159014,26725,16637,1789,157926,16440,223851,51586,20599
"10.1.22",366115,135,10916,48524,9056,5063,270054,7819,36508,305828,7374,26749,81214,5476,288301,63495,13946,10955,3456407,52208,50275,4183,20435,84001,1197,3457,115058,33578,20771,727251,85126,4078,729614,380152,17118,699729,993465,190590,211959,70197,178272,112306,449984,66336,42318,364,8566,112585,111908,159014,26725,16637,1789,157939,16440,223856,51586,20599
"10.2.22",366118,135,10916,48531,9057,5065,270057,7819,36508,305830,7374,26750,81224,5476,288301,63495,13946,10955,3456407,52208,50275,4183,20439,84003,1197,3457,115065,33578,20772,727251,85128,4078,729628,380161,17121,699741,993465,190596,211965,70200,178274,112308,449987,66342,42322,364,8568,112587,111910,159014,26725,16638,1789,157953,16440,223864,51588,20600
"10.3.22",366132,135,10916,48533,9058,5065,270069,7819,36509,305843,7374,26759,81247,5478,288301,63496,13946,10955,3458848,52211,50280,4183,20442,84007,1197,3457,115078,33580,20772,727251,85131,4079,729647,380194,17121,699769,993465,190602,211969,70209,178278,112315,450006,66349,42325,364,8569,112594,111913,159014,26725,16644,1789,157972,16440,223883,51593,20602
"10.4.22",367268,135,10928,48612,9072,5078,270937,7831,36593,306456,7375,26848,81369,5487,288301,63594,13980,10955,3459997,52290,50469,4183,20490,84129,1200,3461,115213,33667,20840,727251,85331,4103,730732,381052,17157,701896,993465,191065,212355,70374,178903,112575,451447,66583,42385,365,8583,112934,112235,159014,26786,16683,1792,158189,16482,224406,51741,20640
"10.5.22",367282,135,10928,48614,9074,5078,270944,7831,36594,306462,7375,26849,81384,5489,288301,63595,13980,10955,3461037,52292,50469,4183,20496,84131,1200,3462,115218,33667,20840,727251,85335,4104,730748,381081,17158,701904,993465,191068,212362,70383,178905,112577,451454,66585,42390,365,8583,112936,112238,159014,26787,16685,1792,158199,16482,224411,51744,20642
"10.6.22",367292,135,10928,48617,9074,5078,270955,7831,36594,306468,7376,26854,81398,5492,289862,63596,13981,10955,3462836,52295,50473,4183,20501,84134,1200,3462,115223,33667,20840,727251,85338,4105,730766,381093,17158,701914,993465,191074,212372,70388,178906,112580,451461,66585,42397,365,8585,112940,112238,159014,26788,16686,1792,158221,16482,224414,51746,20645
"10.7.22",367303,136,10928,48622,9075,5078,270959,7831,36596,306474,7377,26862,81406,5493,289862,63598,13981,10960,3464157,52295,50475,4183,20502,84135,1200,3462,115232,33667,20841,729116,85340,4105,730776,381109,17159,701925,996765,191076,212379,70392,178908,112582,451469,66588,42403,365,8585,112944,112239,159432,26788,16687,1794,158226,16483,224424,51748,20645
"10.8.22",367306,136,10928,48624,9075,5079,270960,7832,36598,306477,7378,26869,81412,5495,289862,63598,13981,10960,3464157,52297,50477,4183,20503,84137,1200,3462,115236,33667,20845,729116,85344,4105,730788,381118,17159,701930,996765,191083,212380,70393,178909,112583,451476,66589,42406,365,8586,112948,112240,159432,26788,16689,1794,158239,16483,224429,51752,20645
"10.9.22",367315,136,10929,48630,9075,5079,270963,7832,36599,306480,7378,26875,81418,5497,289862,63598,13981,10960,3464157,52297,50483,4183,20506,84138,1200,3462,115238,33667,20846,729116,85347,4105,730802,381120,17159,701938,996765,191087,212385,70394,178912,112585,451487,66589,42411,365,8587,112954,112240,159432,26788,16690,1794,158245,16483,224433,51753,20645
"10.10.22",367337,136,10929,48631,9075,5079,270976,7832,36599,306491,7379,26881,81438,5499,289862,63599,13981,10960,3464157,52299,50489,4187,20506,84143,1200,3462,115248,33668,20848,729116,85350,4105,730814,381140,17159,701947,996765,191090,212390,70401,178915,112589,451502,66591,42418,365,8588,112956,112241,159432,26789,16690,1794,158265,16483,224438,51756,20645
"10.11.22",368338,136,10943,48747,9088,5090,271751,7840,36654,306909,7401,26968,81614,5504,289862,63672,14001,10960,3467319,52352,50681,4187,20540,84239,1206,3463,115323,33736,20883,729116,85489,4119,731913,381926,17194,703272,996765,191633,212677,70508,179449,112826,452652,66809,42491,365,8604,113207,112504,159432,26820,16711,1800,158398,16511,224864,51833,20665
"10.12.22",368346,136,10943,48747,9089,5090,271756,7840,36654,306922,7402,26978,81632,5505,289862,63677,14003,10960,3468152,52353,50685,4187,20542,84240,1206,3464,115331,33737,20885,729116,85491,4120,731923,381944,17195,703281,996765,191634,212682,70520,179453,112828,452661,66811,42501,365,8606,113209,112508,159432,26820,16714,1801,158410,16511,224870,51839,20665
"10.13.22",368362,136,10943,48748,9089,5090,271766,7840,36655,306931,7402,26982,81641,5506,290664,63680,14003,10963,3469663,52355,50688,4187,20544,84244,1206,3465,115341,33737,20886,730633,85495,4121,731945,381965,17197,703292,998667,191635,212687,70524,179455,112829,452670,66811,42508,365,8609,113212,112509,159588,26820,16715,1803,158431,16511,224872,51843,20667
"10.14.22",368378,136,10943,48753,9089,5090,271775,7840,36658,306939,7402,26989,81653,5506,290664,63680,14004,10964,3470848,52358,50692,4187,20544,84248,1206,3466,115352,33738,20888,730956,85499,4121,731961,381980,17197,703298,998737,191638,212694,70534,179456,112833,452674,66813,42513,365,8612,113218,112509,159602,26820,16716,1804,158444,16511,224878,51849,20667
"10.15.22",368390,136,10943,48757,9089,5090,271778,7840,36660,306943,7404,26993,81659,5508,290664,63680,14004,10964,3470848,52364,50693,4187,20545,84249,1206,3466,115356,33738,20890,730956,85503,4121,731971,381985,17197,703311,998737,191642,212698,70536,179456,112833,452682,66814,42513,365,8612,113221,112510,159602,26820,16717,1804,158449,16511,224879,51854,20667
"10.16.22",368402,136,10943,48761,9089,5090,271780,7840,36660,306945,7404,27001,81665,5508,290664,63680,14004,10964,3470848,52364,50695,4187,20545,84250,1207,3466,115366,33738,20892,730956,85504,4121,731987,381992,17198,703318,998737,191643,212700,70539,179462,112835,452688,66819,42515,365,8614,113227,112510,159602,26820,16717,1804,158461,16511,224885,51856,20668
"10.17.22",368420,136,10943,48767,9090,5090,271782,7840,36664,306963,7404,27015,81681,5511,290664,63681,14004,10964,3472418,52366,50696,4187,20547,84251,1207,3466,115377,33738,20894,730956,85509,4121,732015,382019,17199,703325,998737,191653,212707,70542,179464,112837,452702,66823,42524,365,8614,113228,112516,159602,26824,16718,1804,158474,16511,224892,51867,20668
"10.18.22",369275,136,10955,48809,9108,5092,272614,7850,36736,307453,7415,27092,81817,5517,290664,63754,14037,10964,3472418,52410,50842,4187,20584,84368,1208,3472,115475,33808,20930,730956,85642,4132,733137,382797,17228,704313,998737,192141,213083,70632,180004,113034,453939,67100,42590,365,8628,113505,112757,159602,26860,16742,1804,158619,16552,225274,51986,20703
"10.19.22",369289,136,10957,48809,9109,5094,272618,7850,36741,307466,7415,27095,81833,5520,290664,63756,14037,10964,3474708,52412,50844,4187,20584,84375,1208,3472,115483,33808,20930,730956,85645,4132,733154,382817,17231,704333,998737,192143,213096,70634,180008,113037,453958,67103,42594,365,8630,113510,112764,159602,26860,16745,1807,158637,16552,225285,51989,20703
"10.20.22",369301,137,10958,48812,9109,5094,272634,7850,36743,307481,7415,27105,81844,5522,291206,63756,14038,10971,3475930,52413,50845,4187,20586,84378,1208,3473,115490,33809,20932,732065,85650,4132,733176,382832,17231,704339,1000345,192149,213106,70635,180016,113039,453969,67104,42608,365,8633,113512,112767,159831,26860,16747,1807,158657,16552,225298,51997,20704
"10.21.22",369306,137,10958,48814,9110,5095,272638,7851,36745,307489,7415,27111,81855,5525,291206,63758,14038,10970,3476928,52413,50846,4204,20587,84378,1209,3473,115503,33809,20938,732242,85654,4132,733195,382851,17232,704356,1000581,192155,213114,70640,180018,113041,453984,67105,42623,365,8633,113515,112767,159859,26860,16751,1807,158663,16552,225307,52001,20704
"10.22.22",369312,137,10958,48819,9110,5095,272647,7851,36747,307494,7416,27114,81861,5525,291206,63758,14038,10970,3476928,52416,50848,4204,20587,84379,1209,3473,115505,33809,20939,732242,85659,4132,733208,382858,17233,704364,1000581,192159,213118,70640,180021,113041,453993,67105,42630,365,8633,113516,112769,159859,26860,16751,1808,158669,16552,225310,52002,20704
"10.23.22",369318,137,10958,48824,9110,5096,272654,7851,36748,307498,7416,27116,81868,5527,291206,63759,14039,10970,3476928,52417,50852,4204,20587,84379,1209,3473,115514,33809,20939,732242,85664,4132,733226,382869,17233,704370,1000581,192162,213125,70641,180024,113044,454003,67105,42634,365,8633,113516,112770,159859,26860,16753,1808,158680,16552,225315,52002,20705
"10.24.22",369337,137,10958,48826,9110,5098,272666,7851,36750,307512,7418,27123,81886,5527,291206,63762,14039,10970,3481103,52419,50854,4204,20588,84383,1209,3474,115529,33809,20941,732242,85668,4133,733245,382894,17234,704387,1000581,192170,213137,70649,180027,113047,454026,67108,42645,365,8636,113520,112774,159859,26860,16753,1811,158704,16553,225328,52013,20706
"10.25.22",370429,137,10972,48929,9131,5104,273349,7856,36821,307955,7428,27216,81997,5533,291206,63872,14060,10970,3482181,52471,50982,4204,20636,84550,1210,3478,115694,33862,20989,732242,85827,4148,734157,383603,17268,705170,1000581,192615,213494,70759,180488,113214,455142,67403,42742,368,8645,113756,113030,159859,26892,16788,1814,158826,16585,225652,52107,20746
"10.26.22",370446,137,10972,48929,9131,5104,273357,7856,36823,307970,7428,27219,82004,5534,291206,63873,14060,10970,3483444,52475,50984,4204,20637,84553,1211,3479,115706,33863,20992,732242,85831,4148,734170,383642,17270,705180,1000581,192626,213501,70762,180490,113220,455152,67407,42748,368,8649,113762,113031,159859,26892,16789,1818,158843,16585,225663,52116,20746
"10.27.22",370462,137,10972,48937,9132,5104,273362,7856,36824,307990,7429,27226,82015,5536,291898,63873,14060,10982,3484615,52477,50986,4204,20639,84557,1211,3479,115717,33863,21000,733460,85837,4148,734194,383663,17270,705189,1002167,192630,213513,70764,180495,113225,455171,67408,42753,368,8650,113763,113036,160059,26892,16789,1820,158860,16585,225670,52119,20746
"10.28.22",370476,137,10972,48941,9133,5104,273369,7856,36824,307995,7429,27226,82027,5536,291898,63874,14061,10982,3485787,52480,50986,4222,20640,84562,1211,3479,115733,33865,21003,733616,85842,4148,734218,383682,17270,705199,1002442,192640,213522,70766,180498,113226,455181,67411,42760,368,8651,113765,113036,160096,26893,16789,1823,158882,16585,225677,52121,20747
"10.29.22",370481,137,10973,48944,9133,5104,273373,7856,36826,308002,7431,27227,82035,5536,291898,63874,14061,10982,3485787,52483,50986,4222,20643,84564,1211,3479,115742,33865,21004,733616,85844,4148,734231,383690,17270,705206,1002442,192645,213526,70767,180501,113226,455191,67413,42765,368,8653,113766,113036,160096,26894,16790,1824,158892,16585,225684,52121,20748
"10.30.22",370493,137,10973,48948,9133,5104,273378,7856,36828,308011,7431,27228,82051,5537,291898,63874,14061,10982,3485787,52483,50987,4222,20643,84565,1211,3479,115749,33865,21005,733616,85847,4148,734251,383705,17270,705216,1002442,192647,213535,70769,180502,113229,455200,67415,42768,368,8655,113770,113038,160096,26894,16794,1826,158907,16585,225698,52122,20748
"10.31.22",370517,137,10974,48959,9133,5104,273387,7856,36832,308027,7431,27235,82076,5538,291898,63875,14061,10982,3488288,52489,50988,4222,20644,84570,1211,3479,115760,33867,21010,733616,85850,4148,734284,383743,17270,705238,1002442,192657,213558,70773,180507,113234,455208,67418,42773,368,8656,113773,113042,160096,26894,16798,1827,158928,16586,225712,52130,20749
"11.1.22",371646,137,10991,49113,9148,5113,274125,7870,36945,308575,7436,27289,82212,5544,291898,63993,14092,10982,3489106,52546,51148,4222,20672,84698,1212,3481,115898,33904,21045,733616,85999,4163,735285,384524,17310,706243,1002442,193241,213913,70861,181034,113424,456402,67606,42841,368,8677,114088,113261,160096,26939,16825,1842,159057,16602,226063,52216,20799
"11.2.22",371665,137,10992,49121,9148,5114,274134,7870,36947,308588,7438,27295,82220,5545,291898,63996,14095,10982,3490492,52556,51150,4222,20678,84706,1213,3482,115909,33905,21048,733616,86009,4163,735318,384551,17311,706256,1002442,193251,213918,70864,181037,113430,456414,67607,42858,368,8679,114092,113265,160096,26939,16830,1842,159077,16602,226077,52217,20799
"11.3.22",371688,137,10994,49128,9148,5115,274151,7870,36950,308605,7440,27297,82238,5545,292459,64003,14102,11000,3491716,52559,51152,4222,20679,84711,1215,3482,115918,33905,21053,734728,86016,4163,735340,384585,17311,706283,1004205,193255,213930,70871,181045,113436,456427,67608,42872,368,8686,114098,113267,160388,26939,16835,1845,159093,16602,226087,52219,20799
"11.4.22",371713,137,10996,49137,9148,5115,274159,7871,36950,308624,7441,27305,82276,5546,292459,64008,14103,11000,3493150,52561,51152,4222,20680,84715,1215,3482,115933,33907,21055,734916,86020,4163,735377,384615,17311,706300,1004519,193260,213945,70873,181046,113440,456444,67610,42886,368,8688,114105,113267,160425,26940,16839,1846,159115,16603,226099,52221,20799
"11.5.22",371732,137,10996,49142,9148,5115,274163,7871,36950,308633,7442,27307,82284,5547,292459,64013,14103,11000,3493150,52562,51153,4222,20682,84716,1216,3482,115945,33908,21064,734916,86022,4164,735409,384628,17311,706307,1004519,193266,213950,70875,181049,113442,456455,67610,42895,368,8688,114108,113268,160425,26940,16850,1846,159136,16603,226109,52222,20799
"11.6.22",371742,137,10996,49145,9148,5115,274166,7871,36954,308644,7443,27309,82297,5547,292459,64016,14103,11000,3493150,52564,51153,4222,20683,84718,1216,3483,115955,33909,21068,734916,86026,4165,735433,384645,17311,706317,1004519,193271,213957,70875,181053,113444,456470,67611,42904,368,8690,114110,113273,160425,26940,16852,1846,159155,16603,226118,52227,20800
"11.7.22",371762,137,10997,49150,9148,5115,274176,7871,36958,308667,7450,27318,82336,5549,292459,64026,14107,11000,3496108,52571,51156,4236,20686,84729,1216,3485,115977,33909,21082,734916,86031,4165,735471,384692,17311,706350,1004519,193284,213968,70878,181060,113454,456497,67615,42924,368,8691,114116,113275,160425,26941,16867,1846,159189,16603,226140,52238,20801
"11.8.22",372984,137,11023,49241,9162,5117,274940,7874,37050,309158,7465,27393,82531,5565,292459,64132,14140,11000,3497583,52630,51274,4236,20723,84825,1218,3487,116162,33935,21125,734916,86206,4168,736748,385554,17338,707523,1004519,194272,214354,70964,181791,113622,457827,67767,43007,369,8704,114408,113449,160425,27008,16910,1847,159419,16658,226508,52408,20842
"11.9.22",373011,137,11023,49249,9162,5117,274957,7877,37052,309175,7465,27400,82589,5568,292459,64134,14141,11000,3500252,52634,51281,4236,20723,84830,1218,3489,116171,33935,21128,734916,86211,4168,736786,385595,17339,707562,1004519,194286,214364,70967,181794,113625,457845,67769,43023,369,8708,114415,113450,160425,27008,16911,1848,159448,16658,226517,52414,20843
"11.10.22",373036,137,11023,49259,9164,5120,274967,7877,37053,309187,7465,27405,82637,5572,293173,64139,14145,11012,3500252,52637,51285,4236,20726,84834,1218,3490,116192,33936,21134,735991,86217,4168,736810,385634,17340,707580,1006587,194291,214376,70970,181796,113628,457858,67771,43032,369,8709,114421,113455,160673,27009,16914,1850,159471,16658,226539,52416,20849
"11.11.22",373047,137,11023,49263,9166,5122,274972,7877,37054,309199,7465,27409,82670,5574,293173,64140,14146,11012,3500252,52643,51285,4236,20727,84836,1218,3490,116221,33937,21136,736190,86223,4168,736851,385651,17340,707603,1006956,194300,214386,70972,181801,113634,457880,67776,43036,369,8710,114424,113456,160700,27009,16917,1850,159510,16659,226553,52417,20850
"11.12.22",373060,137,11023,49270,9166,5123,274977,7877,37057,309212,7465,27412,82683,5577,293173,64145,14146,11012,3500252,52649,51286,4236,20727,84839,1218,3490,116238,33938,21136,736190,86226,4168,736877,385662,17340,707619,1006956,194313,214395,70973,181804,113636,457886,67776,43040,369,8710,114427,113458,160700,27009,16919,1850,159531,16659,226568,52418,20850
"11.13.22",373076,137,11023,49280,9167,5124,274979,7877,37059,309223,7465,27419,82695,5577,293173,64150,14146,11012,3500252,52649,51287,4236,20727,84841,1218,3490,116262,33938,21137,736190,86230,4168,736915,385675,17340,707638,1006956,194322,214403,70976,181813,113639,457902,67779,43044,369,8711,114433,113462,160700,27009,16926,1851,159546,16659,226579,52421,20852
"11.14.22",373102,137,11024,49288,9170,5126,274996,7877,37062,309254,7465,27427,82744,5578,293173,64167,14147,11012,3506367,52662,51288,4251,20738,84850,1221,3490,116296,33939,21150,736190,86233,4168,736979,385728,17341,707674,1006956,194334,214419,70977,181817,113650,457923,67782,43055,369,8713,114436,113466,160700,27011,16930,1853,159584,16659,226593,52424,20854
"11.15.22",374862,137,11052,49418,9192,5133,276078,7897,37252,310098,7487,27515,83075,5593,293173,64374,14198,11012,3507936,52757,51481,4251,20783,85063,1230,3498,116571,34041,21222,736190,86726,4174,738780,387360,17402,709279,1006956,195235,215027,71109,182496,113894,459777,68082,43168,368,8741,114954,113778,160700,27116,16972,1863,159872,16737,227110,52566,20913
"11.16.22",374874,137,11052,49425,9192,5133,276100,7897,37257,310135,7488,27522,83111,5597,293173,64377,14198,11012,3511076,52760,51484,4251,20787,85071,1230,3498,116604,34042,21228,736190,86734,4174,738831,387398,17402,709312,1006956,195248,215043,71114,182502,113899,459792,68087,43182,368,8741,114961,113784,160700,27117,16977,1863,159914,16737,227122,52572,20915
"11.17.22",374897,137,11052,49441,9193,5134,276120,7897,37258,310162,7489,27528,83174,5604,293943,64381,14198,11036,3513008,52766,51489,4251,20789,85077,1230,3498,116628,34045,21231,737842,86736,4174,738894,387433,17404,709333,1009168,195259,215055,71119,182508,113909,459811,68089,43189,368,8742,114967,113786,161030,27117,16991,1864,159950,16737,227144,52579,20915
"11.18.22",374927,137,11052,49452,9195,5134,276129,7897,37258,310188,7493,27532,83213,5606,293943,64387,14198,11036,3515225,52770,51493,4251,20789,85080,1230,3498,116653,34046,21235,738011,86742,4174,738942,387467,17406,709367,1009382,195278,215095,71122,182510,113912,459836,68091,43198,368,8742,114971,113787,161038,27117,16993,1867,159980,16737,227165,52584,20917
"11.19.22",374944,137,11052,49459,9195,5134,276136,7897,37259,310208,7493,27536,83224,5611,293943,64389,14198,11036,3515225,52776,51497,4251,20790,85084,1231,3499,116666,34046,21244,738011,86748,4175,738987,387486,17406,709390,1009382,195300,215109,71125,182519,113916,459852,68094,43202,368,8742,114973,113789,161038,27117,16994,1868,160013,16737,227186,52589,20917
"11.20.22",374964,137,11052,49469,9197,5134,276139,7897,37260,310229,7493,27542,83232,5615,293943,64391,14198,11036,3515225,52777,51497,4251,20795,85088,1231,3499,116679,34048,21247,738011,86753,4175,739041,387496,17406,709418,1009382,195304,215137,71129,182525,113921,459868,68096,43209,368,8742,114978,113790,161038,27117,16995,1868,160035,16738,227201,52591,20917
"11.21.22",374999,137,11053,49487,9197,5134,276157,7897,37264,310280,7494,27545,83281,5616,293943,64392,14204,11036,3520094,52782,51501,4295,20798,85095,1231,3499,116707,34051,21255,738011,86756,4175,739122,387526,17407,709471,1009382,195325,215159,71133,182541,113932,459897,68100,43221,368,8743,114987,113792,161038,27118,16995,1871,160078,16739,227225,52601,20917
"11.22.22",376820,137,11078,49643,9237,5146,277416,7907,37424,311383,7531,27653,83613,5647,293943,64695,14269,11036,3521712,52914,51680,4295,20849,85334,1238,3507,116959,34178,21334,738011,87118,4183,741040,388994,17472,711507,1009382,196150,215985,71290,183258,114234,461996,68407,43335,369,8764,115537,114100,161038,27206,17071,1877,160437,16819,227996,52742,20994
"11.23.22",376861,137,11078,49652,9238,5146,277437,7907,37429,311423,7536,27664,83708,5649,293943,64697,14271,11036,3524896,52925,51682,4295,20853,85341,1241,3507,116980,34181,21345,738011,87126,4183,741121,389022,17474,711543,1009382,196163,216016,71303,183268,114248,462024,68411,43341,369,8764,115540,114109,161038,27207,17072,1878,160481,16820,228017,52750,20994
"11.24.22",376874,139,11078,49663,9238,5146,277441,7907,37430,311446,7537,27666,83714,5650,293943,64698,14271,11084,3524896,52928,51684,4295,20856,85345,1241,3507,116988,34181,21346,739990,87130,4183,741150,389039,17474,711562,1012154,196166,216036,71303,183273,114250,462041,68411,43343,369,8764,115542,114109,161486,27207,17073,1878,160501,16820,228025,52753,20995
"11.25.22",376900,139,11078,49678,9238,5146,277450,7907,37432,311495,7539,27671,83725,5651,293943,64703,14271,11084,3530105,52936,51685,4295,20859,85350,1241,3507,117002,34181,21350,740187,87141,4183,741237,389062,17475,711614,1012391,196183,216069,71308,183278,114252,462057,68412,43349,369,8764,115545,114111,161550,27207,17076,1879,160534,16822,228063,52755,20995
"11.26.22",376930,139,11079,49692,9238,5146,277464,7907,37438,311527,7541,27674,83757,5657,293943,64703,14271,11084,3530105,52944,51687,4295,20862,85355,1241,3507,117029,34181,21354,740187,87147,4183,741319,389095,17475,711651,1012391,196211,216088,71316,183287,114254,462092,68414,43354,369,8764,115553,114111,161550,27207,17081,1879,160571,16823,228088,52762,20996
"11.27.22",376957,139,11080,49704,9238,5147,277477,7908,37438,311555,7547,27682,83773,5659,293943,64704,14272,11084,3530105,52953,51693,4295,20862,85363,1241,3508,117047,34181,21361,740187,87155,4183,741389,389128,17475,711702,1012391,196220,216122,71319,183297,114263,462128,68417,43359,369,8764,115560,114115,161550,27208,17088,1879,160629,16824,228111,52767,20996
"11.28.22",377037,139,11081,49724,9239,5149,277526,7911,37444,311613,7549,27703,83843,5662,293943,64716,14274,11084,3535493,52971,51707,4295,20874,85389,1241,3509,117078,34183,21372,740187,87174,4184,741528,389216,17478,711809,1012391,196251,216197,71340,183319,114289,462179,68423,43374,369,8766,115576,114117,161550,27209,17106,1879,160706,16826,228160,52774,20999
"11.29.22",378507,139,11099,49876,9264,5159,278632,7929,37591,312670,7572,27808,84191,5700,293943,64907,14313,11084,3538009,53128,51931,4295,20926,85702,1244,3515,117315,34308,21464,740187,87470,4185,743853,390582,17571,714154,1012391,197149,216944,71492,184042,114645,464204,68657,43454,369,8788,116066,114476,161550,27279,17154,1882,161099,16890,228893,52891,21073
"11.30.22",378564,139,11099,49895,9264,5163,278652,7929,37594,312730,7573,27825,84279,5705,293943,64910,14313,11084,3542744,53153,51935,4295,20930,85728,1244,3515,117347,34308,21470,740187,87480,4186,743963,390631,17575,714231,1012391,197165,216982,71502,184053,114655,464258,68661,43469,369,8789,116073,114486,161550,27280,17163,1882,161140,16892,228934,52902,21074
"12.1.22",378604,139,11099,49921,9265,5164,278671,7930,37597,312777,7579,27836,84370,5708,295863,64921,14313,11103,3547200,53158,51941,4295,20935,85751,1245,3515,117367,34308,21475,742393,87488,4186,744065,390667,17577,714312,1012395,197182,217033,71518,184071,114671,464299,68667,43478,369,8790,116080,114492,161934,27283,17168,1883,161192,16894,228977,52908,21074
"12.2.22",378654,140,11099,49936,9268,5168,278691,7930,37604,312832,7582,27841,84470,5712,295863,64924,14313,11102,3552019,53171,51954,4336,20935,85766,1246,3516,117381,34309,21478,742428,87498,4186,744165,390727,17580,714389,1016893,197210,217058,71532,184079,114678,464342,68674,43486,369,8791,116085,114505,161920,27284,17173,1884,161248,16894,229008,52913,21074
"12.3.22",378680,140,11099,49950,9268,5168,278698,7930,37604,312863,7583,27845,84488,5714,295863,64926,14314,11102,3552019,53172,51957,4336,20935,85772,1247,3517,117399,34313,21483,742428,87505,4186,744230,390762,17583,714421,1016893,197224,217075,71542,184089,114680,464366,68678,43488,369,8791,116091,114512,161920,27284,17177,1885,161291,16896,229034,52914,21074
"12.4.22",378714,140,11099,49960,9268,5168,278715,7931,37606,312885,7583,27856,84510,5715,295863,64928,14315,11102,3552019,53175,51962,4336,20936,85784,1248,3517,117416,34313,21485,742428,87506,4187,744291,390783,17586,714468,1016893,197231,217098,71547,184098,114686,464403,68689,43491,369,8791,116100,114514,161920,27284,17180,1885,161325,16899,229054,52921,21075
"12.5.22",378773,140,11099,49976,9270,5168,278752,7931,37614,312959,7586,27866,84617,5717,295863,64943,14316,11102,3562059,53185,51971,4336,20940,85822,1248,3517,117441,34322,21497,742428,87519,4189,744416,390855,17586,714542,1016893,197267,217132,71561,184113,114695,464461,68700,43515,369,8792,116106,114521,161920,27295,17181,1885,161386,16900,229097,52930,21077
"12.6.22",382066,140,11145,50254,9322,5188,280942,7976,37865,314837,7607,28004,85316,5755,295863,65280,14378,11102,3565418,53440,52315,4336,21002,86294,1261,3518,117807,34509,21667,742428,88025,4214,748961,393482,17864,719463,1016893,198934,218497,71820,185631,115334,469015,69318,43672,369,8830,116846,115109,161920,27404,17285,1889,162050,17010,230483,53152,21169
"12.7.22",382106,140,11146,50265,9324,5188,280972,7976,37867,314889,7612,28014,85384,5759,295863,65285,14378,11102,3570525,53468,52320,4336,21004,86316,1262,3518,117833,34510,21676,742428,88036,4214,749072,393516,17868,719523,1016893,198944,218520,71850,185654,115351,469065,69320,43683,369,8833,116860,115112,161920,27407,17294,1890,162102,17011,230516,53159,21170
"12.8.22",382151,140,11146,50280,9325,5188,281002,7976,37871,314940,7612,28029,85455,5784,297405,65289,14378,11120,3573950,53472,52326,4336,21009,86349,1262,3518,117861,34514,21685,747375,88040,4214,749148,393572,17872,719601,1022622,198957,218550,71870,185664,115359,469103,69330,43694,369,8833,116867,115114,162620,27407,17297,1891,162137,17011,230541,53161,21172
"12.9.22",382196,140,11146,50299,9326,5188,281019,7976,37872,314989,7615,28037,85492,5785,297405,65290,14378,11121,3577685,53475,52335,4378,21010,86361,1262,3518,117889,34515,21687,747533,88046,4214,749227,393637,17872,719653,1023491,198980,218572,71885,185671,115362,469142,69333,43698,369,8834,116872,115118,162658,27410,17300,1893,162189,17011,230577,53165,21175
"12.10.22",382224,140,11147,50309,9328,5188,281031,7976,37874,315040,7616,28041,85497,5787,297405,65290,14378,11121,3577685,53483,52341,4378,21010,86367,1262,3518,117895,34516,21690,747533,88050,4214,749290,393651,17873,719692,1023491,198994,218583,71888,185680,115364,469177,69333,43704,369,8835,116880,115121,162658,27410,17301,1893,162224,17011,230596,53175,21176
"12.11.22",382253,140,11147,50317,9330,5188,281039,7976,37874,315054,7617,28049,85504,5791,297405,65290,14378,11121,3577685,53486,52345,4378,21011,86374,1262,3518,117909,34516,21692,747533,88055,4214,749347,393667,17875,719734,1023491,198997,218603,71894,185688,115374,469197,69337,43707,369,8835,116886,115121,162658,27410,17302,1893,162248,17012,230616,53185,21181
"12.12.22",382295,140,11148,50323,9333,5188,281071,7977,37877,315111,7622,28064,85599,5797,297405,65296,14378,11121,3585468,53496,52349,4378,21020,86401,1262,3519,117933,34522,21700,747533,88066,4214,749474,393736,17875,719792,1023491,199020,218637,71915,185702,115400,469248,69340,43728,369,8838,116892,115131,162658,27411,17310,1894,162295,17013,230657,53195,21185
"12.13.22",385157,140,11190,50536,9366,5201,282941,8001,38032,316634,7644,28184,86104,5826,297405,65588,14440,11121,3587829,53732,52697,4378,21068,86724,1276,3532,118222,34692,21803,747533,88436,4221,753158,395796,18068,723544,1023491,200491,219994,72121,186884,115893,476752,69845,43870,370,8724,117551,115677,162658,27525,17416,1898,162810,17120,231619,53427,21273
"12.14.22",385202,140,11190,50549,9366,5201,282963,8001,38036,316664,7645,28190,86153,5830,297405,65595,14440,11121,3592066,53746,52700,4378,21077,86730,1278,3532,118246,34692,21817,747533,88445,4221,753227,395843,18070,723589,1023491,200499,220027,72136,186895,115901,476782,69850,43882,370,8727,117557,115684,162658,27526,17420,1901,162860,17120,231653,53434,21275
"12.15.22",385243,140,11191,50569,9366,5201,282988,8003,38038,316702,7645,28197,86195,5835,298924,65598,14442,11135,3595218,53752,52704,4378,21078,86747,1278,3533,118281,34693,21820,751008,88452,4222,753308,395882,18071,723648,1028340,200503,220041,72160,186909,115910,476805,69853,43891,370,8728,117568,115694,163303,27526,17423,1906,162907,17121,231672,53445,21276
"12.16.22",385294,140,11191,50588,9368,5201,283003,8003,38044,316751,7647,28204,86224,5837,298924,65603,14442,11136,3598453,53766,52704,4394,21080,86748,1278,3535,118306,34695,21831,751124,88465,4222,753387,395915,18072,723699,1029152,200519,220067,72179,186926,115917,476825,69860,43901,370,8730,117575,115704,163343,27526,17426,1907,162954,17123,231696,53447,21277
"12.17.22",385318,140,11191,50597,9369,5201,283018,8003,38044,316777,7649,28209,86235,5841,298924,65604,14443,11136,3598453,53770,52705,4394,21080,86755,1278,3535,118317,34695,21834,751124,88470,4222,753444,395933,18073,723741,1029152,200538,220079,72183,186937,115918,476852,69863,43905,370,8730,117582,115708,163343,27526,17427,1907,162983,17123,231715,53449,21277
"12.18.22",385337,140,11192,50608,9373,5201,283029,8003,38044,316806,7649,28216,86239,5842,298924,65605,14444,11136,3598453,53775,52710,4394,21084,86764,1278,3535,118328,34696,21834,751124,88471,4222,753516,395947,18075,723774,1029152,200545,220091,72191,186952,115932,476880,69865,43905,370,8730,117586,115717,163343,27527,17430,1908,163012,17124,231744,53454,21277
"12.19.22",385387,140,11192,50628,9378,5201,283052,8004,38050,316857,7651,28240,86287,5844,298924,65608,14444,11136,3605228,53791,52723,4394,21092,86780,1280,3535,118355,34699,21839,751124,88481,4222,753642,396009,18075,723847,1029152,200559,220109,72220,186972,115944,476919,69867,43914,370,8733,117593,115724,163343,27528,17433,1909,163070,17124,231786,53461,21282
"12.20.22",387697,140,11225,50767,9414,5210,284743,8031,38185,318186,7664,28329,86629,5853,298924,65817,14499,11136,3605228,53964,52999,4394,21133,86974,1290,3551,118616,34862,21879,751124,88821,4232,756884,397735,18171,727058,1029152,201852,220997,72440,187938,116394,479925,70277,43985,369,8742,118202,116217,163343,27598,17459,1915,163513,17225,232658,53543,21356
"12.21.22",387733,140,11225,50785,9414,5211,284758,8032,38189,318220,7666,28348,86656,5854,298924,65819,14511,11136,3609228,53973,53003,4394,21139,86987,1290,3555,118639,34863,21890,751124,88830,4233,756972,397765,18173,727107,1029152,201861,221017,72450,187953,116405,479966,70282,43988,369,8744,118208,116227,163343,27599,17463,1919,163540,17229,232709,53553,21357
"12.22.22",387765,139,11225,50799,9419,5211,284779,8043,38193,318245,7667,28364,86682,5855,300623,65821,14511,11145,3612321,53975,53013,4394,21148,86993,1290,3555,118655,34866,21892,754382,88844,4233,757064,397805,18180,727183,1033989,201873,221038,72464,187964,116418,480009,70283,43998,369,8744,118216,116240,163827,27599,17466,1924,163591,17229,232743,53557,21358
"12.23.22",387797,141,11225,50812,9419,5211,284787,8044,38193,318281,7667,28372,86694,5856,300623,65821,14511,11180,3615292,53983,53015,4405,21149,86997,1290,3555,118673,34866,21896,761044,88849,4233,757140,397824,18186,727255,1034654,201897,221048,72487,187972,116434,480033,70291,44003,369,8745,118226,116244,164254,27601,17466,1925,163629,17229,232777,53561,21360
"12.24.22",387824,141,11225,50828,9420,5213,284797,8044,38194,318305,7668,28375,86700,5858,300623,65822,14511,11180,3615292,53984,53016,4405,21151,87002,1290,3556,118691,34867,21902,761044,88855,4233,757197,397832,18188,727298,1034654,201909,221050,72491,187985,116439,480054,70295,44005,369,8745,118234,116245,164254,27601,17466,1925,163655,17230,232799,53562,21361
"12.25.22",387836,141,11225,50836,9421,5213,284800,8044,38195,318307,7668,28382,86707,5858,300623,65823,14512,11180,3615292,53984,53019,4405,21151,87007,1290,3556,118702,34867,21903,761044,88856,4235,757236,397840,18188,727325,1034654,201911,221055,72498,187987,116444,480067,70295,44008,369,8745,118237,116247,164254,27601,17467,1925,163678,17231,232814,53564,21361
"12.26.22",387862,141,11225,50850,9422,5214,284805,8044,38196,318328,7670,28391,86728,5860,300623,65824,14512,11180,3615292,53985,53022,4405,21153,87014,1290,3556,118716,34870,21907,761044,88862,4235,757334,397866,18188,727393,1034654,201917,221068,72509,187994,116446,480107,70299,44013,369,8745,118244,116249,164254,27603,17468,1925,163724,17231,232847,53566,21361
"12.27.22",389831,141,11269,50971,9447,5229,286324,8077,38336,319463,7688,28487,87008,5878,300623,66058,14574,11180,3622250,54150,53258,4405,21242,87260,1294,3566,118921,35034,21994,761044,89211,4244,760308,399473,18294,730386,1034654,202989,221852,72755,188791,116957,482576,70479,44117,370,8768,118942,116712,164254,27728,17535,1929,164237,17312,233721,53699,21466
"12.28.22",389862,141,11269,50980,9447,5229,286341,8080,38339,319503,7689,28507,87025,5889,300623,66058,14574,11180,3624419,54159,53262,4405,21247,87273,1294,3567,118946,35035,21998,761044,89221,4244,760388,399511,18294,730474,1034654,202998,221881,72777,188806,116974,482599,70486,44128,370,8769,118948,116731,164254,27731,17536,1929,164281,17312,233760,53702,21467
"12.29.22",389887,141,11269,50986,9447,5230,286367,8080,38340,319525,7691,28519,87061,5890,300623,66061,14575,11201,3628357,54161,53266,4405,21254,87280,1295,3567,118971,35036,21999,764279,89235,4244,760469,399542,18298,730539,1039389,203005,221903,72786,188821,116991,482616,70490,44137,370,8770,118953,116739,164690,27731,17537,1929,164332,17312,233801,53705,21471
"12.30.22",389922,141,11269,50999,9448,5230,286376,8080,38344,319555,7692,28529,87077,5892,300623,66061,14575,11205,3631736,54177,53273,4462,21254,87285,1295,3568,118990,35037,22001,765292,89240,4244,760555,399566,18300,730583,1039950,203019,221921,72806,188828,116998,482635,70498,44144,370,8774,118965,116748,164769,27734,17539,1929,164366,17312,233840,53710,21473
"12.31.22",389934,141,11269,51003,9448,5231,286387,8080,38346,319567,7693,28532,87079,5894,300623,66061,14575,11205,3631736,54178,53278,4462,21255,87287,1295,3568,119004,35037,22002,765292,89252,4244,760606,399580,18300,730609,1039950,203027,221927,72811,188835,117002,482659,70500,44144,370,8775,118971,116751,164769,27734,17539,1929,164395,17312,233861,53712,21473
"1.1.23",389948,141,11269,51007,9448,5232,286390,8080,38348,319570,7696,28536,87080,5894,300623,66061,14575,11205,3631736,54179,53278,4462,21256,87289,1295,3568,119015,35037,22004,765292,89258,4244,760651,399593,18300,730633,1039950,203033,221932,72813,188842,117008,482683,70503,44145,370,8775,118976,116754,164769,27734,17539,1929,164419,17312,233875,53714,21473
"1.2.23",389974,141,11269,51017,9449,5232,286399,8080,38349,319591,7705,28542,87090,5898,300623,66063,14575,11205,3631736,54182,53281,4462,21257,87296,1295,3569,119033,35038,22005,765292,89265,4244,760720,399619,18301,730674,1039950,203046,221939,72826,188849,117010,482714,70506,44150,370,8775,118986,116757,164769,27734,17540,1929,164459,17312,233901,53716,21474
"1.3.23",391934,141,11296,51103,9483,5237,287807,8117,38496,320730,7720,28599,87316,5918,300623,66259,14628,11205,3638639,54351,53491,4462,21339,87540,1304,3580,119284,35171,22077,765292,89579,4255,763943,401198,18386,733807,1039950,203979,222763,73054,189629,117459,485177,70718,44291,371,8794,119648,117196,164769,27836,17611,1940,164978,17397,234909,53886,21564
"1.4.23",391960,141,11296,51107,9484,5237,287818,8119,38498,320753,7723,28602,87333,5919,300623,66259,14628,11205,3640865,54358,53497,4462,21340,87546,1304,3580,119307,35173,22077,765292,89587,4255,764004,401222,18387,733847,1039950,203982,222779,73074,189636,117473,485202,70723,44291,371,8794,119658,117196,164769,27837,17612,1942,165019,17397,234948,53889,21566
"1.5.23",391987,141,11297,51121,9485,5240,287835,8119,38498,320769,7726,28605,87350,5922,302721,66259,14629,11222,3640865,54362,53500,4462,21346,87549,1304,3580,119334,35173,22079,768603,89590,4255,764059,401261,18387,733878,1044732,203990,222787,73089,189643,117480,485228,70725,44291,371,8794,119664,117200,165295,27838,17613,1942,165051,17397,234968,53889,21568
"1.6.23",392003,141,11297,51128,9485,5240,287839,8119,38498,320785,7727,28612,87363,5923,302721,66259,14631,11222,3646917,54374,53504,4479,21346,87562,1304,3580,119367,35176,22079,768603,89592,4255,764104,401280,18388,733897,1044732,204008,222793,73101,189654,117490,485247,70726,44297,371,8794,119671,117204,165295,27838,17617,1943,165078,17397,234987,53892,21569
"1.7.23",392013,141,11298,51132,9485,5240,287845,8119,38499,320799,7727,28616,87365,5925,302721,66259,14631,11222,3646917,54379,53506,4479,21346,87564,1304,3581,119388,35180,22080,768603,89593,4255,764135,401284,18392,733914,1044732,204014,222798,73106,189661,117493,485263,70731,44299,371,8794,119674,117208,165295,27838,17618,1946,165095,17397,234994,53894,21569
"1.8.23",392029,141,11298,51136,9486,5240,287850,8119,38501,320806,7729,28622,87365,5925,302721,66261,14631,11222,3646917,54379,53506,4479,21347,87564,1304,3581,119394,35181,22081,768603,89595,4255,764159,401291,18392,733932,1044732,204022,222807,73112,189671,117504,485275,70734,44300,371,8794,119676,117208,165295,27839,17620,1946,165107,17397,235016,53896,21569
"1.9.23",392050,141,11299,51142,9486,5242,287863,8119,38501,320820,7729,28632,87374,5926,302721,66263,14631,11222,3652052,54384,53511,4479,21349,87571,1305,3581,119425,35182,22084,768603,89599,4255,764221,401321,18392,733965,1044732,204034,222815,73121,189676,117511,485295,70736,44304,371,8794,119680,117211,165295,27839,17623,1946,165129,17398,235033,53901,21569
"1.10.23",393729,141,11343,51273,9512,5250,289239,8139,38646,322031,7744,28748,87593,5951,302721,66423,14716,11222,3653463,54547,53753,4479,21451,87857,1311,3596,119713,35327,22167,768603,89908,4262,766573,402473,18477,736130,1044732,204867,223584,73464,190531,118042,487348,70946,44402,372,8806,120144,117639,165295,27923,17688,1948,165827,17526,235992,54158,21630
"1.11.23",393741,141,11343,51278,9512,5251,289255,8140,38648,322044,7744,28752,87604,5951,302721,66424,14716,11222,3656051,54550,53755,4479,21453,87863,1311,3597,119737,35327,22168,768603,89911,4262,766604,402498,18477,736153,1044732,204872,223588,73476,190537,118052,487362,70953,44403,372,8806,120148,117641,165295,27923,17689,1948,165848,17526,236006,54160,21631
"1.12.23",393750,142,11343,51279,9513,5252,289264,8140,38648,322062,7744,28754,87613,5953,295773,66424,14716,11245,3657744,54552,53757,4479,21455,87866,1311,3597,119750,35327,22169,771093,89915,4262,766632,402515,18479,736188,1048149,204879,223592,73483,190540,118057,487369,70957,44403,372,8806,120152,117644,165695,27924,17691,1948,165868,17528,236017,54163,21634
"1.13.23",393762,143,11343,51281,9513,5252,289269,8140,38651,322076,7744,28755,87618,5955,304028,66427,14717,11255,3659260,54552,53761,4488,21455,87869,1311,3597,119768,35327,22170,773519,89916,4262,766669,402536,18479,736207,1050110,204888,223597,73497,190542,118058,487377,70958,44409,372,8806,120158,117646,165776,27924,17691,1950,165882,17531,236027,54164,21634
"1.14.23",393770,143,11343,51286,9513,5252,289271,8140,38651,322083,7744,28761,87622,5957,304028,66427,14717,11255,3659260,54552,53764,4488,21455,87869,1311,3597,119774,35328,22171,773519,89916,4262,766684,402541,18480,736215,1050110,204890,223598,73497,190547,118059,487380,70958,44410,372,8806,120164,117646,165776,27924,17692,1950,165897,17531,236032,54166,21634
"1.15.23",393775,143,11343,51290,9514,5252,289274,8140,38652,322090,7744,28764,87622,5957,304028,66428,14717,11255,3659260,54553,53765,4488,21455,87869,1312,3597,119778,35328,22173,773519,89917,4262,766702,402547,18480,736228,1050110,204891,223598,73501,190551,118062,487391,70962,44410,372,8806,120167,117646,165776,27924,17692,1950,165905,17533,236038,54168,21635
"1.16.23",393778,143,11343,51293,9514,5252,289276,8141,38652,322108,7744,28767,87635,5961,304028,66428,14717,11255,3659260,54553,53768,4488,21455,87870,1312,3597,119789,35328,22175,773519,89918,4262,766724,402556,18480,736243,1050110,204897,223602,73503,190556,118064,487396,70963,44411,372,8806,120170,117646,165776,27924,17693,1950,165928,17533,236048,54168,21635
"1.17.23",394684,143,11360,51362,9529,5260,290015,8150,38712,323202,7746,28800,87774,5969,304028,66580,14740,11255,3659260,54635,53879,4488,21483,88033,1316,3602,119918,35393,22206,773519,90099,4264,768350,403132,18509,737366,1050110,205416,223998,73603,190957,118308,488497,71134,44464,372,8822,120443,117830,165776,27974,17715,1954,166194,17594,236504,54265,21674
"1.18.23",394694,143,11361,51365,9529,5260,290023,8150,38714,323214,7746,28803,87776,5976,304028,66583,14740,11255,3663899,54636,53881,4488,21492,88039,1316,3602,119927,35393,22206,773519,90100,4264,768374,403144,18510,737401,1050110,205420,224001,73606,190957,118312,488518,71136,44465,372,8822,120447,117831,165776,27974,17715,1955,166214,17594,236515,54269,21675
"1.19.23",394704,143,11361,51372,9529,5260,290027,8157,38714,323228,7746,28809,87778,5979,305161,66584,14740,11262,3665365,54636,53882,4488,21497,88039,1316,3602,119943,35394,22207,775172,90102,4264,768390,403163,18510,737416,1052422,205422,224005,73614,190960,118325,488526,71139,44467,372,8822,120447,117835,166034,27976,17718,1955,166242,17594,236525,54270,21675
"1.20.23",394712,143,11361,51378,9529,5260,290034,8157,38716,323234,7746,28829,87779,5980,305161,66587,14740,11275,3665365,54637,53882,4498,21498,88042,1317,3603,119961,35394,22207,776054,90102,4264,768423,403178,18511,737433,1052801,205430,224014,73619,190963,118326,488536,71139,44468,372,8822,120450,117835,166300,27976,17718,1955,166265,17594,236539,54271,21676
"1.21.23",394715,143,11362,51379,9529,5260,290035,8158,38717,323240,7747,28835,87781,5980,305161,66587,14740,11275,3665365,54637,53882,4498,21498,88044,1317,3603,119980,35394,22207,776054,90102,4264,768442,403181,18511,737443,1052801,205442,224018,73621,190964,118328,488542,71139,44471,372,8822,120453,117835,166300,27976,17719,1955,166277,17594,236543,54272,21676
"1.22.23",394718,143,11362,51382,9529,5261,290035,8158,38718,323245,7747,28836,87782,5980,305161,66587,14740,11275,3665365,54637,53884,4498,21499,88045,1317,3603,120002,35394,22208,776054,90102,4264,768459,403186,18513,737458,1052801,205447,224024,73623,190966,118330,488544,71139,44471,372,8823,120454,117835,166300,27976,17720,1955,166287,17594,236547,54272,21676
"1.23.23",394725,143,11362,51385,9529,5261,290049,8158,38718,323270,7747,28845,87788,5981,305161,66590,14741,11275,3665365,54639,53886,4498,21500,88054,1317,3603,120032,35394,22211,776054,90103,4264,768496,403209,18513,737494,1052801,205458,224035,73629,190973,118341,488560,71145,44476,372,8823,120458,117838,166300,27978,17723,1955,166322,17594,236558,54273,21676
"1.24.23",395498,143,11404,51434,9542,5272,290587,8176,38779,324559,7752,28874,87922,5988,305161,66711,14772,11275,3669720,54685,54028,4498,21527,88209,1318,3612,120193,35478,22236,776054,90267,4270,769562,403896,18541,738625,1052801,205922,224352,73756,191303,118552,489307,71292,44560,372,8830,120698,118035,166300,28014,17738,1962,166578,17620,236905,54360,21710
"1.25.23",395502,143,11404,51437,9542,5272,290605,8176,38779,324573,7752,28875,87928,5990,305161,66721,14773,11275,3670949,54686,54029,4498,21527,88212,1319,3612,120217,35478,22239,776054,90269,4270,769589,403919,18542,738648,1052801,205932,224387,73763,191309,118563,489323,71297,44561,372,8831,120702,118037,166300,28014,17741,1962,166606,17620,236911,54362,21710
"1.26.23",395512,143,11405,51443,9542,5272,290610,8176,38780,324591,7752,28877,87933,5992,306315,66732,14773,11281,3672125,54687,54030,4498,21530,88217,1319,3612,120240,35478,22239,777297,90271,4270,769619,403935,18542,738658,1054625,205935,224397,73767,191312,118573,489330,71300,44563,372,8831,120707,118040,166493,28014,17741,1962,166630,17620,236917,54363,21712
"1.27.23",395524,143,11405,51448,9542,5272,290618,8180,38780,324613,7753,28883,87939,5993,306315,66737,14773,11285,3673339,54688,54031,4515,21534,88220,1319,3612,120270,35478,22248,777812,90277,4270,769646,403956,18542,738685,1055035,205940,224400,73770,191315,118578,489337,71306,44565,372,8833,120711,118043,166593,28014,17742,1962,166663,17620,236927,54365,21715
"1.28.23",395531,143,11405,51450,9542,5272,290621,8181,38782,324618,7753,28887,87939,5994,306315,66737,14773,11285,3673339,54689,54032,4515,21534,88221,1319,3612,120287,35478,22252,777812,90279,4270,769665,403960,18542,738694,1055035,205948,224403,73775,191319,118579,489342,71310,44566,372,8833,120711,118046,166593,28014,17744,1962,166682,17620,236929,54368,21716
"1.29.23",395543,143,11405,51455,9542,5272,290625,8181,38782,324625,7753,28889,87941,5995,306315,66737,14774,11285,3673339,54690,54033,4515,21535,88221,1319,3612,120304,35478,22258,777812,90280,4270,769690,403969,18543,738704,1055035,205949,224404,73776,191325,118585,489348,71311,44567,372,8833,120713,118047,166593,28014,17744,1962,166700,17620,236936,54371,21716
"1.30.23",395557,143,11405,51463,9542,5273,290633,8181,38785,324652,7753,28899,87957,5995,306315,66750,14775,11285,3673339,54692,54035,4515,21544,88231,1319,3612,120351,35478,22260,777812,90285,4270,769732,404001,18543,738733,1055035,205958,224412,73777,191330,118593,489363,71313,44568,372,8837,120716,118052,166593,28017,17745,1962,166742,17620,236948,54373,21718
"1.31.23",396478,143,11431,51520,9563,5279,291447,8208,38828,325724,7755,28943,88089,6008,306315,66889,14816,11285,3676266,54766,54141,4515,21572,88413,1319,3614,120524,35558,22293,777812,90451,4273,770851,404727,18582,739819,1055035,206595,224748,73944,191982,118836,490878,71452,44585,372,8840,120978,118231,166593,28067,17768,1971,167056,17691,237409,54477,21755
"2.1.23",396494,143,11432,51526,9563,5279,291459,8211,38833,325747,7756,28947,88095,6012,306315,66892,14817,11285,3677849,54770,54143,4515,21572,88415,1320,3614,120568,35558,22297,777812,90454,4273,770890,404748,18582,739846,1055035,206599,224753,73946,191988,118850,490902,71454,44588,372,8841,120983,118235,166593,28067,17770,1972,167082,17692,237413,54480,21755
"2.2.23",396500,143,11432,51534,9563,5280,291470,8213,38835,325762,7757,28954,88108,6016,307235,66892,14819,11292,3679170,54772,54147,4515,21573,88421,1320,3614,120613,35560,22297,779192,90456,4273,770919,404757,18585,739869,1057086,206604,224758,73949,191997,118854,490915,71457,44590,372,8841,120988,118238,166806,28067,17771,1972,167097,17693,237428,54484,21759
"2.3.23",396512,143,11434,51544,9563,5280,291476,8214,38837,325776,7757,28963,88113,6019,307235,66894,14820,11295,3680571,54774,54151,4518,21574,88422,1320,3614,120648,35560,22300,779703,90457,4273,770944,404770,18588,739882,1057398,206608,224763,73955,192002,118860,490930,71461,44590,372,8842,120993,118241,166802,28067,17771,1972,167109,17693,237441,54489,21760
"2.4.23",396520,143,11434,51550,9563,5280,291479,8214,38838,325782,7757,28965,88118,6021,307235,66894,14820,11295,3680571,54774,54151,4518,21574,88422,1320,3614,120664,35560,22301,779703,90460,4273,770956,404777,18589,739902,1057398,206611,224768,73955,192005,118860,490936,71466,44590,372,8842,120993,118246,166802,28068,17772,1972,167124,17693,237447,54490,21760
"2.5.23",396530,143,11434,51557,9563,5281,291482,8215,38838,325786,7757,28966,88118,6021,307235,66894,14820,11295,3680571,54774,54153,4518,21574,88422,1320,3614,120687,35560,22301,779703,90461,4274,770971,404780,18589,739919,1057398,206616,224781,73961,192009,118863,490946,71468,44593,372,8842,120998,118247,166802,28068,17773,1972,167138,17695,237455,54494,21761
"2.6.23",396544,143,11434,51565,9563,5282,291492,8217,38841,325803,7757,28977,88138,6024,307235,66895,14820,11295,3682742,54781,54153,4518,21574,88427,1320,3614,120727,35561,22305,779703,90461,4274,770998,404797,18590,739941,1057398,206620,224789,73967,192012,118865,490969,71473,44595,372,8843,121003,118248,166802,28068,17774,1972,167165,17695,237471,54495,21764
"2.7.23",397620,143,11464,51644,9580,5289,292285,8260,38890,327097,7766,29034,88271,6035,307235,67035,14849,11295,3676372,54856,54280,4518,21612,88629,1321,3619,120991,35673,22342,779703,90647,4277,772177,405555,18643,741072,1057398,207344,225153,74142,192551,119114,492193,71679,44627,372,8857,121475,118513,166802,28123,17794,1973,167496,17743,237831,54585,21787
"2.8.23",397631,143,11464,51654,9580,5289,292297,8260,38893,327130,7768,29038,88275,6038,307235,67036,14849,11295,3676372,54866,54280,4518,21612,88630,1321,3619,121021,35673,22345,779703,90649,4277,772210,405569,18644,741098,1057398,207344,225166,74144,192553,119118,492203,71683,44633,372,8857,121479,118519,166802,28123,17795,1973,167519,17743,237843,54586,21790
"2.9.23",397637,143,11464,51666,9580,5289,292307,8260,38894,327177,7769,29040,88277,6040,308113,67039,14850,11302,3682771,54867,54281,4518,21612,88632,1321,3620,121051,35673,22347,781211,90651,4277,772229,405582,18648,741113,1059413,207348,225172,74149,192559,119120,492215,71686,44636,372,8857,121483,118520,167127,28123,17796,1973,167540,17743,237852,54588,21791
"2.10.23",397649,143,11464,51676,9580,5289,292314,8260,38894,327184,7772,29043,88284,6042,308113,67040,14850,11302,3684071,54879,54282,4518,21612,88633,1321,3620,121080,35673,22350,781660,90652,4277,772254,405595,18648,741131,1059657,207357,225181,74152,192560,119126,492227,71691,44639,372,8857,121485,118521,167175,28123,17796,1973,167560,17743,237865,54593,21792
"2.11.23",397660,143,11464,51677,9580,5289,292321,8260,38894,327188,7774,29045,88285,6042,308113,67041,14850,11302,3684071,54881,54283,4528,21612,88635,1321,3620,121099,35673,22351,781660,90652,4277,772275,405599,18648,741137,1059657,207360,225196,74154,192561,119127,492234,71691,44639,372,8857,121486,118522,167175,28123,17797,1973,167570,17744,237870,54598,21793
"2.12.23",397668,143,11464,51685,9580,5289,292329,8260,38895,327189,7774,29046,88286,6043,308113,67042,14850,11302,3684071,54881,54285,4528,21612,88641,1321,3620,121118,35673,22355,781660,90652,4277,772297,405607,18648,741148,1059657,207360,225202,74154,192564,119128,492242,71691,44641,372,8857,121487,118525,167175,28123,17797,1973,167580,17746,237873,54599,21794
"2.13.23",397681,143,11465,51694,9580,5289,292342,8260,38895,327196,7774,29047,88304,6047,308113,67043,14850,11302,3684071,54895,54286,4528,21613,88644,1321,3620,121142,35673,22359,781660,90653,4277,772324,405618,18648,741163,1059657,207363,225216,74154,192566,119133,492252,71693,44644,372,8858,121494,118528,167175,28123,17798,1973,167598,17746,237886,54601,21795
"2.14.23",398884,143,11490,51781,9598,5302,293022,8360,38968,327876,7789,29197,88470,6055,308113,67146,14875,11302,3684071,54972,54444,4528,21654,88863,1322,3621,121397,35776,22403,781660,90815,4279,773571,406457,18702,742311,1059657,207943,225735,74308,193122,119374,493741,71932,44680,372,8871,121780,118802,167175,28174,17823,1975,167894,17793,238267,54695,21823
"2.15.23",398892,143,11490,51783,9601,5302,293035,8360,38970,327886,7791,29202,88487,6055,308113,67147,14875,11302,3684071,54980,54445,4528,21654,88864,1323,3621,121421,35779,22405,781660,90817,4279,773607,406465,18702,742336,1059657,207950,225742,74310,193126,119377,493755,71933,44681,372,8872,121782,118806,167175,28174,17823,1975,167919,17793,238276,54702,21825
"2.16.23",398909,143,11490,51790,9601,5302,293042,8360,38970,327896,7791,29203,88499,6055,308788,67147,14875,11309,3690118,54984,54445,4528,21654,88868,1323,3621,121448,35779,22406,783075,90819,4279,773630,406481,18703,742352,1061904,207953,225746,74314,193126,119382,493764,71937,44683,372,8873,121786,118808,167465,28174,17823,1975,167932,17796,238281,54707,21825
"2.17.23",398916,143,11490,51795,9601,5303,293046,8360,38971,327900,7791,29204,88509,6056,308788,67148,14875,11310,3691301,54991,54446,4533,21655,88873,1324,3621,121475,35779,22409,783685,90822,4279,773642,406510,18703,742364,1062026,207956,225751,74316,193130,119383,493769,71940,44683,372,8873,121788,118809,167518,28174,17825,1975,167959,17796,238287,54710,21826
"2.18.23",398920,143,11490,51798,9601,5303,293049,8360,38972,327906,7791,29205,88516,6056,308788,67148,14875,11310,3691301,54991,54446,4533,21655,88878,1324,3621,121483,35779,22409,783685,90823,4279,773657,406510,18703,742375,1062026,207956,225759,74317,193130,119383,493774,71945,44683,372,8873,121794,118810,167518,28174,17825,1975,167977,17796,238293,54711,21826
"2.19.23",398923,143,11491,51801,9601,5303,293053,8360,38972,327906,7792,29205,88516,6056,308788,67148,14875,11310,3691301,54991,54448,4533,21655,88881,1324,3621,121498,35779,22409,783685,90825,4279,773669,406511,18706,742385,1062026,207957,225762,74319,193134,119385,493777,71947,44684,372,8873,121796,118810,167518,28174,17825,1975,167985,17798,238295,54711,21826
"2.20.23",398929,143,11492,51807,9601,5303,293055,8360,38974,327909,7792,29206,88532,6056,308788,67150,14875,11310,3691301,54991,54448,4533,21655,88881,1324,3621,121510,35779,22409,783685,90827,4279,773678,406513,18706,742390,1062026,207958,225764,74322,193136,119386,493780,71949,44685,372,8873,121799,118810,167518,28174,17825,1975,167992,17798,238301,54711,21826
"2.21.23",399949,143,11512,51856,9615,5315,293763,8388,39046,328403,7801,29269,88652,6062,308788,67232,14900,11310,3691301,55057,54609,4533,21679,89042,1325,3623,121729,35852,22446,783685,91028,4285,774719,407251,18739,743409,1062026,208567,226207,74431,193658,119612,495075,72112,44717,372,8888,122057,119065,167518,28229,17845,1977,168246,17829,238615,54803,21849
"2.22.23",399949,143,11512,51856,9615,5315,293763,8388,39046,328403,7801,29270,88652,6062,308788,67232,14900,11310,3691301,55057,54609,4533,21679,89042,1325,3623,121733,35852,22447,783685,91028,4285,774719,407258,18739,743409,1062026,208567,226212,74431,193658,119612,495075,72115,44717,372,8889,122057,119065,167518,28229,17845,1977,168252,17829,238615,54803,21849
"2.23.23",399949,143,11512,51857,9615,5315,293763,8388,39046,328404,7801,29270,88652,6062,309529,67232,14900,11312,3696875,55057,54610,4533,21679,89042,1325,3623,121741,35852,22447,785025,91028,4285,774719,407264,18739,743409,1063940,208567,226217,74431,193659,119612,495075,72122,44717,372,8889,122057,119065,167714,28229,17845,1977,168255,17829,238615,54803,21849
"2.24.23",399949,143,11512,51857,9615,5315,293763,8388,39046,328404,7801,29270,88652,6062,309529,67232,14900,11312,3697797,55057,54610,4541,21679,89042,1325,3623,121748,35852,22447,785616,91028,4285,774719,407264,18739,743409,1064093,208567,226217,74431,193659,119612,495075,72122,44717,372,8889,122057,119065,167774,28229,17845,1977,168257,17829,238615,54803,21850
"2.25.23",399949,143,11512,51857,9615,5315,293763,8388,39046,328404,7801,29270,88652,6062,309529,67232,14900,11312,3697797,55057,54610,4541,21679,89042,1325,3623,121754,35852,22447,785616,91028,4285,774719,407264,18739,743409,1064093,208567,226217,74431,193659,119613,495075,72122,44717,372,8889,122057,119065,167774,28229,17845,1977,168258,17829,238615,54803,21850
"2.26.23",399949,143,11512,51857,9615,5315,293763,8388,39046,328404,7801,29270,88652,6062,309529,67232,14900,11312,3697797,55057,54610,4541,21679,89042,1325,3623,121754,35852,22447,785616,91028,4285,774719,407264,18739,743409,1064093,208569,226219,74431,193660,119613,495075,72122,44717,372,8889,122057,119065,167774,28229,17845,1977,168260,17829,238616,54803,21850
"2.27.23",399949,143,11512,51857,9615,5317,293763,8388,39048,328404,7801,29270,88652,6062,309529,67232,14900,11312,3697797,55057,54610,4541,21679,89042,1325,3623,121754,35852,22447,785616,91028,4285,774719,407277,18739,743409,1064093,208569,226224,74431,193661,119613,495075,72122,44717,372,8889,122057,119065,167774,28229,17845,1977,168261,17829,238616,54803,21850
"2.28.23",401161,143,11540,51916,9634,5330,294922,8398,39101,328915,7807,29290,88801,6067,309529,67291,14919,11312,3697797,55118,54762,4541,21706,89166,1326,3628,121945,35936,22468,785616,91209,4290,775726,408153,18777,744286,1064093,209253,226601,74520,194128,119817,496335,72250,44744,372,8903,122359,119314,167774,28269,17858,1979,168505,17871,238910,54901,21884
"3.1.23",401161,143,11540,51916,9634,5330,294922,8398,39101,328915,7807,29290,88801,6067,309529,67291,14919,11312,3697797,55118,54762,4541,21706,89166,1326,3628,121945,35936,22468,785616,91209,4290,775726,408153,18777,744286,1064093,209253,226601,74520,194128,119817,496335,72250,44744,372,8903,122359,119314,167774,28269,17858,1979,168505,17871,238910,54901,21884
"3.2.23",401161,143,11540,51916,9634,5330,294922,8398,39101,328915,7807,29290,88801,6067,310095,67291,14919,11314,3704034,55118,54762,4541,21706,89166,1326,3628,121945,35936,22468,786998,91209,4290,775726,408153,18777,744286,1065953,209253,226601,74520,194128,119817,496335,72250,44744,372,8903,122359,119314,168028,28269,17858,1979,168505,17871,238910,54901,21884
"3.3.23",401161,143,11540,51916,9634,5330,294922,8398,39101,328915,7807,29290,88801,6067,310095,67291,14919,11314,3705381,55118,54762,4545,21706,89166,1326,3628,121945,35936,22468,787618,91209,4290,775726,408153,18777,744286,1066237,209253,226601,74520,194128,119817,496335,72250,44744,372,8903,122359,119314,168094,28269,17858,1979,168505,17871,238910,54901,21884
"3.4.23",401161,143,11540,51916,9634,5330,294922,8398,39101,328915,7807,29290,88801,6067,310095,67291,14919,11314,3705381,55118,54762,4545,21706,89166,1326,3628,121945,35936,22468,787618,91209,4290,775726,408153,18777,744286,1066237,209253,226601,74520,194128,119817,496335,72250,44744,372,8903,122359,119314,168094,28269,17858,1979,168505,17871,238910,54901,21884
"3.5.23",401161,143,11540,51916,9634,5330,294922,8398,39101,328915,7807,29290,88801,6067,310095,67291,14919,11314,3705381,55118,54762,4545,21706,89166,1326,3628,121945,35936,22468,787618,91209,4290,775726,408153,18777,744286,1066237,209253,226601,74520,194128,119817,496335,72250,44744,372,8903,122359,119314,168094,28269,17858,1979,168505,17871,238910,54901,21884
"3.6.23",401161,143,11540,51916,9634,5330,294922,8398,39101,328915,7807,29290,88801,6067,310095,67291,14919,11314,3705381,55118,54762,4545,21706,89166,1326,3628,121945,35936,22468,787618,91209,4290,775726,408153,18777,744286,1066237,209253,226601,74520,194128,119817,496335,72250,44744,372,8903,122359,119314,168094,28269,17858,1979,168505,17871,238910,54901,21884
"3.7.23",402158,143,11553,51967,9650,5341,295632,8405,39170,329447,7810,29323,88971,6072,310095,67356,14941,11314,3705381,55215,54907,4545,21735,89408,1327,3633,122118,35992,22495,787618,91376,4290,776616,409092,18798,745152,1066237,209846,227029,74632,194586,119950,497523,72428,44785,372,8908,122693,119541,168094,28309,17875,1981,168752,17914,239179,54970,21924
"3.8.23",402158,143,11553,51967,9650,5341,295632,8405,39170,329447,7810,29323,88971,6072,310095,67356,14941,11314,3705381,55215,54907,4545,21735,89408,1327,3633,122118,35992,22495,787618,91376,4290,776616,409092,18798,745152,1066237,209846,227029,74632,194586,119950,497523,72428,44785,372,8908,122693,119541,168094,28309,17875,1981,168752,17914,239179,54970,21924
"3.9.23",402160,143,11553,51967,9650,5346,295633,8405,39170,329460,7811,29324,88972,6072,310792,67356,14941,11319,3710586,55217,54908,4545,21739,89409,1327,3633,122120,35992,22495,788663,91376,4290,776620,409095,18800,745179,1067659,209846,227031,74632,194587,119952,497526,72428,44785,372,8908,122718,119546,168343,28309,17875,1981,168754,17914,239184,54973,21924
