"Date","Alameda","Alpine","Amador","Butte","Calaveras","Colusa","Contra Costa","Del Norte","El Dorado","Fresno","Glenn","Humboldt","Imperial","Inyo","Kern","Kings","Lake","Lassen","Los Angeles","Madera","Marin","Mariposa","Mendocino","Merced","Modoc","Mono","Monterey","Napa","Nevada","Orange","Placer","Plumas","Riverside","Sacramento","San Benito","San Bernardino","San Diego","San Francisco","San Joaquin","San Luis Obispo","San Mateo","Santa Barbara","Santa Clara","Santa Cruz","Shasta","Sierra","Siskiyou","Solano","Sonoma","Stanislaus","Sutter","Tehama","Trinity","Tulare","Tuolumne","Ventura","Yolo","Yuba"
"1.22.20",0,0,0,0,0,0,0,0,0,0,0,0,0,0,0,0,0,0,0,0,0,0,0,0,0,0,0,0,0,0,0,0,0,0,0,0,0,0,0,0,0,0,0,0,0,0,0,0,0,0,0,0,0,0,0,0,0,0
"1.23.20",0,0,0,0,0,0,0,0,0,0,0,0,0,0,0,0,0,0,0,0,0,0,0,0,0,0,0,0,0,0,0,0,0,0,0,0,0,0,0,0,0,0,0,0,0,0,0,0,0,0,0,0,0,0,0,0,0,0
"1.24.20",0,0,0,0,0,0,0,0,0,0,0,0,0,0,0,0,0,0,0,0,0,0,0,0,0,0,0,0,0,0,0,0,0,0,0,0,0,0,0,0,0,0,0,0,0,0,0,0,0,0,0,0,0,0,0,0,0,0
"1.25.20",0,0,0,0,0,0,0,0,0,0,0,0,0,0,0,0,0,0,0,0,0,0,0,0,0,0,0,0,0,0,0,0,0,0,0,0,0,0,0,0,0,0,0,0,0,0,0,0,0,0,0,0,0,0,0,0,0,0
"1.26.20",0,0,0,0,0,0,0,0,0,0,0,0,0,0,0,0,0,0,0,0,0,0,0,0,0,0,0,0,0,0,0,0,0,0,0,0,0,0,0,0,0,0,0,0,0,0,0,0,0,0,0,0,0,0,0,0,0,0
"1.27.20",0,0,0,0,0,0,0,0,0,0,0,0,0,0,0,0,0,0,0,0,0,0,0,0,0,0,0,0,0,0,0,0,0,0,0,0,0,0,0,0,0,0,0,0,0,0,0,0,0,0,0,0,0,0,0,0,0,0
"1.28.20",0,0,0,0,0,0,0,0,0,0,0,0,0,0,0,0,0,0,0,0,0,0,0,0,0,0,0,0,0,0,0,0,0,0,0,0,0,0,0,0,0,0,0,0,0,0,0,0,0,0,0,0,0,0,0,0,0,0
"1.29.20",0,0,0,0,0,0,0,0,0,0,0,0,0,0,0,0,0,0,0,0,0,0,0,0,0,0,0,0,0,0,0,0,0,0,0,0,0,0,0,0,0,0,0,0,0,0,0,0,0,0,0,0,0,0,0,0,0,0
"1.30.20",0,0,0,0,0,0,0,0,0,0,0,0,0,0,0,0,0,0,0,0,0,0,0,0,0,0,0,0,0,0,0,0,0,0,0,0,0,0,0,0,0,0,0,0,0,0,0,0,0,0,0,0,0,0,0,0,0,0
"1.31.20",0,0,0,0,0,0,0,0,0,0,0,0,0,0,0,0,0,0,0,0,0,0,0,0,0,0,0,0,0,0,0,0,0,0,0,0,0,0,0,0,0,0,0,0,0,0,0,0,0,0,0,0,0,0,0,0,0,0
"2.1.20",0,0,0,0,0,0,0,0,0,0,0,0,0,0,0,0,0,0,0,0,0,0,0,0,0,0,0,0,0,0,0,0,0,0,0,0,0,0,0,0,0,0,0,0,0,0,0,0,0,0,0,0,0,0,0,0,0,0
"2.2.20",0,0,0,0,0,0,0,0,0,0,0,0,0,0,0,0,0,0,0,0,0,0,0,0,0,0,0,0,0,0,0,0,0,0,0,0,0,0,0,0,0,0,0,0,0,0,0,0,0,0,0,0,0,0,0,0,0,0
"2.3.20",0,0,0,0,0,0,0,0,0,0,0,0,0,0,0,0,0,0,0,0,0,0,0,0,0,0,0,0,0,0,0,0,0,0,0,0,0,0,0,0,0,0,0,0,0,0,0,0,0,0,0,0,0,0,0,0,0,0
"2.4.20",0,0,0,0,0,0,0,0,0,0,0,0,0,0,0,0,0,0,0,0,0,0,0,0,0,0,0,0,0,0,0,0,0,0,0,0,0,0,0,0,0,0,0,0,0,0,0,0,0,0,0,0,0,0,0,0,0,0
"2.5.20",0,0,0,0,0,0,0,0,0,0,0,0,0,0,0,0,0,0,0,0,0,0,0,0,0,0,0,0,0,0,0,0,0,0,0,0,0,0,0,0,0,0,0,0,0,0,0,0,0,0,0,0,0,0,0,0,0,0
"2.6.20",0,0,0,0,0,0,0,0,0,0,0,0,0,0,0,0,0,0,0,0,0,0,0,0,0,0,0,0,0,0,0,0,0,0,0,0,0,0,0,0,0,0,0,0,0,0,0,0,0,0,0,0,0,0,0,0,0,0
"2.7.20",0,0,0,0,0,0,0,0,0,0,0,0,0,0,0,0,0,0,0,0,0,0,0,0,0,0,0,0,0,0,0,0,0,0,0,0,0,0,0,0,0,0,0,0,0,0,0,0,0,0,0,0,0,0,0,0,0,0
"2.8.20",0,0,0,0,0,0,0,0,0,0,0,0,0,0,0,0,0,0,0,0,0,0,0,0,0,0,0,0,0,0,0,0,0,0,0,0,0,0,0,0,0,0,0,0,0,0,0,0,0,0,0,0,0,0,0,0,0,0
"2.9.20",0,0,0,0,0,0,0,0,0,0,0,0,0,0,0,0,0,0,0,0,0,0,0,0,0,0,0,0,0,0,0,0,0,0,0,0,0,0,0,0,0,0,0,0,0,0,0,0,0,0,0,0,0,0,0,0,0,0
"2.10.20",0,0,0,0,0,0,0,0,0,0,0,0,0,0,0,0,0,0,0,0,0,0,0,0,0,0,0,0,0,0,0,0,0,0,0,0,0,0,0,0,0,0,0,0,0,0,0,0,0,0,0,0,0,0,0,0,0,0
"2.11.20",0,0,0,0,0,0,0,0,0,0,0,0,0,0,0,0,0,0,0,0,0,0,0,0,0,0,0,0,0,0,0,0,0,0,0,0,0,0,0,0,0,0,0,0,0,0,0,0,0,0,0,0,0,0,0,0,0,0
"2.12.20",0,0,0,0,0,0,0,0,0,0,0,0,0,0,0,0,0,0,0,0,0,0,0,0,0,0,0,0,0,0,0,0,0,0,0,0,0,0,0,0,0,0,0,0,0,0,0,0,0,0,0,0,0,0,0,0,0,0
"2.13.20",0,0,0,0,0,0,0,0,0,0,0,0,0,0,0,0,0,0,0,0,0,0,0,0,0,0,0,0,0,0,0,0,0,0,0,0,0,0,0,0,0,0,0,0,0,0,0,0,0,0,0,0,0,0,0,0,0,0
"2.14.20",0,0,0,0,0,0,0,0,0,0,0,0,0,0,0,0,0,0,0,0,0,0,0,0,0,0,0,0,0,0,0,0,0,0,0,0,0,0,0,0,0,0,0,0,0,0,0,0,0,0,0,0,0,0,0,0,0,0
"2.15.20",0,0,0,0,0,0,0,0,0,0,0,0,0,0,0,0,0,0,0,0,0,0,0,0,0,0,0,0,0,0,0,0,0,0,0,0,0,0,0,0,0,0,0,0,0,0,0,0,0,0,0,0,0,0,0,0,0,0
"2.16.20",0,0,0,0,0,0,0,0,0,0,0,0,0,0,0,0,0,0,0,0,0,0,0,0,0,0,0,0,0,0,0,0,0,0,0,0,0,0,0,0,0,0,0,0,0,0,0,0,0,0,0,0,0,0,0,0,0,0
"2.17.20",0,0,0,0,0,0,0,0,0,0,0,0,0,0,0,0,0,0,0,0,0,0,0,0,0,0,0,0,0,0,0,0,0,0,0,0,0,0,0,0,0,0,0,0,0,0,0,0,0,0,0,0,0,0,0,0,0,0
"2.18.20",0,0,0,0,0,0,0,0,0,0,0,0,0,0,0,0,0,0,0,0,0,0,0,0,0,0,0,0,0,0,0,0,0,0,0,0,0,0,0,0,0,0,0,0,0,0,0,0,0,0,0,0,0,0,0,0,0,0
"2.19.20",0,0,0,0,0,0,0,0,0,0,0,0,0,0,0,0,0,0,0,0,0,0,0,0,0,0,0,0,0,0,0,0,0,0,0,0,0,0,0,0,0,0,0,0,0,0,0,0,0,0,0,0,0,0,0,0,0,0
"2.20.20",0,0,0,0,0,0,0,0,0,0,0,0,0,0,0,0,0,0,0,0,0,0,0,0,0,0,0,0,0,0,0,0,0,0,0,0,0,0,0,0,0,0,0,0,0,0,0,0,0,0,0,0,0,0,0,0,0,0
"2.21.20",0,0,0,0,0,0,0,0,0,0,0,0,0,0,0,0,0,0,0,0,0,0,0,0,0,0,0,0,0,0,0,0,0,0,0,0,0,0,0,0,0,0,0,0,0,0,0,0,0,0,0,0,0,0,0,0,0,0
"2.22.20",0,0,0,0,0,0,0,0,0,0,0,0,0,0,0,0,0,0,0,0,0,0,0,0,0,0,0,0,0,0,0,0,0,0,0,0,0,0,0,0,0,0,0,0,0,0,0,0,0,0,0,0,0,0,0,0,0,0
"2.23.20",0,0,0,0,0,0,0,0,0,0,0,0,0,0,0,0,0,0,0,0,0,0,0,0,0,0,0,0,0,0,0,0,0,0,0,0,0,0,0,0,0,0,0,0,0,0,0,0,0,0,0,0,0,0,0,0,0,0
"2.24.20",0,0,0,0,0,0,0,0,0,0,0,0,0,0,0,0,0,0,0,0,0,0,0,0,0,0,0,0,0,0,0,0,0,0,0,0,0,0,0,0,0,0,0,0,0,0,0,0,0,0,0,0,0,0,0,0,0,0
"2.25.20",0,0,0,0,0,0,0,0,0,0,0,0,0,0,0,0,0,0,0,0,0,0,0,0,0,0,0,0,0,0,0,0,0,0,0,0,0,0,0,0,0,0,0,0,0,0,0,0,0,0,0,0,0,0,0,0,0,0
"2.26.20",0,0,0,0,0,0,0,0,0,0,0,0,0,0,0,0,0,0,0,0,0,0,0,0,0,0,0,0,0,0,0,0,0,0,0,0,0,0,0,0,0,0,0,0,0,0,0,0,0,0,0,0,0,0,0,0,0,0
"2.27.20",0,0,0,0,0,0,0,0,0,0,0,0,0,0,0,0,0,0,0,0,0,0,0,0,0,0,0,0,0,0,0,0,0,0,0,0,0,0,0,0,0,0,0,0,0,0,0,0,0,0,0,0,0,0,0,0,0,0
"2.28.20",0,0,0,0,0,0,0,0,0,0,0,0,0,0,0,0,0,0,0,0,0,0,0,0,0,0,0,0,0,0,0,0,0,0,0,0,0,0,0,0,0,0,0,0,0,0,0,0,0,0,0,0,0,0,0,0,0,0
"2.29.20",0,0,0,0,0,0,0,0,0,0,0,0,0,0,0,0,0,0,0,0,0,0,0,0,0,0,0,0,0,0,0,0,0,0,0,0,0,0,0,0,0,0,0,0,0,0,0,0,0,0,0,0,0,0,0,0,0,0
"3.1.20",0,0,0,0,0,0,0,0,0,0,0,0,0,0,0,0,0,0,0,0,0,0,0,0,0,0,0,0,0,0,0,0,0,0,0,0,0,0,0,0,0,0,0,0,0,0,0,0,0,0,0,0,0,0,0,0,0,0
"3.2.20",0,0,0,0,0,0,0,0,0,0,0,0,0,0,0,0,0,0,0,0,0,0,0,0,0,0,0,0,0,0,0,0,0,0,0,0,0,0,0,0,0,0,0,0,0,0,0,0,0,0,0,0,0,0,0,0,0,0
"3.3.20",0,0,0,0,0,0,0,0,0,0,0,0,0,0,0,0,0,0,0,0,0,0,0,0,0,0,0,0,0,0,0,0,0,0,0,0,0,0,0,0,0,0,0,0,0,0,0,0,0,0,0,0,0,0,0,0,0,0
"3.4.20",0,0,0,0,0,0,0,0,0,0,0,0,0,0,0,0,0,0,0,0,0,0,0,0,0,0,0,0,0,0,1,0,0,0,0,0,0,0,0,0,0,0,0,0,0,0,0,0,0,0,0,0,0,0,0,0,0,0
"3.5.20",0,0,0,0,0,0,0,0,0,0,0,0,0,0,0,0,0,0,0,0,0,0,0,0,0,0,0,0,0,0,1,0,0,0,0,0,0,0,0,0,0,0,0,0,0,0,0,0,0,0,0,0,0,0,0,0,0,0
"3.6.20",0,0,0,0,0,0,0,0,0,0,0,0,0,0,0,0,0,0,0,0,0,0,0,0,0,0,0,0,0,0,1,0,0,0,0,0,0,0,0,0,0,0,0,0,0,0,0,0,0,0,0,0,0,0,0,0,0,0
"3.7.20",0,0,0,0,0,0,0,0,0,0,0,0,0,0,0,0,0,0,0,0,0,0,0,0,0,0,0,0,0,0,1,0,0,0,0,0,0,0,0,0,0,0,0,0,0,0,0,0,0,0,0,0,0,0,0,0,0,0
"3.8.20",0,0,0,0,0,0,0,0,0,0,0,0,0,0,0,0,0,0,0,0,0,0,0,0,0,0,0,0,0,0,1,0,0,0,0,0,0,0,0,0,0,0,0,0,0,0,0,0,0,0,0,0,0,0,0,0,0,0
"3.9.20",0,0,0,0,0,0,0,0,0,0,0,0,0,0,0,0,0,0,0,0,0,0,0,0,0,0,0,0,0,0,1,0,0,0,0,0,0,0,0,0,0,0,1,0,0,0,0,0,0,0,0,0,0,0,0,0,0,0
"3.10.20",0,0,0,0,0,0,0,0,0,0,0,0,0,0,0,0,0,0,0,0,0,0,0,0,0,0,0,0,0,0,1,0,0,0,0,0,0,0,0,0,0,0,1,0,0,0,0,0,0,0,0,0,0,0,0,0,0,0
"3.11.20",0,0,0,0,0,0,0,0,0,0,0,0,0,0,0,0,0,0,1,0,0,0,0,0,0,0,0,0,0,0,1,0,0,1,0,0,0,0,0,0,0,0,1,0,0,0,0,0,0,0,0,0,0,0,0,0,0,0
"3.12.20",0,0,0,0,0,0,0,0,0,0,0,0,0,0,0,0,0,0,1,0,0,0,0,0,0,0,0,0,0,0,1,0,0,1,0,0,0,0,1,0,0,0,1,0,0,0,0,0,0,0,0,0,0,0,0,0,0,0
"3.13.20",0,0,0,0,0,0,0,0,0,0,0,0,0,0,0,0,0,0,1,0,0,0,0,0,0,0,0,0,0,0,1,0,0,1,0,0,0,0,0,0,0,0,1,0,0,0,0,0,0,0,0,0,0,0,0,0,0,0
"3.14.20",0,0,0,0,0,0,0,0,0,0,0,0,0,0,0,0,0,0,1,0,0,0,0,0,0,0,0,0,0,0,1,0,0,1,0,0,0,0,0,0,0,0,2,0,0,0,0,0,0,0,0,0,0,0,0,0,0,0
"3.15.20",0,0,0,0,0,0,0,0,0,0,0,0,0,0,0,0,0,0,1,0,0,0,0,0,0,0,0,0,0,0,1,0,0,1,0,0,0,0,0,0,1,0,2,0,0,0,0,0,0,0,0,0,0,0,0,0,0,0
"3.16.20",0,0,0,0,0,0,0,0,0,0,0,0,0,0,0,0,0,0,1,0,0,0,0,0,0,0,0,0,0,0,1,0,0,1,0,0,0,0,0,0,1,0,2,0,0,0,0,0,0,0,0,0,0,0,0,0,0,0
"3.17.20",0,0,0,0,0,0,0,0,0,0,0,0,0,0,0,0,0,0,1,0,0,0,0,0,0,0,0,0,0,0,1,0,0,1,0,0,0,0,0,0,1,0,4,0,0,0,0,0,0,0,0,0,0,0,0,0,0,0
"3.18.20",0,0,0,0,0,0,0,0,0,0,0,0,0,0,0,0,0,0,1,0,0,0,0,0,0,0,0,0,0,0,1,0,2,3,0,0,0,0,2,0,1,0,6,0,0,0,0,0,0,0,0,0,0,0,0,0,0,0
"3.19.20",0,0,0,0,0,0,0,0,0,0,0,0,0,0,0,0,0,0,2,0,0,0,0,0,0,0,0,0,0,0,1,0,3,3,0,0,0,0,2,0,1,0,8,0,0,0,0,0,0,0,0,0,0,0,0,0,0,0
"3.20.20",0,0,0,0,0,0,1,0,0,0,0,0,0,0,0,0,0,0,2,0,0,0,0,0,0,0,0,0,0,0,1,0,3,4,1,0,0,0,2,0,1,0,8,0,0,0,0,0,0,0,0,0,0,0,0,0,0,0
"3.21.20",0,0,0,0,0,0,1,0,0,0,0,0,0,0,0,0,0,0,2,0,0,0,0,0,0,0,1,0,0,0,1,0,3,3,1,0,0,0,2,0,1,0,10,0,0,0,0,0,1,0,0,0,0,0,0,0,0,0
"3.22.20",1,0,0,0,0,0,1,0,0,0,0,0,0,0,0,0,0,0,5,0,0,0,0,0,0,0,1,0,0,0,1,0,5,4,1,0,0,0,2,0,1,0,13,0,0,0,0,0,1,0,0,0,0,0,0,0,0,0
"3.23.20",1,0,0,0,0,0,2,0,0,0,0,0,0,0,0,0,0,0,7,0,0,0,0,0,0,0,1,0,0,0,1,0,5,4,1,0,1,0,2,0,1,0,13,0,0,0,0,0,1,0,0,0,0,0,0,0,0,0
"3.24.20",2,0,0,0,0,0,1,0,0,0,0,0,0,0,0,0,0,0,11,0,0,0,0,0,0,0,1,0,0,0,1,0,5,4,1,0,1,1,2,0,2,0,17,0,0,0,0,0,1,0,0,0,0,0,0,1,0,0
"3.25.20",3,0,0,0,0,0,1,0,0,0,0,0,0,0,0,0,0,0,13,0,0,0,0,0,0,0,1,0,0,1,1,0,5,5,1,1,2,1,2,0,5,0,20,0,1,0,0,0,1,0,0,0,0,0,0,1,1,0
"3.26.20",4,0,0,0,0,0,2,0,0,0,0,0,0,0,0,0,0,0,21,0,0,0,0,0,0,0,1,0,0,1,1,0,7,5,1,1,3,1,3,0,5,0,20,0,1,0,0,0,1,0,0,0,0,0,0,1,1,0
"3.27.20",4,0,0,0,0,0,2,0,0,0,0,0,0,0,1,0,0,0,26,1,0,0,0,0,0,0,1,0,0,3,1,0,7,6,1,2,3,2,3,0,7,0,25,0,1,0,0,0,1,0,0,0,0,0,0,2,1,0
"3.28.20",12,0,0,0,0,0,4,0,0,0,0,0,0,0,1,0,0,0,26,2,0,0,0,0,0,0,2,0,0,4,2,0,14,14,2,4,6,6,8,0,17,0,54,0,2,0,0,0,2,0,0,0,0,0,0,4,2,0
"3.29.20",6,0,0,0,0,0,3,0,0,0,0,0,0,0,1,0,0,0,32,1,0,0,0,0,0,0,1,0,0,4,2,0,7,7,1,2,7,5,4,0,12,0,30,1,1,0,0,0,1,0,0,0,0,1,0,2,1,0
"3.30.20",7,0,0,0,0,0,3,0,0,0,0,0,0,0,1,0,0,0,44,1,0,0,0,0,0,0,1,0,0,4,2,0,7,8,1,4,7,5,5,0,11,0,31,1,1,0,0,0,1,0,0,0,0,1,0,2,1,0
"3.31.20",7,0,0,0,0,0,3,0,0,0,0,0,0,0,1,0,0,0,54,1,1,0,0,0,0,0,2,0,0,7,2,0,8,8,1,5,7,5,7,0,12,0,30,1,1,0,0,0,1,0,0,0,0,1,0,4,1,0
"4.1.20",8,0,0,0,0,0,3,0,0,0,0,0,0,0,1,0,0,0,64,1,1,0,0,0,0,1,2,0,0,10,2,0,11,8,1,5,9,6,8,0,13,0,33,1,1,0,0,0,1,0,1,0,0,1,0,5,1,0
"4.2.20",10,0,0,0,0,0,3,0,0,0,0,0,0,0,1,0,0,0,78,1,1,0,0,0,0,1,2,0,0,13,2,0,13,9,1,8,15,6,9,0,13,1,38,1,1,0,0,0,1,0,1,0,0,1,0,5,1,0
"4.3.20",11,0,0,0,0,0,5,0,0,1,0,0,0,0,2,0,0,0,89,2,6,0,0,0,0,1,2,1,1,13,2,0,14,11,1,11,16,6,10,0,13,1,39,1,2,0,0,1,1,0,1,0,0,3,0,6,1,0
"4.4.20",12,0,0,0,0,0,5,0,0,1,0,0,1,0,2,0,0,0,93,2,6,0,0,0,0,1,2,2,1,14,2,0,15,11,1,13,17,6,10,0,17,1,39,1,3,0,0,1,1,0,1,0,0,4,0,6,2,0
"4.5.20",12,0,0,0,0,0,6,0,0,1,0,0,1,0,2,0,0,0,132,2,6,0,0,0,0,1,2,2,1,14,3,0,17,11,1,13,18,6,10,1,19,1,42,1,3,0,0,1,1,0,1,0,0,4,0,6,2,0
"4.6.20",13,0,0,0,0,0,7,0,0,1,0,0,1,0,2,0,0,0,147,2,7,0,0,1,0,1,2,2,1,14,3,0,17,15,1,13,19,6,10,1,20,2,43,1,3,0,0,1,1,0,2,0,0,5,0,6,1,0
"4.7.20",14,0,0,0,0,0,7,0,0,3,0,0,2,0,2,0,0,0,169,2,7,0,0,1,0,1,2,2,1,15,3,0,25,18,2,19,19,6,12,1,22,2,46,1,3,0,0,1,1,0,2,0,0,5,0,6,2,0
"4.8.20",15,0,0,0,0,0,7,0,0,3,0,0,2,0,2,0,0,0,198,2,7,0,0,1,0,1,3,2,1,17,4,0,28,21,2,22,31,7,12,1,22,2,47,1,3,0,0,2,1,0,2,0,0,6,0,7,3,0
"4.9.20",17,0,0,0,0,0,7,0,0,3,0,0,2,0,3,0,0,0,223,2,7,0,0,3,0,1,3,2,1,17,4,0,29,21,2,27,36,8,14,1,23,2,49,1,3,0,0,2,1,0,2,0,0,9,0,9,3,0
"4.10.20",21,0,0,0,0,0,10,0,0,3,0,0,2,0,3,0,0,0,242,2,6,0,0,3,0,1,3,2,1,17,4,0,30,24,2,27,40,10,14,1,24,2,50,1,3,0,0,2,1,1,2,0,0,10,0,9,3,1
"4.11.20",23,0,0,0,0,0,12,0,0,4,0,0,2,0,3,0,0,0,244,2,6,0,0,3,0,1,3,2,1,18,4,0,33,25,2,28,44,11,15,1,25,2,51,1,3,0,0,2,1,2,2,0,0,10,0,9,3,1
"4.12.20",23,0,0,0,0,0,12,0,0,4,0,0,2,0,3,0,0,0,269,2,6,0,0,3,0,1,3,2,1,19,4,0,34,25,2,30,45,11,15,1,25,2,53,1,3,0,0,2,1,2,2,0,0,11,0,9,3,1
"4.13.20",23,0,0,0,0,0,12,0,0,4,0,0,2,0,3,0,0,0,322,2,6,0,0,3,0,1,3,2,1,19,5,0,35,25,2,30,45,12,16,1,25,2,58,1,3,0,0,2,1,4,2,0,0,11,0,9,3,1
"4.14.20",30,0,0,0,0,0,12,0,0,6,0,0,2,0,3,1,0,0,360,2,9,0,0,3,0,1,3,2,1,19,5,0,40,29,2,37,47,14,17,1,28,2,63,2,3,0,0,2,1,4,2,1,0,12,0,11,3,1
"4.15.20",38,0,0,0,0,0,14,0,0,7,0,0,2,0,3,1,0,0,405,2,10,0,0,3,0,1,3,2,1,22,6,0,42,32,2,45,53,16,17,1,28,2,69,2,3,0,0,2,1,4,2,1,0,14,0,13,3,1
"4.16.20",39,0,0,0,0,0,14,0,0,7,0,0,2,0,3,1,0,0,457,2,10,0,0,3,0,1,3,2,1,25,7,0,45,32,2,54,60,16,17,1,29,3,70,2,3,0,0,2,1,4,2,1,0,16,0,13,4,1
"4.17.20",40,0,0,0,0,0,15,0,0,7,0,0,2,0,3,1,0,0,497,2,10,0,0,3,0,1,3,2,1,28,8,0,50,32,2,57,63,19,17,1,31,3,74,2,3,0,0,2,1,4,2,1,0,17,0,13,5,1
"4.18.20",40,0,0,0,0,0,17,0,0,7,0,0,2,0,3,1,0,0,576,2,10,0,0,3,0,1,3,2,1,32,8,0,56,32,2,58,70,19,17,1,31,3,79,2,3,0,0,2,1,4,2,1,0,17,0,13,5,1
"4.19.20",41,0,0,0,0,0,20,0,0,7,0,0,2,0,3,1,0,0,600,2,10,0,0,3,0,1,4,2,1,32,8,0,56,32,2,58,71,19,17,1,31,3,81,2,3,0,0,2,1,4,2,1,0,17,0,13,5,1
"4.20.20",42,0,0,0,0,0,22,0,0,7,0,0,2,0,3,1,0,0,619,2,10,0,0,3,0,1,4,2,1,33,8,0,61,32,2,63,71,19,17,1,31,4,84,2,3,0,0,2,1,4,2,1,0,20,0,13,5,1
"4.21.20",46,0,0,0,0,0,22,0,0,7,0,0,2,0,3,1,0,0,663,2,10,0,0,3,0,1,4,2,1,33,8,0,68,33,2,71,72,20,20,1,34,5,91,2,3,0,0,3,1,4,2,1,0,23,0,14,8,1
"4.22.20",46,0,0,0,0,0,22,0,0,7,0,0,3,0,4,1,0,0,732,2,11,0,0,3,0,1,4,2,1,34,8,0,76,36,2,74,96,21,20,1,40,6,95,2,4,0,0,3,1,5,2,1,0,23,0,15,8,1
"4.23.20",46,0,0,0,0,0,23,0,0,7,0,0,4,0,4,1,0,0,797,2,11,0,0,3,0,1,4,2,1,36,8,0,78,41,2,79,100,21,20,1,42,6,95,2,4,0,0,3,1,5,2,1,0,25,0,16,8,1
"4.24.20",50,0,0,0,0,0,23,0,0,7,0,0,6,0,4,1,0,0,850,2,11,0,0,3,0,1,4,2,1,36,8,0,87,41,2,80,102,22,24,1,43,6,98,2,4,0,0,3,1,5,2,1,0,27,0,16,8,1
"4.25.20",52,0,0,0,0,0,24,0,0,7,0,0,6,1,4,1,0,0,895,2,12,0,0,3,0,1,4,2,1,38,8,0,93,41,2,82,111,22,24,1,46,7,99,2,4,0,0,3,1,5,2,1,0,28,0,16,8,1
"4.26.20",52,0,0,0,0,0,25,0,0,7,0,0,6,1,4,1,0,0,916,2,12,0,0,3,0,1,4,2,1,39,8,0,95,41,2,82,111,23,25,1,46,7,102,2,4,0,0,3,1,6,2,1,0,28,0,17,8,1
"4.27.20",53,0,0,0,0,0,25,0,0,7,0,0,6,1,5,1,0,0,944,2,12,0,0,3,0,1,4,2,1,39,8,0,100,41,2,82,111,23,25,1,46,7,105,2,4,0,0,3,1,7,2,1,0,28,0,17,9,1
"4.28.20",55,0,0,0,0,0,25,0,0,7,0,0,6,1,5,1,0,0,1002,2,12,0,0,3,0,1,5,2,1,42,8,0,113,41,2,89,113,23,25,1,48,7,106,2,4,0,0,3,1,10,2,1,0,30,0,17,10,1
"4.29.20",60,0,0,0,0,0,25,0,0,7,0,0,6,1,6,1,0,0,1056,2,13,0,0,3,0,1,5,2,1,44,8,0,116,41,2,91,120,23,25,1,50,7,108,2,4,0,0,3,2,11,2,1,0,30,0,18,11,1
"4.30.20",60,0,0,0,0,0,25,0,0,7,0,0,6,1,7,1,0,0,1111,2,13,0,0,3,0,1,5,2,1,45,8,0,124,43,2,96,120,26,25,1,52,7,111,2,4,0,0,4,3,12,2,1,0,31,0,18,16,1
"5.1.20",63,0,0,0,0,0,28,0,0,7,0,0,6,1,8,1,0,0,1174,2,13,0,0,3,0,1,5,2,1,50,8,0,132,43,2,98,124,29,25,1,52,7,112,2,4,0,0,4,3,12,2,1,0,32,0,18,18,1
"5.2.20",63,0,0,0,0,0,28,0,0,8,0,0,6,1,8,1,0,0,1209,2,13,0,0,3,0,1,5,2,1,52,8,0,137,43,2,99,134,29,25,1,52,7,115,2,4,0,0,4,3,14,2,1,0,35,0,19,17,1
"5.3.20",64,0,0,0,0,0,28,0,0,8,0,0,6,1,8,1,0,0,1231,2,13,0,0,3,0,1,6,2,1,52,8,0,139,43,2,99,139,30,26,1,53,7,116,2,4,0,0,4,4,14,2,1,0,40,0,19,18,1
"5.4.20",65,0,0,0,0,0,28,0,0,8,0,0,6,1,8,1,0,0,1257,2,13,0,0,3,0,1,6,2,1,57,8,0,147,44,2,99,139,31,26,1,53,7,119,2,4,0,0,4,4,14,2,1,0,40,0,19,18,1
"5.5.20",67,0,0,0,0,0,29,0,0,8,0,0,6,1,11,1,0,0,1315,2,14,0,0,3,0,1,6,2,1,69,8,0,161,48,2,104,144,31,26,1,56,7,124,2,4,0,0,4,3,15,2,1,0,40,0,19,18,1
"5.6.20",67,0,0,0,0,0,29,0,0,8,0,0,6,1,11,1,0,0,1369,2,14,0,0,3,0,1,6,2,1,65,8,0,163,49,2,110,158,32,28,1,57,8,127,2,4,0,0,4,3,18,2,1,0,40,0,19,18,1
"5.7.20",68,0,0,0,0,0,29,0,0,8,0,0,6,1,13,1,0,0,1418,2,14,0,0,3,0,1,6,2,1,66,8,0,170,50,2,115,158,33,28,1,58,8,127,2,4,0,0,4,3,18,2,1,0,41,0,19,18,1
"5.8.20",70,0,0,0,0,0,29,0,0,8,0,0,7,1,15,1,0,0,1470,2,14,0,0,3,0,1,6,2,1,71,8,0,181,51,2,119,165,33,28,1,62,8,128,2,4,0,0,4,3,19,2,1,0,43,0,19,18,1
"5.9.20",71,0,0,0,0,0,31,0,0,8,0,0,7,1,15,1,0,0,1515,2,14,0,0,3,0,1,6,2,1,74,8,0,183,52,2,121,169,34,28,1,65,10,128,2,4,0,0,4,3,20,2,1,0,47,0,19,18,1
"5.10.20",71,0,0,0,0,0,31,0,0,8,0,0,7,1,15,1,0,0,1531,2,14,0,0,3,0,1,6,2,1,76,8,0,193,52,2,121,175,35,29,1,65,10,129,2,4,0,0,4,3,21,2,1,0,47,0,19,20,1
"5.11.20",71,0,0,0,0,0,32,0,0,8,0,0,9,1,15,1,0,0,1570,2,14,0,0,3,0,1,6,2,1,76,8,0,203,52,2,124,175,35,30,1,66,10,129,2,4,0,0,4,3,22,2,1,0,49,0,19,20,1
"5.12.20",74,0,0,0,0,0,32,0,0,9,0,0,9,1,17,1,0,0,1616,2,14,0,0,3,0,1,6,3,1,77,8,0,210,52,2,131,190,35,30,1,66,10,131,2,4,0,0,4,4,23,2,1,0,52,0,20,22,1
"5.13.20",78,0,0,0,0,0,32,0,0,10,0,0,11,1,17,1,0,0,1660,2,14,0,0,3,0,1,6,3,1,80,8,0,216,53,2,140,190,35,31,1,66,10,132,2,4,0,0,4,4,24,2,1,0,54,0,25,22,1
"5.14.20",80,0,0,0,0,0,32,0,0,12,0,0,13,1,21,1,0,0,1711,2,14,0,0,3,0,1,7,3,1,80,8,0,224,55,2,149,200,36,31,1,67,11,134,3,4,0,0,4,4,24,2,1,0,55,0,25,22,1
"5.15.20",83,0,0,0,0,0,33,0,0,14,0,0,14,1,24,2,0,0,1753,2,14,1,0,5,0,1,8,3,1,84,8,0,233,55,2,153,200,36,32,1,68,10,135,3,4,0,0,4,4,24,2,1,0,61,0,25,22,1
"5.16.20",83,0,0,0,0,0,33,0,0,14,0,0,14,1,25,2,0,0,1793,2,14,1,0,5,0,1,8,3,1,86,8,0,243,55,2,155,209,36,32,1,68,10,135,3,4,0,0,4,4,24,2,1,0,63,0,25,22,1
"5.17.20",83,0,0,0,0,0,33,0,0,14,0,0,14,1,25,2,0,0,1821,2,14,1,0,5,0,1,8,3,1,88,8,0,245,56,2,155,209,36,32,1,68,10,135,3,4,0,0,4,4,24,2,1,0,63,0,27,22,1
"5.18.20",84,0,0,0,0,0,33,0,0,14,0,0,14,1,25,2,0,0,1840,2,14,1,0,5,0,1,8,3,1,88,8,0,253,57,2,156,209,36,33,1,68,10,137,3,4,0,0,4,4,25,2,1,0,63,0,27,22,1
"5.19.20",88,0,0,0,0,0,33,0,0,15,0,0,14,1,25,2,0,0,1913,2,14,1,0,5,0,1,8,3,1,88,8,0,265,57,2,158,222,37,33,1,71,10,138,3,4,0,0,4,4,25,2,1,0,68,0,28,22,1
"5.20.20",89,0,0,0,0,0,33,0,0,17,0,0,14,1,25,2,0,0,1973,2,14,1,0,6,0,1,8,3,1,98,8,0,265,56,2,161,230,37,33,1,74,10,138,3,4,0,0,4,4,27,2,1,0,71,0,29,22,1
"5.21.20",89,0,0,0,0,0,36,0,0,20,0,0,14,1,25,2,0,0,2016,2,14,1,0,6,0,1,8,3,1,112,8,0,279,56,2,167,230,37,33,1,74,10,138,3,4,0,0,4,4,27,2,1,0,73,0,30,22,1
"5.22.20",91,0,0,0,0,0,36,0,0,20,0,2,14,1,27,2,0,0,2053,2,14,1,0,6,0,1,8,3,1,118,9,0,283,50,2,173,241,40,33,1,71,9,139,2,4,0,0,4,4,27,2,1,0,73,0,27,22,1
"5.23.20",91,0,0,0,0,0,36,0,0,21,0,2,14,1,29,2,0,0,2092,2,14,1,0,6,0,1,8,3,1,130,9,0,284,50,2,175,249,40,33,1,71,9,139,2,4,0,0,5,4,27,2,1,0,73,0,27,22,1
"5.24.20",92,0,0,0,0,0,37,0,0,22,0,2,14,1,29,2,0,0,2106,2,14,1,0,6,0,1,8,3,1,131,9,0,284,50,2,175,249,40,33,1,71,9,139,2,4,0,0,5,4,27,2,1,0,74,0,27,22,1
"5.25.20",92,0,0,0,0,0,37,0,0,22,0,2,14,1,29,2,0,0,2116,2,14,1,0,6,0,1,8,3,1,133,9,0,284,50,2,175,249,40,33,1,71,9,139,2,4,0,0,5,4,27,2,1,0,76,0,27,22,1
"5.26.20",92,0,0,0,0,0,37,0,0,22,0,2,14,1,29,2,0,0,2145,2,14,1,0,7,0,1,8,3,1,131,9,0,284,50,2,175,249,40,33,1,71,9,139,2,4,0,0,5,4,28,2,1,0,76,0,27,22,1
"5.27.20",94,0,0,0,0,0,37,0,0,27,0,2,14,1,36,3,0,0,2201,2,14,1,0,7,0,1,8,3,1,136,9,0,299,50,2,183,249,40,34,1,71,9,140,2,4,0,0,5,4,29,2,1,0,77,0,28,22,1
"5.28.20",94,0,0,0,0,0,37,0,0,31,0,2,14,1,37,3,0,0,2241,2,14,1,0,7,0,1,10,3,1,142,9,0,304,57,2,191,260,40,34,1,71,9,140,2,4,0,0,6,4,29,2,1,0,79,0,29,22,1
"5.29.20",96,0,0,0,0,0,37,0,0,31,0,2,14,1,37,3,0,0,2294,2,14,1,0,7,0,1,10,3,1,145,9,0,313,57,2,196,260,41,34,1,71,9,141,2,4,0,0,6,4,29,2,1,0,80,0,29,24,1
"5.30.20",96,0,0,0,0,0,37,0,0,31,0,2,14,1,38,3,0,0,2339,2,14,1,0,6,0,1,10,3,1,146,9,0,316,57,2,198,269,41,34,1,71,9,141,2,4,0,0,6,4,30,2,1,0,81,0,30,24,1
"5.31.20",98,0,0,0,0,0,37,0,0,31,0,2,14,1,38,3,0,0,2362,2,14,1,0,6,0,1,10,3,1,147,9,0,321,57,2,198,269,43,34,1,71,9,142,2,4,0,0,6,4,30,2,1,0,82,0,30,24,1
"6.1.20",98,0,0,1,0,0,37,0,0,33,0,2,14,1,38,4,0,0,2386,2,14,1,0,6,0,1,10,3,1,147,9,0,322,58,2,202,269,43,35,1,71,10,142,2,4,0,0,17,4,30,2,1,0,84,0,29,24,1
"6.2.20",99,0,0,1,0,0,37,0,0,34,0,2,19,1,39,5,0,0,2448,2,14,1,0,6,0,1,10,3,1,150,9,0,330,58,2,202,269,43,35,1,71,12,144,2,4,0,0,18,4,31,2,1,0,86,0,30,24,1
"6.3.20",99,0,0,1,0,0,37,0,0,35,0,2,19,1,40,6,0,0,2489,3,14,1,0,7,0,1,10,3,1,158,9,0,335,58,2,203,276,43,35,1,71,12,144,2,5,0,0,18,4,33,2,1,0,88,0,30,24,1
"6.4.20",99,0,0,1,0,0,37,0,0,35,0,2,19,1,45,6,0,0,2532,3,14,1,0,7,0,1,10,3,1,165,9,0,341,58,2,207,283,43,36,1,72,13,144,2,5,0,0,19,4,33,2,1,0,90,0,30,24,1
"6.5.20",102,0,0,1,0,0,37,0,0,38,0,2,19,1,45,6,0,0,2569,3,17,1,0,7,0,1,10,3,1,174,9,0,345,59,2,212,288,43,36,1,72,13,144,2,5,0,0,19,4,34,2,1,0,90,0,30,24,1
"6.6.20",102,0,0,1,0,0,37,0,0,41,0,2,19,1,45,6,0,0,2624,3,17,1,0,7,0,1,10,3,1,176,9,0,345,59,2,214,296,43,37,1,72,13,144,2,5,0,0,19,4,35,2,1,0,90,0,30,24,1
"6.7.20",102,0,0,1,0,0,38,0,0,41,0,2,19,1,45,6,0,0,2645,3,17,1,0,7,0,1,10,3,1,177,9,0,344,59,2,214,296,43,37,1,73,13,146,2,5,0,0,19,4,35,2,1,0,90,0,30,24,1
"6.8.20",103,0,0,1,0,0,41,0,0,42,0,2,21,1,47,6,0,0,2656,3,17,1,0,7,0,1,10,3,1,177,9,0,347,59,2,214,296,43,40,1,74,13,146,2,5,0,0,19,4,36,2,1,0,91,0,30,24,1
"6.9.20",103,0,0,1,0,0,42,0,0,43,0,2,36,1,47,6,0,0,2710,3,17,1,0,7,0,1,11,3,1,185,9,0,354,59,2,217,296,44,41,1,74,13,147,2,5,0,0,18,4,37,2,1,0,91,0,34,24,1
"6.10.20",107,0,0,1,0,0,43,0,0,45,0,3,36,1,51,6,0,0,2768,3,17,1,0,7,0,1,11,3,1,198,9,0,361,59,2,219,305,44,41,1,74,13,149,2,5,0,0,19,4,38,2,1,0,95,0,34,24,1
"6.11.20",108,0,0,1,0,0,43,0,0,45,0,3,36,1,51,6,0,0,2818,3,17,1,0,7,0,1,11,3,1,202,9,0,361,60,2,221,308,44,43,1,74,14,149,2,5,0,0,19,4,39,2,1,0,95,0,34,24,1
"6.12.20",109,0,0,1,0,0,43,0,0,47,0,3,36,1,53,6,0,0,2834,3,17,1,0,7,0,1,11,3,1,210,9,0,364,60,2,223,308,44,43,1,75,14,149,2,5,0,0,19,4,39,2,1,0,95,0,35,24,1
"6.13.20",112,0,0,1,0,0,43,0,0,48,0,3,36,1,53,6,0,0,2894,3,17,1,0,7,0,1,11,3,1,217,9,0,364,60,2,224,319,44,43,1,75,15,148,2,5,0,0,19,4,39,2,1,0,96,0,37,24,1
"6.14.20",112,0,0,1,0,0,43,0,0,48,0,3,36,1,53,6,0,0,2907,3,17,1,0,7,0,1,12,3,1,221,9,0,364,60,2,224,319,45,43,1,75,17,148,2,5,0,0,19,4,40,2,1,0,96,0,37,24,1
"6.15.20",112,0,0,1,0,0,43,0,0,48,0,3,36,1,53,6,0,0,2926,3,17,1,0,7,0,1,12,3,1,221,9,0,364,60,2,224,320,45,43,1,75,16,148,2,5,0,0,19,4,40,2,1,0,96,0,37,24,1
"6.16.20",113,0,0,1,0,0,45,0,0,50,0,3,36,1,54,6,0,0,2960,3,17,1,0,7,0,1,12,3,1,233,9,0,364,60,2,225,323,46,47,1,77,16,148,2,5,0,0,19,4,40,2,1,0,96,0,37,24,1
"6.17.20",117,0,0,1,0,0,45,0,0,56,0,3,36,1,57,7,0,0,2992,4,17,1,0,7,0,1,12,3,1,243,9,0,370,63,2,225,323,46,46,1,78,19,148,2,5,0,0,21,4,41,2,1,0,106,0,37,24,1
"6.18.20",118,0,0,1,0,0,53,0,0,57,0,3,36,1,58,8,0,0,3027,4,17,1,0,7,0,1,12,3,1,250,9,0,392,63,2,226,331,47,47,1,78,19,152,3,5,0,0,21,4,42,2,1,0,107,0,37,24,1
"6.19.20",119,0,0,1,0,0,54,0,0,61,0,3,36,1,58,9,0,0,3065,4,17,1,0,8,0,1,12,3,1,257,9,0,398,64,2,226,332,47,48,1,81,21,154,3,5,0,0,21,4,42,2,1,0,107,0,37,24,1
"6.20.20",119,0,0,1,0,0,54,0,0,67,0,3,37,1,60,9,0,0,3112,4,17,1,0,8,0,1,12,3,1,267,9,0,402,63,2,229,338,47,48,1,81,21,154,3,5,0,0,21,4,43,2,1,0,111,0,37,24,1
"6.21.20",121,0,0,1,0,0,60,0,0,67,0,3,38,1,60,11,0,0,3121,4,17,1,0,8,0,1,12,3,1,269,9,0,402,62,2,229,338,47,48,1,81,21,154,3,5,0,0,21,4,43,2,1,0,111,0,39,24,1
"6.22.20",121,0,0,1,0,0,60,0,0,67,0,3,38,1,60,13,0,0,3137,4,17,1,0,8,0,1,12,3,1,269,9,0,403,62,2,229,338,47,48,1,81,21,155,3,5,0,0,21,4,44,2,1,0,111,0,39,24,1
"6.23.20",121,0,0,1,0,0,60,0,0,67,0,3,38,1,60,16,0,0,3171,4,17,1,0,8,0,1,12,3,1,273,10,0,406,62,2,229,341,48,48,1,81,22,155,2,5,0,0,21,4,45,2,1,0,111,0,40,24,1
"6.24.20",123,0,0,1,0,0,66,0,0,71,0,3,38,1,63,16,0,0,3207,4,17,1,0,8,0,1,12,3,1,299,10,0,410,62,2,239,347,48,49,1,82,22,155,2,5,0,0,21,4,47,2,1,0,116,0,42,24,1
"6.25.20",130,0,0,1,0,0,71,0,0,71,0,3,44,1,64,17,0,0,3247,4,17,1,0,10,0,1,12,3,1,306,10,0,427,62,2,242,352,48,50,1,82,25,156,2,5,0,0,21,5,48,2,1,0,117,0,40,24,1
"6.26.20",132,0,0,2,0,0,72,0,0,74,0,3,44,1,65,18,0,0,3269,4,17,1,0,10,0,1,12,3,1,323,10,0,430,63,2,243,358,49,52,1,83,25,156,2,5,0,0,21,5,52,2,1,0,117,0,40,24,1
"6.27.20",135,0,0,2,0,0,72,0,0,74,0,3,45,1,65,18,0,0,3285,4,17,1,0,10,0,1,12,3,1,323,10,0,432,63,2,243,360,49,52,1,83,25,157,2,5,0,0,21,5,53,2,1,0,117,0,40,24,1
"6.28.20",135,0,0,2,0,0,73,0,0,74,0,3,45,1,67,18,0,0,3305,4,17,1,0,10,0,1,13,4,1,326,11,0,432,63,2,245,361,50,52,1,84,25,156,2,5,0,0,21,5,56,2,1,0,117,0,40,24,1
"6.29.20",135,0,0,2,0,0,75,0,0,74,0,3,45,1,68,20,0,0,3331,4,17,1,0,10,0,1,14,4,1,330,11,0,432,62,2,245,361,50,52,1,84,25,157,2,5,0,0,21,5,58,2,1,0,117,0,40,24,1
"6.30.20",137,0,0,2,0,0,75,0,0,75,0,3,45,1,70,30,0,0,3371,4,17,1,0,10,0,1,15,4,1,340,11,0,449,64,2,249,365,50,52,1,84,25,157,2,7,0,0,21,6,58,2,1,0,117,0,40,24,1
"7.1.20",137,0,0,2,0,0,76,0,0,76,0,3,46,1,76,30,0,0,3405,4,17,1,0,10,0,1,15,4,1,345,11,0,457,64,2,253,370,50,54,1,84,27,159,2,7,0,0,21,6,61,2,1,0,128,0,41,24,1
"7.2.20",139,0,0,2,0,0,77,0,0,78,0,3,47,1,77,31,0,0,3457,4,17,1,0,10,0,1,15,4,1,354,11,0,458,70,2,260,377,50,56,2,107,27,160,2,7,0,0,21,6,61,2,1,0,132,0,42,24,1
"7.3.20",141,0,0,2,0,0,78,0,0,81,0,3,47,1,80,31,0,0,3457,4,17,1,0,10,0,1,15,4,1,360,11,0,472,71,2,269,387,50,56,2,106,27,161,2,7,0,0,22,8,63,2,1,0,134,0,44,25,1
"7.4.20",141,0,0,2,0,0,80,0,0,82,0,3,47,1,81,31,1,0,3457,4,17,1,0,10,0,1,15,4,1,363,11,0,474,71,2,270,387,50,57,2,106,27,161,2,8,0,0,22,8,64,2,1,0,135,0,44,26,1
"7.5.20",141,0,0,2,0,0,80,0,0,82,0,3,47,1,82,31,1,0,3487,4,17,1,0,10,0,1,15,4,1,366,11,0,474,71,2,270,387,50,57,2,106,27,162,2,8,0,0,22,8,64,2,1,0,135,0,44,26,1
"7.6.20",141,0,0,2,0,0,83,0,0,82,0,3,47,1,82,33,1,0,3534,4,17,1,0,10,0,1,15,4,1,366,11,0,477,71,2,272,387,50,57,2,106,27,165,2,8,0,0,22,8,64,2,1,0,136,0,44,26,1
"7.7.20",141,0,0,3,0,0,84,0,0,84,0,4,51,1,84,33,1,0,3582,4,17,1,0,10,0,1,17,4,1,369,11,0,499,76,2,277,399,50,59,2,106,27,164,2,8,0,0,22,8,66,2,1,0,137,0,46,26,1
"7.8.20",142,0,0,3,0,0,84,0,0,86,0,4,76,1,87,33,1,0,3643,4,17,1,0,11,0,1,17,4,1,376,11,0,508,80,2,296,406,50,61,2,106,28,164,3,8,0,0,23,9,67,2,1,0,138,0,47,26,1
"7.9.20",146,0,0,4,0,0,86,0,0,90,0,4,87,1,89,33,1,0,3690,4,20,1,0,11,0,1,17,4,1,402,11,0,529,81,2,307,415,50,66,3,106,28,164,3,8,0,0,23,13,72,2,1,0,146,0,47,27,1
"7.10.20",147,0,0,4,0,0,86,0,0,93,0,4,98,1,97,33,1,0,3744,4,21,1,0,12,0,1,18,4,1,412,11,0,533,81,2,308,420,50,67,4,107,28,164,3,8,0,0,23,13,74,2,1,0,150,0,48,27,1
"7.11.20",148,0,0,4,0,0,87,0,0,95,0,4,109,1,97,33,1,0,3795,4,21,1,0,12,0,1,18,4,1,421,11,0,538,84,2,310,422,50,72,4,108,28,164,3,8,0,0,23,13,76,2,1,0,149,0,49,27,1
"7.12.20",148,0,0,4,0,0,88,0,0,95,0,4,109,1,97,34,1,0,3809,4,21,1,0,12,0,1,18,4,1,423,11,0,542,85,2,312,422,50,71,5,108,28,164,3,8,0,0,23,13,79,2,1,0,146,0,50,27,1
"7.13.20",148,0,0,4,0,0,88,0,0,95,0,4,109,1,98,37,1,0,3824,4,21,1,0,12,0,1,18,4,1,424,11,0,545,85,2,313,422,50,71,5,108,28,164,3,8,0,0,23,14,79,2,1,0,147,0,50,27,1
"7.14.20",151,0,0,4,0,0,90,0,0,98,0,4,109,1,98,37,1,0,3897,4,21,1,0,12,0,1,18,4,1,433,11,0,547,87,2,316,436,50,75,5,108,28,164,3,8,0,0,25,14,81,2,1,0,156,0,50,27,1
"7.15.20",153,0,0,4,0,0,90,0,0,101,0,4,110,1,98,37,1,0,3943,4,21,1,0,12,0,1,18,5,1,455,11,0,568,91,2,317,448,50,75,6,109,28,164,3,9,0,0,25,14,83,2,1,0,156,0,50,27,1
"7.16.20",153,0,0,4,0,0,91,0,0,101,0,4,113,1,105,37,1,0,3989,8,21,1,0,12,0,1,18,5,1,466,11,0,577,91,2,321,465,52,82,6,110,28,164,3,10,0,0,25,14,89,2,1,0,163,0,50,29,1
"7.17.20",160,0,0,4,0,0,93,0,0,104,0,4,120,1,105,37,1,0,4048,9,21,1,0,12,0,1,18,5,1,469,11,0,580,95,2,322,465,52,86,6,110,29,164,3,10,0,0,26,15,94,2,1,0,166,0,51,30,1
"7.18.20",162,0,0,4,0,0,95,0,0,106,0,4,124,1,105,37,1,0,4084,9,21,1,0,15,0,1,17,5,1,494,11,0,581,95,2,336,478,52,93,6,110,29,164,3,10,0,0,26,15,101,2,1,0,167,0,52,30,1
"7.19.20",162,0,0,4,0,0,95,0,0,106,0,4,124,1,105,37,1,0,4096,10,21,1,0,15,0,1,18,5,1,494,11,0,581,97,2,337,478,52,93,6,110,29,164,3,10,0,0,26,17,104,2,1,0,166,0,52,30,1
"7.20.20",162,0,0,4,0,0,97,0,0,106,1,4,124,1,105,37,1,0,4104,10,21,1,0,15,0,1,19,5,1,494,11,0,581,99,2,338,478,53,97,6,111,29,164,3,10,0,0,26,17,107,2,1,0,166,0,52,30,1
"7.21.20",166,0,0,5,0,0,98,0,1,107,1,4,128,1,105,38,1,0,4155,10,21,1,0,15,0,1,20,5,1,513,11,0,583,102,2,343,487,53,99,7,111,29,164,3,11,0,0,27,17,110,2,1,0,167,0,55,34,1
"7.22.20",169,0,0,5,0,0,98,0,1,110,1,4,134,1,115,38,1,0,4215,10,23,1,0,15,0,1,20,5,1,521,12,0,612,106,2,348,505,53,102,7,112,29,166,3,11,0,0,29,17,113,2,1,0,167,0,56,34,1
"7.23.20",171,0,0,5,0,2,98,0,1,112,1,4,138,1,115,39,1,0,4263,13,22,1,0,22,0,1,21,5,1,543,12,0,630,108,2,369,512,55,111,7,113,30,165,3,11,0,0,29,18,117,2,1,0,168,0,56,35,1
"7.24.20",176,0,0,5,0,2,100,0,1,115,1,4,141,1,123,39,1,0,4300,16,22,1,0,23,0,1,21,6,1,556,12,0,631,110,2,386,524,55,118,8,112,30,165,4,11,0,0,29,20,126,2,1,0,167,0,60,35,1
"7.25.20",176,0,0,5,1,2,104,0,1,117,1,4,144,1,123,39,1,0,4351,17,22,1,0,23,0,1,21,6,1,562,12,0,655,113,2,394,524,55,129,8,113,30,166,4,11,0,0,29,20,130,2,1,0,172,0,62,35,1
"7.26.20",176,0,0,5,1,2,104,0,1,117,1,4,144,1,123,39,1,0,4360,17,22,1,0,23,0,1,21,6,1,564,12,0,665,114,2,400,533,55,129,8,113,30,166,4,11,0,0,29,20,133,2,1,0,172,0,67,33,1
"7.27.20",176,0,0,7,1,2,104,0,1,117,1,4,144,1,123,39,1,0,4375,17,22,2,0,23,0,1,21,6,1,566,12,0,667,114,2,401,533,55,129,9,113,30,166,4,11,0,0,29,20,143,2,1,0,172,0,68,33,1
"7.28.20",180,0,0,7,1,2,107,0,1,125,1,4,145,1,135,41,1,0,4426,18,23,2,0,23,0,1,22,6,1,581,14,0,668,117,2,412,533,56,141,9,114,31,165,4,11,0,0,29,20,146,2,1,0,96,0,68,36,1
"7.29.20",180,0,0,7,1,2,108,0,1,125,1,4,147,1,135,43,1,0,4518,18,34,2,0,25,0,1,24,7,1,587,14,0,678,122,2,417,552,56,154,11,114,31,165,4,11,0,0,29,26,152,6,1,0,156,0,68,36,1
"7.30.20",185,0,0,7,1,2,112,0,1,133,1,4,151,1,139,43,1,0,4559,18,39,2,1,30,0,1,24,7,2,604,14,0,685,126,2,427,558,59,161,12,115,52,170,4,11,0,0,29,25,158,6,1,0,177,0,69,37,1
"7.31.20",187,0,0,7,1,2,113,0,1,133,1,4,155,1,140,45,1,0,4624,19,43,2,1,30,0,1,24,7,2,618,14,0,694,132,2,434,561,60,177,12,115,58,171,4,11,0,0,29,27,160,6,1,0,184,0,71,38,1
"8.1.20",188,0,0,9,1,2,116,0,1,149,1,4,156,1,144,47,1,0,4669,18,43,2,1,29,0,1,28,8,2,649,14,0,704,141,2,440,561,60,189,13,115,59,171,4,11,0,0,29,29,162,6,1,0,188,0,73,37,1
"8.2.20",188,0,0,9,1,2,118,0,1,151,1,4,157,1,144,47,1,0,4693,18,43,2,1,29,0,1,28,8,2,651,15,0,735,142,2,443,565,60,189,14,115,59,172,4,11,0,0,29,33,167,6,1,0,188,0,73,37,1
"8.3.20",189,0,0,9,1,2,120,0,1,151,1,4,161,1,144,47,1,0,4702,18,43,2,1,29,0,1,28,8,2,651,16,0,740,142,2,444,565,60,189,14,115,59,172,4,12,0,0,29,33,170,6,1,0,188,0,74,37,1
"8.4.20",192,0,0,10,1,3,122,0,1,154,1,4,163,1,151,47,1,0,4760,19,43,2,1,30,0,1,32,8,2,653,17,0,743,146,2,495,568,60,189,13,116,61,175,4,12,0,0,29,33,174,6,1,0,192,0,75,37,1
"8.5.20",193,0,0,13,1,3,122,0,1,159,1,4,163,1,152,47,1,0,4827,19,43,2,1,30,0,1,32,8,2,665,18,0,761,151,2,504,568,60,199,13,116,63,176,4,12,0,0,29,33,179,6,1,0,192,0,75,36,1
"8.6.20",200,0,0,13,1,3,124,0,1,161,1,4,163,1,152,47,1,0,4869,19,43,2,1,30,0,1,33,8,1,697,20,0,781,153,2,516,583,60,203,13,117,65,178,4,12,0,0,29,33,182,6,1,0,195,1,80,36,1
"8.7.20",204,0,2,13,1,4,126,0,2,171,1,4,164,1,160,48,1,0,4919,20,43,2,1,30,0,1,33,8,1,704,20,0,810,160,2,524,583,66,223,14,117,66,180,5,12,0,0,31,34,186,6,1,0,195,1,84,37,1
"8.8.20",204,0,2,15,1,4,129,0,2,183,1,4,165,1,171,49,2,0,4967,22,44,2,1,51,0,1,33,8,1,720,20,0,823,166,2,531,586,66,240,15,117,66,181,4,13,0,0,31,41,192,7,1,0,192,1,85,44,1
"8.9.20",203,0,2,15,1,4,130,0,2,183,1,4,165,1,171,50,2,0,4977,22,44,2,1,51,0,1,34,8,1,726,20,0,828,167,2,579,593,66,240,15,117,66,181,4,13,0,0,31,41,194,7,1,0,194,1,85,44,1
"8.10.20",203,0,2,15,1,4,130,0,2,183,1,4,165,1,171,50,2,0,4998,22,44,2,1,51,0,1,34,8,1,726,21,0,830,168,2,579,594,66,240,15,117,66,182,4,13,0,0,31,42,199,7,1,0,194,1,85,45,1
"8.11.20",204,0,3,15,1,5,131,0,2,187,1,4,165,1,183,50,2,0,4999,22,44,2,9,65,0,1,36,11,1,724,24,0,836,182,2,584,594,66,251,15,117,70,183,4,13,0,0,31,45,209,7,1,0,201,1,88,44,1
"8.12.20",215,0,8,15,1,5,134,0,2,194,1,4,167,1,183,50,2,0,5112,23,44,2,9,66,0,1,38,10,1,745,25,0,867,189,2,589,602,66,253,15,117,74,182,6,13,0,0,31,47,213,7,1,0,211,1,87,44,1
"8.13.20",218,0,8,15,1,5,136,0,2,201,1,4,170,1,187,52,2,0,5113,25,44,2,8,63,0,1,38,10,1,769,26,0,885,197,2,591,608,69,261,16,117,74,182,6,13,0,0,31,45,215,8,1,0,210,1,90,44,1
"8.14.20",221,0,9,15,1,5,137,0,2,208,2,4,185,1,204,56,2,0,5215,26,46,2,8,67,0,1,41,10,2,789,26,0,891,212,2,594,622,69,276,17,118,77,183,6,13,0,0,31,45,219,8,1,0,211,1,89,45,1
"8.15.20",221,0,9,15,1,5,138,0,2,211,2,4,188,1,204,56,2,0,5246,26,46,2,8,66,0,1,44,10,2,809,27,0,910,219,2,602,622,69,280,17,118,79,183,6,13,0,0,31,45,225,8,1,0,211,1,89,46,1
"8.16.20",221,0,9,15,1,5,140,0,2,211,2,4,188,1,204,58,2,0,5254,26,46,2,8,66,0,1,44,10,2,810,28,0,910,219,2,603,626,72,280,17,118,79,183,6,13,0,0,31,46,229,8,1,0,211,1,89,47,1
"8.17.20",221,0,9,15,1,5,141,0,2,211,2,4,188,1,204,58,2,0,5273,26,46,2,8,66,0,1,44,10,2,810,28,0,916,219,2,604,626,72,280,18,118,80,183,6,13,0,0,31,48,232,8,1,0,210,1,89,47,1
"8.18.20",223,0,9,16,1,5,141,0,2,212,2,4,189,1,216,58,2,0,5340,28,47,2,8,66,0,1,44,10,2,815,28,0,917,222,3,648,626,72,290,18,119,81,184,6,13,0,0,31,48,238,8,1,0,212,1,89,47,1
"8.19.20",226,0,9,16,1,5,142,1,2,221,2,4,192,1,228,59,2,0,5392,30,46,2,8,66,0,1,45,10,2,833,28,0,922,229,3,661,638,72,296,19,119,80,189,6,13,0,0,31,54,244,8,1,0,217,1,91,47,1
"8.20.20",229,0,11,18,1,5,144,1,2,228,2,4,196,1,229,59,2,0,5446,31,47,2,10,68,0,1,47,10,2,856,30,0,927,231,3,665,644,72,297,19,120,81,190,6,13,0,0,31,54,245,8,1,0,217,1,93,47,1
"8.21.20",232,0,11,19,1,5,149,1,2,232,2,4,204,1,238,60,2,0,5491,31,49,2,10,69,0,1,49,10,2,882,30,0,932,237,3,668,652,80,301,19,120,86,190,6,13,0,0,32,57,249,8,1,0,217,1,98,46,1
"8.22.20",231,0,13,22,1,5,153,1,2,235,2,4,210,1,240,60,2,0,5537,32,49,2,10,69,0,1,50,11,2,896,30,0,953,239,3,719,660,80,305,20,120,90,190,6,13,0,0,32,57,254,8,1,0,222,1,99,47,1
"8.23.20",231,0,13,23,1,5,153,1,2,235,2,4,210,2,240,60,2,0,5545,32,50,2,10,69,0,1,50,10,2,897,31,0,955,243,3,719,660,80,305,20,120,90,191,6,13,0,0,32,56,263,9,1,0,223,1,99,47,1
"8.24.20",231,0,13,23,1,5,153,1,2,235,2,4,210,2,240,60,2,0,5558,32,56,2,10,69,0,1,50,10,2,897,31,0,975,249,3,720,660,81,305,20,120,90,192,6,13,0,0,32,56,266,9,1,0,223,1,99,47,1
"8.25.20",232,0,13,24,1,5,156,1,2,250,3,4,217,1,251,59,2,0,5605,32,56,2,10,69,0,1,51,10,2,912,31,0,981,265,3,727,665,81,306,20,120,90,194,7,14,0,0,34,56,270,9,1,0,224,1,99,50,1
"8.26.20",233,0,13,25,1,5,157,1,2,255,3,4,227,2,251,62,2,0,5663,32,56,2,10,74,0,1,51,10,2,918,32,0,987,271,3,743,668,81,309,20,121,90,198,7,14,0,0,34,58,275,9,1,0,232,1,100,49,1
"8.27.20",234,0,13,25,1,6,158,1,2,272,3,4,235,2,256,62,2,0,5701,33,62,2,10,75,0,1,52,10,5,947,32,0,999,281,3,751,673,83,314,20,121,92,199,7,14,0,0,34,58,284,9,1,0,231,1,102,51,1
"8.28.20",237,0,13,25,1,6,158,1,2,282,3,4,241,2,273,62,2,0,5732,33,63,2,11,77,0,1,53,10,5,956,32,0,1008,283,3,754,676,83,314,20,121,92,201,7,14,0,0,34,58,286,9,1,0,236,1,103,51,1
"8.29.20",250,0,13,26,1,6,159,1,2,291,3,4,250,3,286,62,2,0,5759,33,64,2,13,79,0,1,53,10,5,975,32,0,1016,291,4,755,679,83,335,21,122,93,202,7,14,0,0,34,60,291,9,1,0,236,1,108,51,1
"8.30.20",248,0,13,26,1,6,150,2,2,291,3,4,250,3,286,62,2,0,5769,33,66,2,13,79,0,1,54,10,6,979,32,0,1017,300,4,755,682,83,338,21,122,93,202,7,14,0,0,34,60,293,10,1,0,236,1,108,51,1
"8.31.20",248,0,13,26,1,6,153,2,2,290,3,4,250,3,286,62,2,0,5784,35,67,2,15,79,0,1,56,10,6,980,33,0,1020,303,4,755,682,83,338,21,122,94,202,7,14,0,0,34,60,294,10,1,0,237,1,108,51,1
"9.1.20",248,0,13,26,1,6,158,2,2,290,3,4,250,3,292,62,2,0,5829,41,67,2,15,103,0,1,56,10,6,988,33,0,1027,305,4,786,688,83,341,21,122,93,204,7,14,0,0,34,60,296,10,1,0,241,1,108,51,1
"9.2.20",260,0,14,27,1,6,159,2,2,292,3,4,255,3,292,64,2,0,5878,41,66,2,15,103,0,1,56,10,6,1007,33,0,1032,316,4,794,695,84,352,21,122,94,206,7,14,0,0,36,62,298,10,1,0,244,1,111,54,1
"9.3.20",275,0,16,27,1,6,159,2,2,313,3,4,255,3,294,64,2,0,5932,43,66,2,16,105,0,1,56,10,6,1018,34,0,1052,328,4,800,700,84,371,21,122,96,208,7,14,0,0,36,62,300,11,1,0,244,1,112,53,1
"9.4.20",276,0,16,28,1,6,164,2,2,321,3,4,267,2,296,66,2,0,5977,42,66,2,16,104,0,1,56,11,6,1042,35,0,1066,337,4,800,701,85,376,21,122,96,209,7,14,0,0,37,85,303,11,1,0,247,1,114,53,1
"9.5.20",279,0,16,30,1,6,173,2,2,331,3,4,268,2,296,66,2,0,6000,42,66,2,16,104,0,1,56,11,6,1051,35,0,1066,339,4,825,704,85,386,23,124,96,207,7,14,0,0,37,85,304,11,1,0,249,1,118,53,1
"9.6.20",281,0,16,30,1,6,171,2,2,329,3,4,267,2,296,72,2,0,6005,42,67,2,16,104,0,1,56,11,6,1053,36,0,1069,340,4,823,707,85,386,23,125,95,207,7,14,0,0,37,85,306,11,1,0,249,1,118,53,1
"9.7.20",281,0,16,30,1,6,172,2,2,329,3,4,267,2,296,72,2,0,6030,43,67,2,16,104,0,1,57,11,6,1053,36,0,1069,345,4,821,707,85,386,23,125,95,226,7,14,0,0,36,85,308,11,1,0,249,1,118,53,1
"9.8.20",288,0,16,36,1,6,171,2,2,329,3,4,267,2,296,72,4,0,6036,43,68,2,16,104,0,1,59,11,6,1056,36,0,1069,347,5,856,708,86,388,23,125,96,228,7,14,0,0,36,92,308,11,1,0,249,1,118,53,1
"9.9.20",289,0,16,37,1,6,171,1,2,329,3,4,268,2,297,72,4,0,6090,43,68,2,16,107,0,1,59,11,6,1065,36,0,1081,347,5,866,721,86,388,24,125,97,228,7,14,0,0,36,92,314,11,1,0,249,1,121,53,1
"9.10.20",292,0,16,37,1,6,172,1,2,338,3,4,270,11,307,70,4,0,6128,43,68,2,16,109,0,1,59,11,6,1069,37,0,1091,354,5,867,725,89,389,24,125,100,231,7,14,0,0,42,91,316,11,1,0,250,1,122,53,1
"9.11.20",298,0,16,37,1,6,173,1,2,344,3,4,273,12,322,70,4,0,6171,43,69,2,17,109,0,1,61,11,6,1081,37,0,1099,358,7,871,730,89,391,24,127,103,234,7,14,0,0,42,91,320,11,1,0,251,1,123,53,1
"9.12.20",307,0,16,37,3,6,174,1,2,345,3,4,273,12,326,70,4,0,6197,43,69,2,17,112,0,1,61,11,6,1093,38,0,1108,367,7,896,734,90,396,24,127,104,237,7,15,0,0,43,95,325,10,1,0,254,1,123,53,1
"9.13.20",306,0,16,37,3,6,172,1,2,345,3,4,273,12,332,70,4,0,6208,45,70,2,17,112,0,1,61,11,6,1093,38,0,1108,367,7,895,734,90,396,24,127,104,245,7,16,0,0,43,95,327,10,1,0,254,1,123,53,1
"9.14.20",306,0,16,37,3,6,174,2,3,344,3,4,273,12,332,70,4,0,6231,45,70,2,17,112,0,1,61,11,6,1093,38,0,1113,367,7,895,734,90,397,25,127,104,247,7,16,0,0,44,102,328,10,1,0,254,1,125,53,1
"9.15.20",327,0,16,38,5,6,180,2,4,343,3,4,277,12,333,70,4,0,6273,45,77,2,18,114,0,1,62,11,6,1105,38,0,1118,372,7,904,742,90,401,28,127,104,252,7,16,0,0,45,104,331,10,2,0,254,1,128,53,1
"9.16.20",333,0,16,38,9,6,183,2,4,343,3,4,277,12,340,71,6,0,6303,45,77,2,18,118,0,1,62,11,6,1111,39,0,1127,377,8,907,748,90,409,28,127,107,253,7,16,0,0,44,104,334,10,2,0,258,1,130,53,1
"9.17.20",339,0,16,38,9,6,184,2,4,355,3,5,281,12,340,72,8,0,6324,45,81,2,18,119,0,1,62,11,6,1115,40,0,1134,385,8,904,754,95,416,27,127,107,254,7,16,0,0,44,114,341,10,2,0,258,1,130,53,1
"9.18.20",341,0,16,37,9,6,185,2,4,359,3,5,283,12,350,74,8,0,6330,45,81,2,18,127,0,1,64,11,6,1123,40,0,1143,391,8,970,757,95,423,27,127,107,252,8,16,0,0,46,114,341,10,2,0,259,1,133,54,1
"9.19.20",343,0,16,38,10,6,186,2,4,362,3,5,284,12,354,76,8,0,6330,47,81,2,18,128,0,1,65,11,6,1127,40,0,1147,396,9,971,796,95,424,27,127,106,251,8,16,0,0,46,117,344,10,2,0,260,1,133,54,1
"9.20.20",343,0,16,39,10,6,189,2,4,362,3,5,284,12,354,76,8,0,6353,47,83,2,18,128,0,1,65,11,6,1128,40,0,1147,401,9,970,760,95,423,27,127,110,252,8,17,0,0,46,117,346,10,2,0,260,1,133,54,1
"9.21.20",343,0,16,41,10,6,189,2,4,362,3,5,284,12,354,76,8,0,6366,47,84,2,18,128,0,1,66,11,6,1128,40,0,1153,404,10,970,760,95,423,27,127,110,252,8,18,0,0,46,117,349,10,2,0,260,1,133,54,1
"9.22.20",355,0,16,43,11,6,190,2,4,369,3,5,284,13,357,76,9,0,6401,47,84,2,18,132,0,1,67,11,6,1150,40,0,1162,410,10,971,765,95,426,31,127,111,253,8,19,0,0,48,117,352,10,2,0,263,1,136,54,5
"9.23.20",361,0,16,43,11,6,192,2,4,371,3,5,284,13,360,76,9,0,6423,48,85,2,17,134,0,1,67,11,6,1176,41,0,1165,415,10,973,767,95,439,31,127,112,260,9,20,0,0,50,122,354,10,2,0,266,2,137,55,5
"9.24.20",364,0,16,43,11,6,192,2,4,375,3,5,283,13,361,76,9,0,6455,48,85,2,17,135,0,1,67,11,6,1182,41,0,1172,417,11,988,773,99,444,31,127,114,262,9,21,0,0,49,122,357,10,2,0,267,2,138,55,5
"9.25.20",367,0,16,43,11,6,194,2,4,385,3,5,283,14,367,77,9,0,6488,48,90,2,17,135,0,1,68,11,6,1204,41,0,1183,418,11,987,775,100,449,31,127,114,265,9,21,0,0,50,124,357,10,2,0,267,2,137,55,5
"9.26.20",370,0,16,44,11,6,194,2,4,389,3,6,283,14,369,78,10,0,6504,47,91,2,17,136,0,1,68,11,6,1214,42,0,1190,421,11,988,775,100,449,31,127,114,270,9,23,0,0,51,124,359,10,2,0,270,2,137,55,7
"9.27.20",370,0,16,44,11,6,195,2,4,389,3,6,283,14,369,78,10,0,6514,47,91,2,17,136,0,1,69,11,6,1216,42,0,1191,422,11,988,776,100,448,31,127,114,271,9,24,0,0,51,124,359,10,2,0,270,2,139,55,7
"9.28.20",370,0,16,44,11,6,195,2,4,389,3,6,283,14,369,78,10,0,6515,47,91,2,17,136,0,1,69,11,6,1216,42,0,1198,423,11,988,776,100,448,31,127,114,271,9,25,0,0,51,125,359,10,2,0,270,2,139,55,7
"9.29.20",374,0,16,44,11,6,209,2,4,394,3,6,283,14,369,78,11,0,6551,47,91,2,17,136,0,1,70,11,6,1249,42,0,1208,425,12,1012,781,104,454,31,127,114,302,10,27,0,0,51,125,362,10,2,0,270,2,145,55,8
"9.30.20",380,0,16,44,11,6,211,2,4,395,3,6,287,14,370,79,10,0,6576,47,91,2,17,136,0,1,70,11,6,1268,43,0,1220,429,12,1018,783,106,461,31,128,115,302,10,27,0,0,51,125,363,10,3,0,274,2,145,55,8
"10.1.20",383,0,16,45,11,6,211,2,4,397,3,6,325,14,371,79,11,0,6610,48,92,2,19,138,0,1,71,11,6,1268,45,0,1223,433,12,1021,792,110,471,31,128,118,305,10,28,0,0,52,125,364,11,3,0,275,2,146,55,8
"10.2.20",382,0,16,46,11,6,213,2,4,403,3,6,327,14,381,79,10,0,6626,49,91,2,18,139,0,1,71,11,6,1281,46,0,1223,436,12,1028,794,110,474,31,128,116,305,9,29,0,0,52,125,366,11,3,0,278,2,146,55,8
"10.3.20",386,0,16,46,11,6,213,2,4,408,3,6,327,14,386,80,10,0,6642,50,91,2,18,139,0,1,72,11,6,1286,47,0,1226,437,12,1031,798,110,476,31,128,116,309,9,29,0,0,52,129,366,11,3,0,278,2,148,56,8
"10.4.20",383,0,16,46,11,6,214,2,4,408,3,6,327,14,386,80,10,0,6647,50,91,2,18,140,0,1,72,11,6,1286,46,0,1226,438,12,1031,803,110,476,31,128,116,316,9,30,0,0,52,129,367,11,3,0,278,2,149,56,9
"10.5.20",383,0,16,46,11,6,216,2,4,408,3,6,327,14,386,80,10,0,6654,50,91,2,19,143,0,1,72,11,6,1287,46,0,1232,438,12,1031,803,110,476,32,128,116,319,9,30,0,0,52,130,367,12,3,0,278,2,149,56,9
"10.6.20",385,0,16,47,11,6,219,2,4,412,3,7,327,14,387,81,11,0,6681,50,91,2,19,143,0,1,72,11,6,1289,48,0,1238,442,12,1040,806,115,477,32,129,116,320,12,30,0,0,52,130,368,12,3,0,280,2,150,56,10
"10.7.20",395,0,16,47,11,6,225,2,4,413,3,7,330,14,387,80,11,0,6709,50,95,2,19,144,0,1,75,11,6,1292,48,0,1241,452,13,1043,813,115,478,32,130,116,320,14,30,0,0,53,130,368,12,3,0,282,3,150,55,10
"10.8.20",395,0,16,51,11,6,228,2,4,416,3,7,330,14,387,80,11,0,6726,50,96,2,20,144,0,1,75,11,6,1306,48,0,1244,454,13,1048,819,115,478,32,130,116,323,13,30,0,0,53,132,368,12,3,0,283,4,151,55,10
"10.9.20",399,0,16,51,11,6,229,2,4,417,3,7,330,14,392,80,11,1,6741,50,96,2,20,145,0,1,75,11,6,1316,48,0,1252,457,13,1057,821,120,481,32,130,116,328,13,33,0,0,53,133,369,12,3,0,286,4,151,55,10
"10.10.20",398,0,16,54,12,6,233,2,4,421,3,7,327,14,394,80,11,1,6768,50,97,2,21,146,0,1,75,11,6,1340,48,0,1254,466,13,1061,825,122,481,32,130,116,330,13,33,0,0,53,133,369,12,3,0,286,4,151,55,10
"10.11.20",392,0,16,54,12,6,233,2,4,421,3,7,328,14,395,80,12,1,6771,50,97,2,21,146,0,1,77,11,7,1341,48,0,1254,466,13,1061,826,122,480,32,130,117,336,13,33,0,0,53,133,371,12,3,0,286,4,151,55,10
"10.12.20",389,0,16,54,12,6,233,2,4,421,3,7,328,14,395,80,12,1,6773,50,97,2,21,146,0,1,77,11,7,1341,48,0,1254,466,13,1061,826,122,480,32,130,117,343,13,33,0,0,55,133,374,12,3,0,286,4,151,55,10
"10.13.20",389,0,16,54,12,6,234,2,4,424,3,7,327,14,397,80,12,1,6790,50,97,2,21,146,0,1,78,12,7,1341,48,0,1254,466,14,1061,840,122,481,32,130,117,343,13,34,0,0,55,133,374,12,3,0,286,4,151,55,10
"10.14.20",398,0,16,54,12,6,236,2,4,424,3,7,330,14,406,80,14,1,6812,50,99,2,21,147,0,1,78,12,7,1360,48,0,1261,472,14,1063,844,123,487,32,132,117,343,13,34,0,0,55,133,375,12,3,0,287,4,152,55,10
"10.15.20",390,0,16,54,13,6,237,2,4,425,3,7,330,14,406,80,14,1,6834,50,99,2,21,147,0,1,79,12,8,1391,48,0,1266,474,14,1067,847,126,487,32,152,117,343,13,34,0,0,55,133,375,12,3,0,289,4,152,55,10
"10.16.20",397,0,16,54,13,6,237,2,4,427,3,7,330,14,408,80,14,1,6855,53,99,2,21,148,0,1,79,12,8,1401,49,0,1267,479,14,1069,865,126,489,32,153,119,345,20,34,0,0,55,133,375,12,3,0,290,4,152,55,10
"10.17.20",398,0,16,55,13,6,237,2,4,430,3,7,330,14,410,80,15,1,6863,53,99,2,21,148,0,1,80,12,8,1409,49,0,1270,482,14,1097,869,126,489,31,153,121,349,19,34,0,0,57,134,375,12,5,0,290,4,151,55,10
"10.18.20",392,0,16,55,13,6,237,2,4,430,3,7,330,14,410,80,15,1,6876,52,99,2,21,148,0,1,80,12,8,1409,49,0,1270,482,14,1098,853,126,489,31,154,121,352,19,34,0,0,57,134,375,12,5,0,290,4,151,55,10
"10.19.20",392,0,16,55,13,6,239,2,4,431,3,7,330,14,410,80,15,1,6877,52,100,2,21,148,0,1,80,12,8,1410,49,0,1272,483,14,1100,853,126,489,31,154,121,352,19,34,0,0,57,135,377,12,5,0,291,4,152,56,10
"10.20.20",391,0,16,56,13,6,241,2,4,431,3,7,330,14,413,80,15,1,6912,52,101,2,21,149,0,1,81,13,8,1412,56,0,1275,485,14,1109,857,126,490,31,155,121,358,23,34,0,0,57,135,377,12,5,0,289,4,152,56,10
"10.21.20",392,0,16,55,13,6,243,2,4,433,3,7,331,14,415,80,15,1,6944,52,102,2,21,149,0,1,83,13,8,1423,56,0,1278,490,14,1141,863,137,495,31,155,121,361,24,35,0,0,59,138,377,12,5,0,292,4,153,58,10
"10.22.20",393,0,16,55,13,6,243,2,4,438,3,7,333,14,416,82,15,1,6956,52,102,2,20,149,0,1,84,14,8,1434,57,0,1279,492,15,1149,866,137,495,31,155,120,363,24,35,0,0,59,139,378,12,5,0,293,4,154,58,10
"10.23.20",393,0,16,55,13,6,244,2,4,441,3,7,333,14,416,82,15,1,6974,53,102,2,20,149,0,1,86,14,8,1440,57,0,1279,496,15,1150,867,137,495,31,155,121,364,24,35,0,0,59,139,381,12,5,0,295,4,155,57,10
"10.24.20",398,0,16,56,13,6,244,2,4,441,3,7,333,14,416,82,15,1,6989,53,102,2,20,150,0,1,87,14,8,1444,57,0,1288,496,15,1153,868,137,495,31,155,122,365,24,35,0,0,60,140,382,12,5,0,295,4,154,57,10
"10.25.20",398,0,16,56,13,6,245,2,4,441,3,7,333,14,416,82,15,1,6993,53,102,2,20,150,0,1,87,14,8,1447,57,0,1289,496,15,1153,870,137,495,31,156,122,365,24,35,0,0,60,140,382,12,5,0,296,4,154,58,10
"10.26.20",398,0,16,56,13,6,245,2,4,441,3,7,333,14,416,82,15,1,7000,53,104,2,20,150,0,1,87,14,8,1447,57,0,1294,496,15,1153,870,138,495,31,156,122,365,24,37,0,0,62,140,382,12,5,0,296,4,154,58,10
"10.27.20",400,0,16,56,13,6,246,2,4,442,3,7,333,14,420,83,15,1,7027,53,126,2,20,150,0,1,88,15,8,1454,57,0,1299,501,15,1154,877,140,496,31,156,125,367,24,37,0,0,77,140,383,12,5,0,296,4,153,58,10
"10.28.20",400,0,16,56,13,6,246,2,4,444,3,7,333,14,420,82,15,1,7040,53,126,2,20,150,0,1,89,15,9,1467,57,0,1302,506,15,1154,881,145,498,31,157,127,375,24,37,0,0,77,140,383,12,5,0,297,4,153,60,10
"10.29.20",401,0,16,57,13,6,249,2,4,445,3,7,334,14,422,82,16,1,7044,53,125,2,21,150,0,1,92,15,9,1468,58,0,1304,507,15,1150,885,145,498,31,157,128,377,24,37,0,0,78,140,383,12,5,0,299,4,154,60,10
"10.30.20",401,0,16,57,18,6,249,2,4,446,3,7,334,14,423,82,16,1,7056,54,125,2,21,150,0,1,92,15,9,1475,58,0,1317,505,15,1156,888,145,500,31,159,128,378,25,38,0,0,84,140,385,12,5,0,299,4,154,60,10
"10.31.20",416,0,16,57,18,6,249,2,4,451,3,8,334,14,424,82,16,1,7071,54,125,2,21,151,0,1,93,15,9,1483,58,0,1319,507,15,1157,891,145,500,31,160,130,379,25,38,0,0,84,140,385,12,5,0,299,5,155,60,10
"11.1.20",419,0,16,57,18,6,250,2,4,451,3,8,334,14,424,82,17,1,7074,54,125,2,21,152,0,1,93,15,9,1484,58,0,1319,508,15,1157,891,145,500,31,160,130,386,25,38,0,0,84,140,387,12,5,0,299,5,156,60,10
"11.2.20",419,0,16,57,18,6,250,2,4,451,3,8,334,14,424,82,17,1,7076,54,125,2,21,152,0,1,93,15,9,1484,60,0,1321,508,15,1157,891,145,500,31,161,130,387,25,40,0,0,84,140,389,12,6,0,299,5,156,61,10
"11.3.20",418,0,16,57,19,6,250,2,4,457,3,8,335,14,425,83,16,1,7097,54,131,2,22,153,0,1,94,15,9,1484,60,0,1325,510,15,1159,901,146,500,32,162,132,393,25,41,0,0,85,142,390,12,6,0,297,5,155,61,10
"11.4.20",418,0,16,57,19,6,251,2,4,457,3,9,335,14,426,83,16,1,7118,54,131,2,22,153,0,1,96,15,9,1491,60,0,1335,510,15,1169,904,146,500,32,168,132,393,25,41,0,0,85,142,391,12,6,0,298,5,155,62,10
"11.5.20",420,0,16,57,19,6,252,2,4,460,3,9,337,14,428,83,16,1,7140,54,131,2,22,155,0,1,96,15,9,1494,60,0,1338,512,15,1174,904,146,502,32,168,133,402,25,41,0,0,85,145,391,12,6,0,301,5,155,61,10
"11.6.20",420,0,16,57,21,6,252,2,4,460,3,9,338,14,429,83,16,1,7158,54,131,2,22,157,0,1,96,15,9,1503,60,0,1341,514,15,1179,907,146,502,32,168,133,402,25,41,0,0,85,149,392,12,6,0,300,5,154,62,10
"11.7.20",424,0,16,57,21,6,254,2,4,465,3,9,338,14,429,84,16,1,7170,54,131,2,22,157,0,2,98,15,9,1506,60,0,1345,515,15,1182,908,146,505,32,169,134,410,25,41,0,0,85,149,394,12,7,0,304,7,156,61,10
"11.8.20",424,0,16,57,21,6,254,2,4,465,3,9,338,14,429,84,16,1,7172,54,131,2,22,157,0,2,98,15,9,1509,60,0,1345,515,15,1182,908,146,505,32,169,134,410,25,41,0,0,85,149,394,12,7,0,304,7,156,61,10
"11.9.20",424,0,16,57,21,6,255,2,4,465,3,9,338,14,429,84,16,1,7177,54,131,2,22,157,0,2,98,15,9,1509,60,0,1346,516,15,1182,938,146,505,32,169,134,409,25,41,0,0,85,150,394,12,7,0,304,7,156,62,10
"11.10.20",424,0,16,58,21,6,255,2,4,465,3,9,338,14,429,85,16,1,7202,54,133,2,22,157,0,2,100,15,9,1512,60,0,1359,519,15,1182,915,146,508,33,169,134,409,25,41,0,0,85,150,395,12,7,0,305,7,158,63,10
"11.11.20",429,0,16,58,21,6,255,2,4,468,3,9,340,15,429,85,17,1,7218,54,133,2,22,157,0,2,100,15,9,1514,60,0,1361,520,15,1182,915,146,509,33,169,134,413,25,42,0,0,85,150,398,12,7,0,305,7,158,63,10
"11.12.20",432,0,16,58,21,6,255,2,4,468,3,9,341,15,430,85,17,1,7221,54,133,2,22,158,0,2,100,16,9,1520,62,0,1362,520,15,1183,918,146,509,33,169,134,414,25,43,0,0,85,151,401,12,7,0,305,7,158,63,10
"11.13.20",434,0,16,58,21,6,256,2,4,470,3,9,341,15,432,85,17,2,7246,54,133,2,22,159,0,2,104,17,9,1522,63,0,1372,524,15,1184,921,146,510,34,169,134,415,25,44,0,0,84,151,403,12,7,0,305,7,171,65,10
"11.14.20",435,0,16,58,21,6,256,2,4,471,3,9,346,15,432,85,17,2,7267,54,133,2,22,161,0,2,105,17,9,1524,63,0,1373,532,15,1184,926,153,511,34,169,135,416,25,44,0,0,84,154,405,12,7,0,305,7,172,65,10
"11.15.20",436,0,16,58,21,6,256,2,4,471,4,9,346,15,432,85,17,2,7269,54,133,2,22,162,0,2,107,17,9,1526,63,0,1374,534,15,1185,926,153,513,34,169,135,418,25,46,0,0,84,154,407,12,7,0,305,7,172,67,10
"11.16.20",436,0,16,58,21,6,256,2,4,471,4,9,346,15,432,85,18,3,7275,54,134,2,23,162,0,2,107,17,9,1526,63,0,1379,534,15,1186,926,153,513,34,169,135,419,25,46,0,0,84,155,412,12,7,0,305,7,172,70,10
"11.17.20",439,0,16,59,21,6,256,2,4,472,4,9,346,15,432,85,18,4,7300,54,134,2,23,162,0,2,108,17,9,1526,63,0,1379,538,15,1188,933,153,516,34,169,136,419,25,46,0,0,84,155,414,12,7,0,305,7,173,70,10
"11.18.20",440,0,16,59,21,6,258,2,4,474,4,9,348,15,437,85,18,4,7337,54,134,2,23,166,0,2,108,17,9,1528,64,0,1387,541,15,1206,945,153,517,34,169,136,421,25,47,0,0,84,155,415,13,8,0,306,7,173,71,10
"11.19.20",441,0,16,60,21,6,259,2,4,478,4,9,349,15,437,85,18,4,7365,54,134,2,23,167,0,2,108,17,9,1537,65,0,1402,546,15,1215,952,153,516,34,169,136,424,25,47,0,0,84,156,417,13,9,0,304,7,174,72,10
"11.20.20",444,0,16,60,21,6,260,2,4,480,4,9,353,15,440,85,18,4,7397,54,134,2,22,167,0,2,110,17,9,1540,66,0,1405,549,15,1220,960,153,515,34,169,136,431,25,49,0,0,85,158,418,13,9,0,311,7,175,74,10
"11.21.20",444,0,16,61,21,6,260,2,4,482,4,9,355,15,445,85,18,4,7429,56,134,2,22,169,0,2,110,17,9,1551,65,0,1407,548,15,1222,966,153,517,34,170,137,433,25,50,0,0,86,158,420,13,9,0,313,7,177,75,10
"11.22.20",444,0,16,61,21,6,260,2,4,488,4,9,355,15,445,85,18,4,7438,56,135,2,22,169,0,2,111,17,9,1554,66,0,1409,555,15,1224,968,153,517,34,170,137,434,25,51,0,0,86,159,424,13,9,0,314,7,179,75,10
"11.23.20",444,0,16,61,21,6,260,2,4,488,4,9,355,15,445,85,18,4,7456,56,135,2,22,169,0,2,112,17,9,1554,66,0,1415,556,15,1224,968,153,517,34,170,137,435,25,51,0,0,86,160,425,14,9,0,315,7,179,75,10
"11.24.20",444,0,16,63,21,6,259,2,4,493,4,9,355,15,447,85,18,4,7501,57,135,2,22,171,0,2,113,17,9,1556,67,0,1420,568,15,1226,984,153,517,34,170,138,438,25,53,0,1,86,162,429,14,9,0,315,7,179,76,10
"11.25.20",447,0,16,64,21,6,263,2,4,494,4,9,355,15,448,85,18,4,7543,57,135,2,22,172,0,2,113,17,9,1559,68,0,1438,574,15,1225,988,153,515,34,170,138,442,25,55,0,1,87,162,431,14,9,0,318,7,179,76,10
"11.26.20",447,0,16,65,21,6,264,2,4,500,4,9,355,15,448,85,18,4,7580,57,135,2,22,172,0,2,113,18,9,1559,68,0,1440,580,15,1223,988,153,509,36,169,139,446,26,59,0,1,87,162,433,15,9,0,319,7,179,76,10
"11.27.20",450,0,16,65,21,6,264,2,4,500,4,9,356,15,448,85,18,4,7604,57,135,2,22,172,0,3,113,18,9,1577,68,0,1440,579,15,1224,996,153,509,36,169,140,449,26,60,0,1,87,162,437,15,9,0,319,7,179,79,10
"11.28.20",456,0,16,65,21,6,264,2,4,500,4,9,356,15,448,85,18,4,7623,57,135,2,22,172,0,3,118,18,9,1577,70,0,1440,580,15,1224,997,153,509,36,169,140,449,26,60,0,1,87,162,439,15,9,0,319,7,179,80,10
"11.29.20",457,0,16,65,21,6,264,2,4,500,4,9,356,15,448,85,18,4,7639,57,135,2,23,172,0,3,119,18,9,1577,72,0,1442,585,15,1223,997,153,509,36,169,140,451,26,61,0,1,87,163,440,16,9,0,319,7,179,80,10
"11.30.20",457,0,16,65,21,6,264,2,4,500,5,9,356,15,448,85,18,4,7656,57,136,2,23,172,0,3,119,18,9,1577,72,0,1446,586,15,1220,997,157,509,36,170,140,451,26,63,0,1,87,163,444,16,9,0,319,7,180,81,10
"12.1.20",460,0,16,65,21,6,264,2,4,505,7,9,356,15,449,86,19,4,7702,57,136,3,23,172,0,3,121,19,9,1577,72,0,1448,589,15,1220,1019,157,514,40,170,140,452,27,64,0,1,87,163,448,17,9,0,319,7,186,86,10
"12.2.20",463,0,16,65,21,6,264,2,5,507,7,9,356,15,451,86,20,4,7743,57,136,3,23,173,0,3,121,19,9,1578,73,0,1451,597,16,1240,1035,157,519,42,170,140,458,27,65,0,1,87,163,453,18,9,0,321,7,186,87,10
"12.3.20",465,0,16,65,21,6,265,2,6,516,8,9,359,15,452,87,20,4,7787,58,136,3,23,177,0,3,125,19,10,1586,73,0,1461,614,16,1283,1040,161,522,42,173,141,465,28,66,0,2,87,164,456,20,9,0,321,7,187,87,10
"12.4.20",465,0,16,65,21,6,264,2,7,522,8,9,362,15,455,88,20,4,7843,58,136,3,23,177,0,3,127,19,10,1603,76,0,1475,618,17,1290,1047,161,522,42,173,141,468,32,67,0,2,87,164,459,20,9,0,322,7,189,87,10
"12.5.20",465,0,17,66,21,6,270,2,8,525,8,9,362,15,456,90,20,5,7886,59,136,3,23,180,0,3,127,21,10,1618,78,0,1477,625,18,1283,1055,161,523,44,175,141,474,40,68,0,2,87,164,467,20,9,0,324,7,191,90,10
"12.6.20",465,0,17,67,21,6,270,2,8,526,8,9,364,15,456,90,20,5,7909,59,136,3,23,179,0,3,130,21,10,1633,82,0,1482,638,18,1286,1062,161,530,45,175,141,482,40,71,0,2,88,164,470,21,9,0,327,7,191,90,10
"12.7.20",466,0,17,67,21,6,270,2,8,526,8,9,364,15,456,90,20,5,7936,59,136,3,23,179,0,3,132,21,11,1633,82,0,1491,638,18,1295,1062,161,530,45,175,141,484,41,71,0,2,89,164,476,24,9,0,328,7,191,90,10
"12.8.20",469,0,17,70,21,6,270,2,8,529,8,10,363,15,457,90,20,5,8006,59,137,4,23,181,0,3,134,22,11,1633,82,0,1514,649,18,1301,1088,162,530,45,175,141,484,45,72,0,2,89,164,481,24,9,0,330,7,195,90,10
"12.9.20",470,0,19,70,21,7,273,2,8,533,8,10,368,15,463,92,20,5,8077,59,138,4,24,183,0,3,143,21,10,1633,85,0,1543,659,19,1305,1103,163,531,47,175,142,489,47,73,0,2,90,164,485,24,9,0,334,8,201,95,10
"12.10.20",477,0,18,72,21,7,276,1,9,540,8,9,370,15,463,92,21,5,8151,59,140,4,24,186,0,3,145,22,10,1640,90,0,1552,664,19,1306,1114,164,534,49,177,143,491,48,75,0,2,90,167,489,27,9,1,337,8,202,95,10
"12.11.20",482,0,19,73,21,7,282,1,9,550,8,9,377,16,467,94,21,5,8202,59,141,4,24,186,0,3,150,22,10,1662,93,0,1573,669,19,1313,1137,165,534,49,177,144,494,50,75,0,2,92,166,494,30,9,1,338,8,202,95,10
"12.12.20",486,0,19,73,21,7,281,1,9,559,8,9,379,16,467,96,21,5,8273,59,141,4,24,188,0,3,151,22,10,1680,95,0,1579,673,19,1321,1151,167,534,50,177,144,498,54,75,0,2,93,166,498,32,9,1,341,8,202,95,10
"12.13.20",486,0,19,75,21,7,281,1,9,559,9,9,379,16,469,97,21,5,8298,60,141,4,24,189,0,3,153,22,11,1694,95,0,1581,682,19,1333,1162,167,534,52,177,144,499,54,75,0,2,93,167,503,34,9,1,340,8,202,95,11
"12.14.20",487,0,19,75,21,7,281,1,9,560,9,9,379,16,469,97,21,5,8345,60,141,4,24,189,0,3,155,22,11,1694,95,0,1588,691,19,1347,1162,171,534,52,178,144,502,54,77,0,2,93,167,514,35,9,1,341,8,202,95,11
"12.15.20",492,0,19,75,21,7,281,1,9,574,9,12,380,16,470,97,21,5,8438,60,141,4,24,190,0,3,161,23,11,1695,95,0,1624,703,19,1351,1194,171,537,55,178,144,505,59,78,0,2,95,167,525,36,9,1,342,8,201,104,11
"12.16.20",497,0,19,76,21,7,293,1,9,584,9,12,388,16,470,99,20,5,8572,62,142,4,23,190,0,3,163,23,13,1718,96,0,1664,715,20,1403,1217,170,547,58,179,144,523,63,78,0,2,96,170,533,39,9,2,352,11,203,103,11
"12.17.20",508,0,19,78,21,7,293,1,9,597,9,14,391,16,476,98,20,5,8671,62,142,4,23,192,0,3,163,23,13,1731,99,0,1696,721,20,1425,1239,170,554,59,181,147,527,64,79,0,2,96,171,536,39,9,2,358,11,208,105,12
"12.18.20",515,0,20,81,21,7,300,2,10,613,9,15,393,17,479,98,20,5,8758,63,142,4,24,195,0,3,165,23,13,1734,104,0,1733,736,21,1430,1253,173,559,62,182,148,539,68,79,0,2,95,173,543,39,9,2,370,12,209,109,11
"12.19.20",516,0,23,81,21,7,301,2,10,634,9,15,395,17,481,100,20,5,8822,63,142,4,23,198,0,3,172,23,13,1760,105,0,1737,746,21,1433,1280,174,586,63,182,148,558,68,81,0,2,95,175,552,41,9,2,375,12,209,109,11
"12.20.20",516,0,23,81,21,7,301,2,10,634,9,15,395,17,481,100,20,6,8875,63,142,4,23,198,0,3,173,23,13,1775,105,0,1742,755,21,1458,1280,174,587,63,185,148,566,69,84,0,2,95,175,559,43,9,2,373,12,210,109,12
"12.21.20",518,0,23,81,21,7,300,2,10,634,9,16,395,17,481,100,20,6,8935,63,142,4,23,198,0,3,174,23,13,1777,105,0,1743,759,22,1476,1283,174,586,64,185,149,570,69,87,0,2,95,176,566,46,9,2,373,12,212,109,14
"12.22.20",534,0,23,85,21,7,301,2,12,640,9,16,398,17,482,102,20,7,9031,63,142,4,23,201,0,3,176,23,14,1779,105,0,1777,772,24,1500,1311,174,592,69,186,150,569,72,88,0,2,95,180,572,46,9,2,377,12,213,113,14
"12.23.20",537,0,23,84,21,7,311,2,14,654,9,16,399,17,485,105,20,8,9165,63,142,4,23,203,0,3,176,25,15,1781,111,0,1790,779,24,1509,1350,174,602,74,186,152,579,75,90,0,2,95,182,584,46,9,2,385,12,216,112,14
"12.24.20",541,0,23,84,21,7,311,2,16,663,9,16,402,17,485,108,20,8,9305,63,143,4,23,212,0,3,180,26,15,1782,121,0,1816,788,24,1533,1382,175,611,77,186,153,591,82,90,0,2,96,183,591,47,9,2,390,12,224,113,16
"12.25.20",542,0,23,85,21,7,324,2,16,679,9,16,405,18,485,108,20,8,9305,64,143,4,23,213,0,3,182,26,15,1782,122,0,1825,796,24,1546,1402,175,614,76,187,155,612,81,94,0,2,96,184,600,47,9,2,398,12,230,111,17
"12.26.20",551,0,23,86,21,7,324,2,18,679,9,17,405,18,485,108,22,9,9441,64,143,4,23,213,0,3,182,26,15,1845,122,0,1834,807,24,1551,1402,177,618,76,187,155,618,81,95,0,2,96,184,606,48,9,2,398,12,230,111,18
"12.27.20",551,0,23,86,21,7,324,2,18,679,9,17,405,18,486,108,22,10,9485,64,144,4,23,213,0,3,181,26,15,1846,126,0,1836,811,24,1551,1402,178,618,76,187,155,619,81,98,0,3,96,185,613,48,9,2,400,12,230,111,18
"12.28.20",551,0,23,86,21,7,324,2,18,679,9,19,405,19,502,108,22,10,9564,64,145,4,23,213,0,3,182,26,15,1846,126,0,1855,813,24,1552,1404,178,618,76,189,155,619,81,101,0,3,96,185,620,49,9,2,404,12,230,111,18
"12.29.20",552,0,23,98,21,7,325,2,22,688,9,19,407,19,504,108,22,10,9806,64,146,4,24,221,0,3,185,28,15,1847,126,1,1904,820,25,1557,1435,178,622,80,189,155,621,84,101,0,3,96,187,626,50,9,2,419,12,235,111,18
"12.30.20",573,0,24,103,21,7,337,2,27,711,9,22,412,20,510,108,23,10,10068,65,148,4,24,225,0,3,186,28,15,1874,127,1,1919,847,29,1591,1472,182,634,89,190,161,661,86,103,0,3,96,191,630,51,9,2,430,12,251,117,18
"12.31.20",579,0,24,105,21,7,336,2,26,711,9,21,417,20,512,108,23,11,10359,64,148,4,24,226,0,3,188,28,15,1875,126,1,1958,830,28,1586,1534,183,646,89,192,161,665,84,105,0,3,97,188,636,51,9,2,446,12,251,117,18
"1.1.21",579,0,24,105,21,7,351,2,27,717,9,21,418,20,512,108,24,11,10552,66,148,4,24,229,0,3,191,28,15,1875,133,1,1990,848,28,1590,1592,187,657,94,194,164,680,84,112,0,3,97,189,642,52,9,2,454,13,253,120,19
"1.2.21",581,0,24,105,21,7,352,2,27,717,9,21,420,20,512,108,24,12,10688,67,151,4,24,230,0,3,191,29,15,1901,133,1,2008,858,28,1597,1592,194,662,95,196,164,720,85,113,0,3,97,194,645,53,9,2,455,13,254,122,21
"1.3.21",580,0,24,105,21,7,352,2,27,719,9,21,419,20,512,108,24,12,10773,67,150,4,24,230,0,3,191,29,15,1901,133,1,2005,859,28,1592,1592,193,661,95,196,164,720,84,116,0,3,97,193,653,53,9,2,455,13,254,121,20
"1.4.21",583,0,24,105,21,7,353,2,27,726,9,22,420,20,518,108,25,12,10852,67,151,4,28,230,0,3,212,29,15,1926,133,1,2066,870,28,1615,1598,191,661,96,198,165,727,85,118,0,3,97,194,663,56,9,2,455,13,255,121,21
"1.5.21",602,0,24,107,21,7,353,2,32,741,9,22,421,20,518,108,25,12,11089,67,151,4,30,230,0,3,213,29,15,1926,133,2,2069,888,28,1615,1654,196,663,106,198,172,729,93,121,0,3,97,194,668,59,9,2,455,13,264,127,21
"1.6.21",616,0,24,110,21,7,358,2,35,752,9,22,431,20,521,108,26,12,11349,67,153,4,30,232,0,3,222,32,15,1943,134,2,2121,909,32,1634,1691,199,673,115,200,177,746,97,122,0,3,99,196,671,59,15,2,465,14,280,127,25
"1.7.21",632,0,24,112,21,7,376,2,36,765,9,22,431,20,523,108,26,12,11554,76,153,4,30,234,0,3,222,32,17,1972,144,2,2156,919,33,1666,1738,202,689,118,201,187,775,104,123,0,3,100,200,680,65,15,2,482,14,288,128,25
"1.8.21",646,0,24,115,21,7,381,2,36,771,9,22,446,24,539,108,26,12,11863,85,153,4,31,236,0,3,224,32,17,1998,161,2,2184,939,33,1703,1771,207,710,119,204,189,789,106,127,0,3,100,201,688,68,15,2,491,19,294,129,26
"1.9.21",649,0,24,118,21,7,393,2,36,773,9,22,448,25,542,108,26,12,12090,85,154,4,31,237,0,3,235,36,17,2041,162,2,2201,953,34,1714,1824,235,724,121,205,197,808,107,132,0,3,101,202,695,69,15,2,496,26,306,129,27
"1.10.21",650,0,24,119,21,7,398,2,36,775,9,22,453,25,542,108,26,12,12252,85,155,4,31,238,0,3,237,36,17,2091,163,2,2216,965,34,1736,1857,238,725,122,206,200,858,106,133,0,3,101,204,702,71,17,2,497,27,319,129,27
"1.11.21",652,0,24,119,21,7,398,2,36,775,9,22,453,25,542,108,26,13,12388,85,156,4,31,238,0,3,239,36,17,2120,163,2,2222,974,34,1739,1857,238,725,126,206,200,877,106,134,0,3,101,205,706,71,17,2,497,27,320,129,27
"1.12.21",677,0,26,124,21,7,399,2,41,796,9,22,457,25,544,108,27,13,12706,85,157,4,31,239,0,3,240,36,17,2148,163,2,2266,985,35,1739,1898,238,725,132,206,209,904,110,137,0,3,102,205,714,73,17,3,509,28,324,133,27
"1.13.21",690,0,26,126,21,7,403,2,43,804,9,22,463,25,550,108,27,13,12972,85,161,4,31,241,0,3,241,36,17,2179,172,2,2278,996,35,1759,1952,238,738,140,207,216,911,110,139,0,3,105,206,718,73,17,3,522,28,338,135,27
"1.14.21",686,0,28,129,21,7,415,2,45,814,9,22,447,25,551,108,27,13,13244,85,159,4,31,239,0,3,242,38,17,2195,169,2,2357,1007,35,1750,2005,238,739,146,208,219,910,109,142,0,3,103,202,723,74,17,3,533,28,347,135,27
"1.15.21",672,0,28,129,21,7,428,2,47,832,9,22,446,25,558,131,28,13,13504,85,160,4,31,239,0,3,243,38,17,2277,173,2,2458,1023,35,1726,2037,242,748,148,208,226,942,105,142,0,4,103,222,727,75,17,3,535,27,353,134,27
"1.16.21",673,0,28,129,21,7,443,2,47,846,9,22,451,25,565,131,30,16,13757,85,164,4,31,242,0,3,243,39,17,2320,177,2,2506,1033,35,1755,2065,244,776,152,208,229,954,106,143,0,4,103,223,730,76,18,3,542,27,369,134,27
"1.17.21",676,0,28,129,21,7,447,2,47,857,9,22,451,26,565,131,30,16,13848,85,164,4,31,242,0,3,244,38,17,2367,181,2,2534,1045,35,1775,2103,255,780,157,208,235,976,106,146,0,4,105,223,735,77,18,3,549,27,376,134,28
"1.18.21",680,0,28,129,21,7,448,2,47,857,13,22,452,26,565,141,30,16,13937,85,165,4,31,242,0,3,247,38,17,2367,182,2,2568,1046,35,1775,2103,259,782,158,208,235,992,106,148,0,4,105,223,742,78,19,3,549,28,379,134,29
"1.19.21",680,0,28,129,21,7,448,2,47,857,13,22,452,26,565,143,31,16,14122,86,169,4,32,242,0,3,248,38,18,2477,182,2,2585,1053,35,1777,2109,261,782,161,208,236,1010,106,149,0,4,106,223,748,80,19,3,549,29,383,134,29
"1.20.21",702,0,29,130,21,7,461,2,53,872,13,22,461,26,572,146,31,16,14416,86,171,4,32,243,0,3,249,40,18,2508,186,2,2615,1072,35,1801,2174,262,783,164,210,248,1040,107,151,0,4,106,223,752,80,19,3,559,29,395,141,29
"1.21.21",739,0,29,130,21,7,478,2,58,889,13,23,463,26,583,158,32,16,14662,86,173,4,32,245,0,3,253,40,18,2546,190,2,2676,1084,43,1832,2222,266,806,169,210,253,1062,119,151,0,4,106,230,758,80,19,3,569,29,420,141,29
"1.22.21",751,0,30,133,21,7,485,2,64,892,13,23,474,26,587,159,32,16,14894,86,177,4,32,290,0,3,253,40,18,2547,193,2,2710,1094,43,1849,2301,266,812,172,211,256,1062,123,152,0,4,107,232,765,80,19,3,573,29,426,141,29
"1.23.21",780,0,30,133,21,8,487,2,66,910,13,23,487,27,590,159,32,16,15184,86,177,4,32,303,0,3,253,43,18,2625,193,2,2733,1108,43,1922,2344,268,836,176,213,264,1086,127,152,0,4,107,232,768,80,20,3,575,29,438,141,30
"1.24.21",780,0,30,133,21,8,488,2,66,911,13,24,488,27,590,159,32,16,15262,86,177,4,33,305,0,3,254,43,18,2638,193,2,2761,1112,43,1935,2375,275,838,179,213,269,1109,133,154,0,4,109,233,771,83,20,3,577,29,439,140,31
"1.25.21",780,0,30,133,21,8,488,2,66,913,13,24,491,27,591,159,32,16,15314,86,177,5,35,305,0,3,255,43,18,2704,193,2,2789,1118,43,1947,2375,288,838,179,213,269,1143,133,154,0,4,109,233,776,83,20,3,578,29,439,140,31
"1.26.21",789,0,31,136,21,8,491,2,71,923,13,24,498,27,591,159,32,16,15614,86,179,5,36,309,0,3,255,43,18,2768,193,2,2898,1127,45,1970,2421,286,847,186,213,273,1171,134,155,0,4,110,236,780,83,20,3,579,30,448,148,31
"1.27.21",815,0,31,138,21,8,507,2,76,938,14,24,504,27,600,167,32,16,15897,86,180,5,36,315,0,3,268,46,18,2839,198,2,2931,1142,47,2019,2465,287,853,188,216,282,1184,143,156,0,4,112,237,783,83,20,3,583,32,468,151,32
"1.28.21",833,0,31,138,21,8,525,2,79,949,14,24,517,27,609,167,32,16,16127,94,183,5,36,328,0,3,274,50,19,2868,198,2,2981,1149,47,2057,2534,290,854,189,218,284,1219,145,158,0,4,114,236,787,85,20,3,595,32,475,151,32
"1.29.21",841,0,32,138,21,8,529,2,83,962,14,24,521,27,616,169,32,16,16353,94,185,5,36,334,1,3,277,52,20,2975,203,2,3008,1169,48,2095,2571,307,858,193,218,291,1273,148,160,0,4,116,243,790,87,20,3,606,36,484,151,32
"1.30.21",850,0,32,139,21,9,531,2,83,964,14,24,530,27,624,169,33,16,16652,94,185,5,36,335,1,3,277,52,20,3018,205,2,3061,1184,48,2122,2603,316,864,198,219,296,1307,149,160,0,4,118,243,795,87,21,3,615,36,493,151,33
"1.31.21",857,0,32,140,21,9,531,2,83,994,14,25,530,27,624,172,33,16,16770,94,185,5,37,337,1,3,278,52,20,3062,204,2,3074,1186,48,2156,2619,323,877,199,219,297,1330,149,160,0,4,118,243,801,89,21,3,618,39,502,151,33
"2.1.21",858,0,32,141,21,9,531,2,83,994,14,25,530,27,624,172,33,16,16857,94,188,5,37,337,1,3,278,52,20,3109,204,2,3092,1193,48,2172,2619,324,877,199,220,297,1343,149,160,0,4,117,243,805,89,21,3,618,39,502,151,33
"2.2.21",869,0,33,141,21,9,536,2,84,1009,14,25,535,27,626,172,33,17,17077,94,189,5,38,340,3,3,278,53,20,3162,205,2,3169,1202,50,2244,2629,324,878,201,225,304,1349,150,161,0,4,118,247,811,89,21,3,625,39,514,158,34
"2.3.21",880,0,33,144,21,10,537,2,86,1015,14,27,547,27,641,172,33,17,17324,94,190,5,38,343,3,3,279,54,35,3199,210,2,3195,1212,51,2308,2683,325,880,206,225,315,1364,154,162,0,4,119,248,818,90,21,3,640,45,526,161,34
"2.4.21",899,0,33,147,21,10,550,2,86,1114,14,28,556,27,650,187,34,17,17555,95,192,5,38,345,3,3,279,55,37,3249,210,2,3230,1222,51,2409,2738,326,883,211,226,322,1404,156,162,0,4,120,249,826,92,21,3,656,45,537,161,34
"2.5.21",916,0,33,150,21,10,560,2,86,1194,14,28,557,27,658,190,33,17,17772,95,193,5,38,345,3,3,281,55,43,3279,211,2,3235,1231,51,2495,2777,337,902,213,227,334,1421,161,162,0,4,127,252,832,92,22,3,663,45,546,162,35
"2.6.21",922,0,33,150,21,10,566,2,86,1207,14,28,567,27,659,190,34,17,17959,93,194,5,38,346,3,3,282,55,43,3312,211,2,3243,1237,52,2564,2812,346,906,214,232,337,1439,161,162,0,4,129,257,837,92,22,3,664,48,552,161,35
"2.7.21",924,0,33,152,21,10,566,2,86,1207,14,28,567,27,659,192,36,17,18047,93,194,5,38,346,3,3,283,55,44,3358,211,2,3267,1246,52,2587,2821,348,929,214,232,340,1450,161,164,0,4,130,257,841,92,22,3,671,48,561,162,35
"2.8.21",924,0,33,152,21,10,567,2,86,1207,14,29,567,30,659,195,36,18,18146,93,194,5,38,346,3,3,283,55,44,3383,211,2,3301,1247,52,2587,2821,348,929,214,232,340,1456,161,164,0,4,130,259,843,92,22,3,673,48,565,162,35
"2.9.21",936,0,35,153,21,10,583,2,87,1211,14,29,568,30,660,196,36,18,18367,105,197,5,38,354,3,3,285,55,44,3416,220,2,3334,1265,54,2613,2853,349,937,216,235,351,1463,162,165,0,4,131,267,846,92,22,3,686,48,567,174,35
"2.10.21",944,0,35,155,21,10,590,2,87,1247,14,29,578,30,664,197,36,18,18519,105,199,5,38,359,3,3,288,55,47,3451,220,2,3374,1275,55,2696,2904,351,954,216,245,359,1489,165,165,0,4,137,271,848,93,23,3,696,48,580,174,38
"2.11.21",960,0,35,155,21,10,605,2,92,1255,14,29,578,32,677,202,36,18,18678,106,200,5,38,363,3,3,295,55,47,3493,224,4,3394,1286,56,2774,2955,356,971,219,253,370,1507,165,165,0,4,138,272,852,93,26,3,706,48,590,173,38
"2.12.21",974,0,38,155,21,10,620,2,92,1273,14,29,585,32,677,202,36,18,18804,106,200,5,38,367,3,3,297,55,47,3493,230,4,3438,1295,56,2827,2979,359,975,224,254,372,1543,170,165,0,4,147,275,854,93,27,3,710,49,605,175,38
"2.13.21",995,0,38,155,21,10,629,2,93,1287,14,29,580,32,687,205,37,18,18993,106,201,5,38,368,3,3,301,57,47,3544,230,4,3462,1302,56,2899,3009,364,977,225,277,374,1570,173,165,0,4,148,276,857,94,30,3,709,49,618,175,38
"2.14.21",995,0,39,155,21,10,631,2,94,1287,14,29,580,32,687,205,38,18,19068,106,201,5,39,368,3,3,302,57,47,3577,230,4,3471,1304,56,2929,3037,372,979,225,277,377,1582,175,165,0,4,148,276,859,95,30,3,715,49,629,175,38
"2.15.21",996,0,39,155,21,10,631,2,94,1288,14,29,580,32,687,205,38,18,19095,106,203,7,39,368,3,3,302,57,47,3577,230,4,3468,1304,56,2945,3037,373,979,227,277,378,1588,175,165,0,4,148,276,862,95,30,3,715,49,629,175,38
"2.16.21",997,0,39,164,21,10,631,2,94,1293,14,29,580,32,687,206,38,18,19216,172,205,7,39,368,3,3,303,66,47,3617,230,4,3471,1305,56,2978,3042,373,979,229,277,378,1591,174,165,0,4,148,279,863,95,30,3,716,49,631,175,38
"2.17.21",1002,0,38,174,21,10,635,2,94,1307,14,29,580,32,690,211,38,18,19381,177,207,7,39,372,3,3,304,68,52,3644,230,4,3491,1326,57,3020,3099,379,979,230,282,384,1592,174,165,0,4,149,281,864,95,30,3,726,49,646,182,38
"2.18.21",1012,0,38,175,21,11,640,2,94,1323,14,29,591,32,727,211,40,18,19514,188,209,7,39,372,3,3,307,68,66,3685,232,4,3510,1334,58,3066,3135,386,982,230,282,387,1605,176,165,0,4,150,281,870,96,30,3,728,52,659,183,38
"2.19.21",1047,0,39,176,21,11,651,2,96,1330,14,29,589,32,741,211,40,18,19670,188,210,7,39,376,3,3,309,69,66,3726,236,4,3541,1351,57,3117,3169,387,988,230,282,392,1634,176,167,0,4,150,280,872,96,30,3,736,52,667,183,38
"2.20.21",1055,0,39,176,21,11,663,3,96,1341,14,29,590,32,761,212,40,18,19801,191,211,7,40,379,3,3,309,69,66,3770,236,4,3559,1352,57,3203,3188,399,1001,229,282,396,1649,176,167,0,4,150,278,876,97,30,3,739,53,671,183,38
"2.21.21",1061,0,39,176,21,11,661,3,96,1349,14,29,590,32,773,213,40,18,19885,192,212,7,41,379,3,3,309,69,66,3810,238,4,3564,1354,57,3247,3190,405,1001,229,282,399,1654,176,167,0,4,150,278,878,97,30,3,749,53,677,183,38
"2.22.21",1062,0,39,176,21,11,661,3,96,1351,14,29,590,32,783,214,40,18,19906,193,213,7,41,379,3,3,311,69,66,3848,238,4,3567,1359,57,3259,3190,405,1001,229,282,399,1655,176,171,0,4,150,278,879,98,30,3,751,53,677,183,38
"2.23.21",1070,0,41,176,21,11,661,3,96,1356,14,29,591,32,786,216,40,18,20069,193,214,7,41,381,3,3,317,70,66,3848,238,4,3599,1370,57,3283,3218,405,1004,230,299,402,1661,178,172,0,4,154,278,883,98,30,3,757,53,689,188,38
"2.24.21",1082,0,41,178,31,11,663,5,98,1369,14,29,596,32,786,216,40,18,20997,194,214,7,41,383,3,3,320,70,66,3848,239,4,3603,1375,57,3360,3230,406,1019,233,300,405,1674,185,172,0,4,158,278,884,99,31,3,759,53,718,188,39
"2.25.21",1093,0,41,178,46,11,686,5,98,1377,15,30,628,33,811,216,40,18,21106,194,214,7,41,382,3,3,321,70,66,3889,239,4,3646,1386,58,3409,3260,408,1047,234,300,408,1677,185,173,0,4,161,278,886,99,32,3,765,53,751,188,39
"2.26.21",1106,0,42,180,46,11,685,5,98,1391,15,30,631,34,826,216,40,18,21241,199,214,7,41,382,3,3,322,70,66,3982,239,4,3653,1390,57,3461,3260,413,1070,234,313,410,1700,185,173,0,5,165,280,886,99,32,3,770,53,765,188,39
"2.27.21",1108,0,42,180,46,11,693,5,98,1400,15,30,633,35,827,216,40,18,21328,199,214,7,41,384,3,3,322,71,66,3904,239,4,3663,1396,57,3527,3271,413,1100,237,313,411,1703,185,174,0,5,165,281,889,99,32,3,770,53,771,188,39
"2.28.21",1105,0,42,180,46,11,694,5,98,1405,15,30,636,35,851,217,40,18,21435,199,214,7,41,384,3,3,323,70,66,3917,239,4,3661,1398,57,3595,3284,417,1097,237,314,413,1704,185,174,0,5,166,279,889,99,32,3,780,53,775,188,41
"3.1.21",1105,0,42,180,46,11,694,5,98,1405,15,30,636,35,877,217,40,18,21467,194,214,7,41,385,3,3,324,70,66,3921,239,4,3680,1401,57,3603,3303,424,1097,239,314,413,1704,185,174,0,5,166,278,890,99,32,3,781,53,775,188,41
"3.2.21",1116,0,42,182,48,11,694,5,98,1410,15,30,637,35,902,217,40,18,21569,194,214,7,41,389,3,3,325,71,66,3952,239,4,3721,1411,60,3604,3317,424,1111,241,317,416,1706,185,174,0,5,167,279,892,99,32,3,783,53,780,189,41
"3.3.21",1127,0,42,184,48,11,708,5,97,1415,15,30,640,35,915,223,40,18,21676,203,214,7,42,393,3,3,325,72,66,3966,239,4,3735,1419,61,3664,3342,426,1115,241,319,421,1720,185,174,0,5,167,279,893,99,32,3,778,56,822,189,41
"3.4.21",1136,0,42,185,48,11,708,5,97,1422,15,31,646,35,924,224,42,18,21780,208,215,7,42,396,3,3,325,74,66,4013,239,4,3766,1426,61,3757,3359,426,1129,243,322,423,1723,186,174,0,5,168,279,895,100,33,3,784,56,831,189,41
"3.5.21",1141,0,42,185,48,11,711,5,97,1432,15,31,651,35,937,224,42,18,21916,211,215,7,42,399,3,3,325,75,66,4075,239,4,3781,1430,61,3774,3371,430,1133,244,326,424,1745,188,175,0,5,168,279,898,100,33,3,789,56,839,188,42
"3.6.21",1143,0,42,185,48,11,719,5,97,1440,15,31,658,35,942,224,42,18,22015,211,213,7,42,399,3,3,327,75,66,4173,239,4,3781,1436,61,3791,3385,435,1138,245,329,424,1749,188,176,0,5,169,284,899,100,33,3,789,56,848,189,42
"3.7.21",1145,0,42,185,48,11,719,5,97,1442,15,31,658,35,942,224,42,18,22029,211,214,7,42,399,3,3,328,75,66,4226,239,4,3779,1437,61,3810,3385,445,1139,245,329,425,1752,189,176,0,5,169,284,899,100,33,3,790,56,851,189,42
"3.8.21",1142,0,42,185,48,11,719,5,97,1442,15,31,663,35,942,226,42,18,22041,211,214,7,42,398,3,3,328,75,66,4252,239,4,3783,1438,61,3811,3390,446,1139,245,335,427,1756,188,176,0,5,169,284,903,100,33,3,791,56,852,189,42
"3.9.21",1151,0,42,185,48,11,723,5,98,1463,15,32,675,35,942,226,42,18,22104,211,214,7,42,399,3,3,329,75,66,4313,239,4,3821,1442,61,3823,3405,450,1150,245,336,428,1756,188,177,0,5,169,284,905,101,33,3,792,56,863,189,42
"3.10.21",1160,0,42,185,48,12,725,5,100,1471,15,32,675,35,948,226,42,18,22216,212,216,7,42,401,3,3,329,75,66,4346,239,4,3822,1452,61,3841,3413,450,1156,247,338,429,1759,192,178,0,5,170,286,908,101,33,3,793,57,878,189,42
"3.11.21",1164,0,42,185,49,12,728,6,101,1481,15,32,675,35,964,230,42,18,22319,214,217,7,42,401,3,3,329,75,66,4379,239,4,3842,1455,61,3869,3422,452,1157,247,341,430,1765,193,179,0,5,171,285,910,101,33,3,797,57,889,190,42
"3.12.21",1164,0,44,184,49,12,728,6,103,1489,15,32,677,35,982,232,43,18,22407,214,218,7,43,403,3,3,329,75,66,4408,239,4,3854,1460,61,3917,3422,452,1144,247,341,429,1766,195,179,0,5,171,285,910,101,33,3,798,57,899,189,42
"3.13.21",1168,0,44,185,49,12,731,6,103,1495,15,32,677,35,987,232,43,18,22449,214,218,7,44,406,3,3,332,75,66,4434,239,4,3848,1461,61,3972,3444,455,1141,247,341,431,1790,199,179,0,5,171,285,910,102,33,3,798,57,906,189,42
"3.14.21",1168,0,44,185,49,12,731,6,103,1496,15,32,685,35,988,232,43,18,22474,214,218,7,44,407,3,3,333,75,66,4465,238,4,3845,1462,61,3996,3452,455,1140,247,342,431,1796,200,179,0,5,171,284,910,102,34,3,800,57,910,189,42
"3.15.21",1167,0,44,185,49,12,732,6,103,1496,15,32,684,35,988,233,43,18,22476,214,218,7,44,407,3,3,333,75,66,4486,238,4,3856,1463,61,4004,3452,456,1140,247,344,431,1798,200,179,0,5,171,285,913,102,34,3,800,57,910,190,42
"3.16.21",1177,0,44,184,49,12,736,6,105,1498,17,33,689,35,993,233,43,18,22521,214,218,7,44,407,3,3,334,75,67,4486,240,4,3893,1466,61,4032,3462,456,1163,248,344,433,1797,199,181,0,5,171,291,915,102,34,3,803,57,916,190,42
"3.17.21",1185,0,44,185,49,12,737,6,105,1507,17,33,691,35,1010,233,43,18,22581,214,218,7,44,408,3,3,334,76,74,4511,243,4,3925,1477,61,4049,3470,457,1164,249,344,433,1805,199,181,0,5,171,292,918,103,34,3,805,57,916,190,42
"3.18.21",1189,0,44,185,49,12,739,6,105,1527,17,34,695,35,1026,235,43,18,22666,211,219,7,45,410,3,3,335,77,74,4522,243,4,3957,1481,61,4076,3478,461,1169,249,344,434,1808,198,183,0,5,172,292,920,103,35,3,805,57,918,191,42
"3.19.21",1187,0,44,185,49,12,737,6,105,1527,17,33,695,35,1032,235,43,18,22722,210,220,7,45,412,3,3,335,77,88,4536,242,4,3989,1486,61,4017,3491,461,1180,249,344,435,1797,199,183,0,5,172,292,920,103,33,3,805,57,920,189,42
"3.20.21",1178,0,44,185,49,12,713,6,105,1532,17,33,695,35,1043,236,43,18,22778,210,220,7,43,412,3,3,334,77,89,4562,242,4,4000,1488,61,3965,3491,453,1161,250,344,434,1799,199,183,0,5,170,309,922,103,33,3,804,57,922,190,42
"3.21.21",1187,0,44,185,49,13,740,6,105,1556,17,34,699,35,1075,236,43,18,22797,210,220,7,45,413,3,3,335,77,89,4607,242,4,4009,1489,61,4094,3494,460,1182,250,344,437,1840,199,183,0,5,171,310,924,104,45,3,807,57,927,190,42
"3.22.21",1189,0,44,185,49,13,740,6,105,1556,17,34,699,35,1094,236,43,18,22815,210,221,7,45,413,3,3,335,77,89,4608,242,4,4009,1493,61,4107,3494,462,1182,250,348,437,1845,201,184,0,5,171,310,925,104,45,3,807,57,927,190,42
"3.23.21",1190,0,45,187,50,14,750,6,105,1575,17,34,699,35,1100,237,43,18,22879,210,221,7,45,415,3,3,335,78,89,4635,248,4,4035,1496,61,4134,3498,462,1182,250,348,438,1848,201,184,0,6,178,310,926,104,46,3,808,57,932,194,42
"3.24.21",1199,0,45,187,50,14,755,6,105,1585,17,34,699,35,1120,237,43,18,22965,210,219,7,45,415,3,3,335,78,85,4646,250,4,4058,1500,61,4170,3509,462,1196,250,348,438,1851,202,184,0,6,178,310,929,104,49,3,808,57,944,194,42
"3.25.21",1206,0,45,188,50,14,757,6,105,1593,17,34,699,35,1139,237,43,18,23022,210,219,7,45,416,3,3,336,78,84,4665,252,4,4078,1505,61,4222,3520,468,1196,250,348,439,1868,201,185,0,6,193,310,931,104,52,3,811,57,952,194,42
"3.26.21",1208,0,45,191,50,14,761,6,105,1601,17,34,701,35,1167,239,43,18,23056,210,221,7,45,419,3,3,338,78,83,4684,259,4,4109,1509,61,4288,3525,472,1202,250,348,439,1868,201,185,0,6,205,310,933,104,51,3,813,57,953,194,42
"3.27.21",1211,0,45,191,50,14,767,6,105,1606,17,34,704,35,1191,238,43,18,23080,210,222,7,45,422,3,3,337,78,68,4711,267,4,4132,1513,61,4325,3540,474,1211,250,348,439,1871,201,185,0,6,232,310,934,106,52,3,813,57,956,194,42
"3.28.21",1212,0,45,191,50,14,767,6,105,1606,17,34,704,35,1216,238,43,18,23103,210,221,7,45,422,3,3,337,78,68,4725,267,4,4132,1514,61,4332,3547,474,1211,250,348,439,1871,201,185,0,6,232,310,934,106,52,3,815,57,956,194,42
"3.29.21",1211,0,45,191,50,14,767,6,105,1606,17,34,704,35,1239,238,43,18,23101,210,220,7,45,422,3,3,337,78,68,4726,267,4,4133,1514,61,4335,3547,474,1211,250,348,439,1871,201,185,0,6,232,310,935,106,52,3,815,57,956,195,42
"3.30.21",1211,0,45,193,50,14,767,6,105,1609,17,35,706,35,1247,238,43,18,23111,229,221,7,45,423,3,3,338,78,68,4740,271,4,4154,1516,61,4343,3555,474,1232,251,349,441,1873,201,185,0,7,232,311,935,106,52,3,815,57,958,195,42
"3.31.21",1215,0,45,193,50,14,769,6,106,1616,17,35,710,35,1253,239,43,18,23144,229,221,7,45,423,3,3,338,78,68,4744,271,4,4171,1519,61,4356,3555,474,1259,251,350,443,1874,201,186,0,7,235,311,938,106,52,3,816,57,969,197,44
"4.1.21",1216,0,45,193,50,14,771,6,106,1616,17,35,710,36,1264,239,43,18,23191,230,221,7,45,425,3,3,339,78,68,4755,274,4,4193,1521,61,4404,3555,488,1262,252,350,443,1874,202,187,0,7,237,311,941,106,52,3,817,57,977,197,44
"4.2.21",1217,0,45,193,50,14,774,6,106,1620,17,35,710,36,1277,239,43,18,23236,230,221,7,45,426,3,3,341,78,69,4761,275,4,4213,1527,61,4417,3568,488,1268,252,350,443,1882,202,188,0,7,237,311,941,106,52,3,818,57,982,197,44
"4.3.21",1218,0,45,193,50,14,774,6,106,1622,17,35,710,36,1281,239,43,18,23264,230,221,7,45,427,3,3,341,78,69,4761,276,4,4237,1531,61,4422,3568,489,1268,252,350,443,1893,201,189,0,7,237,311,942,106,52,3,818,57,983,198,43
"4.4.21",1219,0,45,193,50,14,774,6,106,1622,17,35,710,36,1286,239,43,18,23301,230,221,7,45,427,3,3,341,78,69,4761,276,4,4237,1531,61,4423,3571,488,1268,252,350,443,1893,201,189,0,7,237,311,943,106,52,3,818,57,983,198,43
"4.5.21",1219,0,45,193,50,14,774,6,106,1622,17,35,710,36,1291,239,43,18,23301,230,221,7,45,427,3,3,341,78,69,4772,276,4,4237,1533,61,4425,3583,488,1268,252,350,443,1893,201,189,0,7,237,311,944,106,52,3,818,57,983,198,43
"4.6.21",1223,0,45,193,50,14,774,6,106,1626,17,35,713,36,1292,240,43,18,23302,230,224,7,45,430,3,3,341,78,69,4784,276,4,4264,1537,62,4428,3585,488,1278,252,350,443,1900,203,189,0,7,237,311,945,106,52,3,819,57,983,198,43
"4.7.21",1224,0,46,193,50,14,775,6,106,1627,17,35,713,36,1293,243,43,18,23344,231,225,7,45,430,3,3,341,80,69,4791,276,4,4285,1544,62,4433,3588,493,1278,252,350,444,1900,203,189,0,7,238,310,947,106,52,3,820,57,986,198,43
"4.8.21",1232,0,46,193,50,14,775,6,106,1627,17,35,713,36,1298,243,43,18,23390,231,226,7,45,430,3,3,342,80,69,4810,277,4,4296,1561,62,4445,3592,494,1279,252,350,444,1905,203,189,0,7,238,310,948,106,52,3,821,57,986,198,43
"4.9.21",1237,0,46,193,50,14,777,6,106,1630,17,35,717,36,1304,242,43,18,23431,231,226,7,46,435,3,3,344,80,69,4826,278,4,4325,1564,62,4467,3600,497,1281,252,350,444,1923,203,189,0,7,238,310,948,106,52,3,824,57,987,198,43
"4.10.21",1238,0,46,193,50,14,778,6,106,1633,17,35,717,36,1304,241,43,18,23467,231,226,7,46,435,3,3,346,79,69,4831,278,4,4336,1566,62,4489,3613,498,1288,253,350,444,1923,203,189,0,7,238,310,948,106,52,3,824,57,985,198,43
"4.11.21",1238,0,46,193,50,14,777,6,106,1633,17,35,717,36,1304,241,43,18,23493,231,226,7,46,435,3,3,346,80,69,4839,278,4,4336,1566,62,4492,3621,498,1288,253,353,444,1923,203,190,0,7,238,310,949,106,52,3,824,57,985,198,43
"4.12.21",1238,0,46,193,50,14,777,6,106,1633,17,35,717,36,1304,241,43,18,23503,231,224,7,46,435,3,3,346,80,69,4839,278,4,4336,1566,62,4493,3621,506,1288,253,353,444,1923,203,190,0,7,238,310,949,106,52,3,824,57,985,198,43
"4.13.21",1239,0,46,196,50,14,778,6,106,1636,17,35,718,36,1306,243,43,18,23505,231,224,7,46,435,3,3,347,79,69,4849,280,4,4348,1569,62,4521,3623,506,1288,253,353,444,1923,203,190,0,10,239,311,950,106,52,3,825,57,986,198,44
"4.14.21",1247,0,46,196,50,14,781,6,106,1640,17,35,718,36,1306,243,43,18,23553,231,226,7,46,436,3,3,347,79,70,4862,280,4,4358,1570,62,4523,3648,510,1288,253,352,445,1922,203,190,0,10,239,311,951,106,52,3,827,57,986,198,44
"4.15.21",1246,0,46,196,50,14,781,6,106,1642,17,35,718,36,1311,242,43,18,23579,231,226,7,46,437,3,3,347,79,70,4869,281,4,4363,1570,63,4544,3653,510,1288,253,352,446,1927,203,190,0,10,239,311,953,109,52,3,829,57,989,198,44
"4.16.21",1245,0,46,196,50,14,782,6,106,1643,17,35,719,36,1317,243,43,18,23601,231,226,7,46,438,3,3,351,79,70,4886,282,4,4369,1572,63,4550,3662,517,1288,253,352,446,1941,204,190,0,10,239,311,953,109,52,3,830,58,994,198,44
"4.17.21",1247,0,46,196,50,14,782,6,106,1646,17,35,719,36,1322,243,43,18,23628,231,226,7,46,441,3,3,356,79,70,4891,282,4,4371,1572,63,4555,3674,523,1288,254,352,446,1944,204,191,0,10,239,311,953,109,52,3,829,58,996,200,44
"4.18.21",1247,0,46,196,50,14,782,6,106,1646,17,35,719,36,1322,243,43,18,23653,231,226,7,46,441,3,3,356,79,70,4896,282,4,4371,1572,63,4556,3674,525,1289,254,352,446,1944,204,193,0,10,239,311,956,109,52,3,829,58,996,200,44
"4.19.21",1247,0,46,196,50,14,782,6,106,1646,17,35,719,36,1322,243,43,18,23648,231,226,7,46,441,3,3,356,79,70,4896,282,4,4371,1572,63,4561,3674,529,1289,254,355,446,1944,204,193,0,10,239,311,956,109,52,3,831,58,996,200,44
"4.20.21",1248,0,46,196,50,14,782,6,106,1650,17,35,719,36,1331,243,43,18,23668,231,227,7,46,441,3,3,363,79,70,4900,282,4,4388,1574,63,4569,3674,529,1289,254,355,445,1944,204,194,0,10,243,311,959,109,52,3,831,58,995,200,44
"4.21.21",1249,0,46,196,50,14,782,6,106,1654,17,35,719,36,1333,243,43,18,23702,231,227,7,46,442,3,3,377,79,70,4902,282,4,4388,1579,63,4572,3681,529,1295,255,355,445,1946,204,195,0,11,244,318,959,110,53,3,828,58,996,200,44
"4.22.21",1253,0,46,196,50,14,782,6,106,1657,17,35,720,36,1335,243,43,18,23736,231,227,7,46,443,3,3,377,79,70,4910,282,4,4398,1585,63,4571,3684,532,1295,255,355,446,1954,205,195,0,11,247,318,959,110,53,3,828,58,996,205,44
"4.23.21",1256,0,46,196,50,14,785,6,106,1662,17,35,720,36,1345,244,43,18,23762,231,227,7,46,443,3,3,377,79,70,4918,282,4,4399,1586,63,4568,3684,532,1295,255,355,447,1965,205,195,0,11,247,318,959,110,53,3,829,58,996,205,44
"4.24.21",1257,0,46,196,50,14,789,6,106,1662,17,35,720,36,1345,244,43,18,23785,231,227,7,46,443,3,3,379,79,70,4924,285,4,4400,1587,63,4568,3688,532,1301,255,355,448,1968,205,195,0,11,247,318,962,110,53,3,830,58,999,205,44
"4.25.21",1256,0,46,196,50,14,789,6,106,1662,17,35,720,36,1345,244,43,18,23802,231,227,7,46,443,3,3,379,79,70,4933,285,4,4401,1587,63,4571,3692,532,1301,255,356,448,1968,205,195,0,11,247,318,965,110,53,3,831,58,999,205,44
"4.26.21",1256,0,46,196,50,14,789,6,106,1662,17,35,720,36,1345,244,43,18,23799,231,227,7,46,443,3,3,379,79,70,4933,285,4,4401,1587,63,4572,3692,532,1301,255,357,448,1968,205,195,0,11,247,318,967,110,53,3,831,58,999,205,44
"4.27.21",1260,0,46,196,50,14,791,6,106,1663,17,35,720,36,1345,244,43,18,23804,235,227,7,46,443,3,3,379,81,70,4939,285,4,4405,1589,63,4575,3692,533,1301,255,358,448,1969,205,195,0,11,248,318,970,110,53,3,832,58,1000,205,44
"4.28.21",1260,0,46,196,50,14,795,6,107,1666,17,36,720,36,1348,245,43,18,23833,235,227,7,46,443,3,3,379,81,70,4944,285,4,4407,1591,63,4582,3698,534,1301,255,358,448,1969,205,195,0,11,248,318,970,110,53,3,832,58,1000,205,44
"4.29.21",1263,0,46,196,50,14,795,6,107,1667,17,36,720,36,1349,245,43,18,23872,235,228,7,46,444,3,3,379,81,70,4948,286,4,4409,1593,63,4609,3700,537,1301,255,358,448,1984,205,196,0,11,248,318,970,110,53,3,832,58,1002,205,44
"4.30.21",1268,0,46,197,50,14,800,6,110,1670,17,36,721,36,1353,246,43,18,23899,235,228,7,46,444,3,3,379,81,70,4957,287,4,4412,1596,63,4640,3702,538,1306,255,380,451,1988,207,196,0,11,249,318,970,110,53,3,836,61,1004,208,44
"5.1.21",1270,0,46,198,50,14,800,6,110,1678,17,36,721,36,1354,246,43,18,23919,235,228,7,46,444,3,3,379,81,70,4965,287,4,4412,1602,63,4652,3706,541,1325,254,411,453,1988,207,196,0,11,249,318,971,110,53,3,835,61,1005,208,44
"5.2.21",1272,0,46,198,50,14,800,6,110,1678,17,36,721,36,1354,246,43,18,23946,235,228,7,46,444,3,3,380,81,70,4969,287,4,4412,1602,63,4655,3712,541,1325,254,412,453,1988,207,196,0,11,249,318,971,111,53,3,835,61,1005,208,44
"5.3.21",1272,0,46,198,50,14,799,6,110,1678,17,36,720,36,1354,246,43,18,23943,235,228,7,46,444,3,3,380,81,70,4969,287,4,4412,1602,63,4659,3712,541,1325,254,413,453,1988,207,196,0,11,249,318,973,111,53,3,835,61,1005,208,44
"5.4.21",1277,0,46,198,52,14,799,6,110,1677,17,36,720,36,1358,246,43,18,23942,235,228,7,46,444,3,3,380,81,70,4978,287,4,4411,1604,63,4668,3713,541,1342,255,415,453,1988,207,197,0,11,249,318,974,111,53,3,835,61,1005,208,44
"5.5.21",1278,0,46,198,52,14,803,6,111,1680,17,36,720,36,1361,246,43,18,23957,235,228,7,46,444,3,3,379,81,70,4979,287,4,4414,1607,63,4677,3716,543,1345,256,415,453,1992,207,197,0,11,249,318,974,111,53,3,835,63,1005,209,44
"5.6.21",1278,0,46,198,52,14,802,6,112,1680,17,36,720,36,1367,246,43,18,23977,238,228,7,46,444,3,3,379,81,70,4992,286,4,4422,1609,63,4683,3716,543,1350,256,424,453,2001,206,197,0,12,249,318,975,111,53,3,836,63,1005,209,46
"5.7.21",1280,0,46,199,52,14,804,8,112,1684,17,36,721,36,1367,246,43,18,23991,238,228,7,46,446,3,3,380,81,70,5000,286,4,4426,1609,63,4697,3718,543,1351,256,424,453,2002,206,197,0,13,249,318,977,111,57,3,837,63,1008,209,46
"5.8.21",1284,0,46,199,52,14,803,8,113,1682,17,36,721,36,1373,246,43,18,24008,238,228,7,46,448,3,3,380,81,70,5005,286,4,4427,1610,63,4707,3725,543,1356,256,424,456,2003,206,197,0,13,249,318,977,111,62,3,837,63,1008,209,46
"5.9.21",1284,0,46,199,52,14,806,8,113,1682,17,36,722,36,1373,246,43,18,24022,238,228,7,46,448,3,3,380,81,70,5008,286,4,4427,1612,63,4707,3725,543,1356,256,424,456,2003,206,197,0,13,250,318,977,111,62,3,837,63,1008,209,46
"5.10.21",1284,0,46,199,52,14,806,8,113,1682,17,36,722,36,1373,246,43,18,24026,238,228,7,46,448,3,3,380,81,70,5008,286,4,4427,1613,63,4707,3725,543,1356,256,424,456,2003,206,197,0,13,250,318,977,111,62,3,837,63,1008,209,46
"5.11.21",1290,0,46,199,52,14,806,8,112,1686,17,37,722,36,1373,246,43,18,24030,238,227,7,46,449,3,3,380,81,70,5017,287,4,4429,1616,63,4707,3725,543,1356,255,425,456,2005,206,197,0,13,250,318,978,112,62,3,837,63,1008,210,46
"5.12.21",1261,0,46,199,53,14,805,8,112,1688,17,37,726,36,1373,246,43,18,24048,238,227,7,46,450,3,3,380,82,70,5023,288,4,4431,1621,63,4715,3729,544,1356,255,426,456,2005,207,198,0,13,252,320,978,112,62,3,838,63,1010,210,47
"5.13.21",1250,0,46,196,53,14,806,8,112,1687,17,37,729,36,1374,246,43,18,24067,238,227,7,46,450,3,3,380,82,70,5026,288,4,4433,1626,63,4722,3729,544,1357,255,426,456,2013,208,199,0,14,252,321,979,112,63,3,837,63,1012,210,47
"5.14.21",1249,0,46,192,53,14,806,8,113,1688,17,37,728,36,1374,246,43,18,24083,238,227,7,46,450,3,3,380,82,70,5028,287,4,4433,1627,63,4721,3732,545,1359,256,428,456,2014,207,199,0,14,252,321,980,113,63,3,836,63,1014,210,47
"5.15.21",1252,0,46,192,53,14,805,8,112,1690,17,42,729,36,1376,246,43,18,24101,238,227,7,46,450,3,3,379,82,70,5030,289,4,4433,1628,63,4724,3737,546,1359,256,428,459,2016,206,199,0,15,253,321,980,113,63,3,837,63,1017,211,49
"5.16.21",1253,0,46,192,53,14,805,8,112,1690,17,42,729,36,1376,246,43,18,24115,238,227,7,46,450,3,3,379,82,70,5031,289,4,4433,1628,63,4724,3742,546,1359,256,428,459,2015,206,199,0,15,253,321,982,113,63,3,837,64,1017,211,49
"5.17.21",1253,0,46,192,53,14,805,8,112,1690,17,42,729,36,1376,246,43,18,24120,238,227,7,46,450,3,3,379,82,70,5031,289,4,4433,1629,63,4724,3742,546,1359,256,428,459,2015,206,199,0,15,253,321,982,113,63,3,836,64,1017,211,49
"5.18.21",1254,0,46,191,54,14,808,8,112,1690,17,42,730,36,1376,247,43,18,24123,238,227,7,47,452,3,3,379,82,70,5031,291,4,4438,1629,63,4722,3742,546,1368,256,428,459,2014,207,199,0,16,253,321,984,113,63,3,836,64,1017,211,49
"5.19.21",1260,0,46,188,54,15,808,8,112,1693,17,42,732,36,1379,246,43,18,24133,238,227,7,47,452,3,3,379,82,70,5034,291,4,4442,1629,63,4725,3746,546,1369,256,429,459,2015,207,199,0,16,253,321,984,113,63,3,837,64,1019,211,49
"5.20.21",1264,0,46,188,54,15,809,8,112,1696,17,42,732,36,1379,246,43,18,24143,238,227,7,47,454,3,3,379,82,70,5038,292,4,4442,1629,63,4728,3749,546,1371,256,432,459,2029,207,199,0,16,253,321,984,113,63,3,837,65,1019,211,49
"5.21.21",1263,0,46,188,54,15,810,8,112,1698,17,42,732,36,1380,246,43,18,24168,238,227,7,47,455,3,3,379,82,70,5042,292,4,4442,1632,63,4744,3749,546,1371,256,432,459,2029,207,199,0,16,254,321,984,113,63,3,838,65,1021,213,49
"5.22.21",1263,0,46,189,54,15,809,8,112,1698,17,42,735,36,1383,246,43,18,24180,239,227,7,47,455,3,3,379,82,70,5047,292,4,4442,1632,63,4747,3751,547,1371,256,433,459,2030,207,199,0,17,254,321,984,113,63,3,838,65,1022,213,49
"5.23.21",1263,0,46,189,54,15,809,8,112,1698,17,42,735,36,1383,246,43,18,24192,239,227,7,47,455,3,3,379,82,70,5049,292,4,4442,1632,63,4747,3751,547,1371,256,433,459,2030,207,200,0,17,254,321,984,113,63,3,838,65,1022,213,49
"5.24.21",1263,0,46,189,54,15,809,8,112,1698,17,42,735,36,1383,246,43,18,24197,239,227,7,47,455,3,3,379,82,70,5052,292,4,4442,1632,63,4747,3751,547,1371,256,433,459,2030,207,200,0,17,254,321,986,113,63,3,838,65,1022,213,49
"5.25.21",1263,0,46,189,55,15,809,8,112,1701,17,42,735,36,1385,245,44,18,24201,240,227,7,47,455,3,3,379,82,70,5056,292,4,4443,1633,63,4755,3753,546,1387,256,435,459,2032,207,200,0,18,256,321,989,112,63,3,838,66,1022,213,49
"5.26.21",1266,0,46,190,55,15,812,8,112,1702,18,42,734,36,1385,245,45,18,24212,240,227,7,47,455,3,3,379,82,70,5057,293,4,4443,1637,63,4755,3755,546,1388,256,436,459,2031,207,201,0,18,257,321,989,112,63,3,839,66,1023,213,49
"5.27.21",1274,0,46,190,55,15,813,8,112,1704,18,42,736,35,1386,245,45,18,24323,240,229,7,47,455,3,3,379,82,71,5058,293,4,4443,1642,63,4756,3756,546,1388,256,436,456,2053,207,201,0,18,257,321,989,111,63,3,840,66,1023,213,48
"5.28.21",1261,0,46,190,55,15,813,8,110,1705,18,42,736,35,1388,244,45,18,24348,240,229,7,47,455,3,3,379,82,71,5059,293,4,4442,1642,63,4757,3756,546,1383,256,439,455,2056,207,202,0,19,256,321,989,111,63,3,846,63,1021,210,48
"5.29.21",1253,0,46,190,55,15,813,8,110,1706,18,42,736,35,1389,244,45,18,24357,240,229,7,47,456,3,3,379,82,72,5063,293,4,4442,1643,63,4757,3756,550,1383,256,439,456,2056,207,202,0,21,256,322,990,111,63,3,845,63,1021,210,48
"5.30.21",1253,0,46,190,55,15,813,8,110,1706,18,42,736,35,1389,244,45,18,24359,240,229,7,47,456,3,3,379,82,72,5065,293,4,4442,1644,63,4758,3756,550,1383,256,439,456,2057,207,202,0,21,256,322,990,111,63,3,845,63,1021,210,48
"5.31.21",1253,0,46,193,55,15,813,8,110,1706,18,42,736,35,1389,244,45,18,24360,240,229,7,47,456,3,3,379,82,72,5065,293,4,4442,1644,63,4758,3756,550,1383,256,442,456,2057,207,202,0,21,256,322,990,111,63,3,845,63,1021,210,48
"6.1.21",1253,0,46,193,55,15,813,8,110,1706,18,42,736,35,1389,244,45,18,24364,240,229,7,47,456,3,3,379,82,72,5065,293,4,4442,1644,63,4758,3756,550,1383,256,462,456,2057,207,202,0,21,256,322,990,111,63,3,845,63,1021,210,48
"6.2.21",1254,0,46,193,55,15,814,8,110,1707,19,42,738,35,1394,244,45,18,24367,240,229,7,47,458,3,3,380,82,72,5068,293,4,4445,1649,63,4760,3760,550,1387,255,464,456,2058,207,202,0,21,256,322,990,111,63,3,846,63,1020,210,48
"6.3.21",1257,0,46,193,55,15,816,8,112,1709,19,42,738,35,1394,244,45,18,24375,240,230,7,47,459,3,3,415,81,72,5070,293,4,4447,1654,63,4762,3761,551,1388,255,467,459,2058,207,202,0,21,256,322,990,111,63,3,848,63,1023,210,49
"6.4.21",1263,0,46,193,55,15,816,8,112,1712,19,42,738,35,1396,244,45,18,24386,240,229,7,47,459,3,3,415,80,72,5073,293,4,4452,1654,63,4768,3763,551,1388,255,478,459,2065,207,202,0,21,256,323,990,111,63,3,847,63,1023,210,49
"6.5.21",1268,0,46,194,55,15,817,8,113,1717,19,42,738,35,1398,244,45,18,24400,240,229,7,47,459,3,3,415,80,72,5078,293,4,4451,1655,63,4772,3764,552,1388,255,664,459,2066,208,202,0,21,257,323,990,111,63,3,847,63,1025,210,49
"6.6.21",1267,0,46,194,55,15,817,8,113,1717,19,42,738,35,1398,244,45,18,24411,240,229,7,47,459,3,3,415,80,72,5083,293,4,4451,1655,63,4773,3764,552,1388,255,664,459,2066,208,202,0,21,258,323,991,111,63,3,847,63,1025,210,49
"6.7.21",1267,0,46,194,55,15,817,8,113,1717,19,42,738,35,1398,244,45,18,24410,240,229,7,47,459,3,3,415,80,72,5083,293,4,4451,1655,63,4775,3764,552,1388,255,664,459,2066,208,202,0,21,258,323,991,111,63,3,847,63,1025,211,49
"6.8.21",1267,0,46,194,55,15,803,8,113,1717,19,42,738,35,1399,245,45,18,24413,240,229,7,47,461,3,3,415,80,72,5088,293,4,4452,1654,63,4778,3764,552,1390,255,663,459,2068,208,202,0,21,259,323,991,111,63,3,847,63,1026,212,50
"6.9.21",1271,0,46,194,55,15,803,8,113,1717,19,42,739,35,1400,245,45,18,24426,240,229,7,47,461,3,3,415,80,72,5090,293,4,4450,1657,63,4782,3765,552,1392,256,666,460,2068,208,202,0,25,264,323,991,111,63,3,847,63,1026,212,50
"6.10.21",1275,0,46,194,55,15,807,8,113,1717,19,42,739,35,1400,245,45,18,24432,240,229,7,48,461,3,3,415,80,72,5092,293,4,4450,1658,63,4782,3766,552,1393,256,666,460,2075,208,202,0,25,265,323,992,112,63,3,848,63,1026,212,50
"6.11.21",1278,0,46,194,55,15,808,8,113,1720,19,42,741,35,1400,245,45,18,24440,240,229,7,49,461,3,3,415,80,72,5097,294,4,4451,1659,63,4788,3768,555,1397,256,542,460,2083,208,202,0,25,266,323,992,112,63,3,848,63,1026,212,50
"6.12.21",1271,0,46,194,55,15,810,8,113,1720,19,42,741,35,1400,245,45,18,24434,240,229,7,49,461,3,3,415,80,72,5101,295,4,4453,1658,63,4788,3770,555,1398,256,542,460,2085,208,202,0,25,266,323,992,112,63,3,848,63,1028,212,50
"6.13.21",1264,0,46,194,55,15,810,8,113,1719,19,42,741,35,1400,245,45,18,24434,240,229,7,49,461,3,3,415,80,72,5103,295,4,4453,1658,63,4788,3770,555,1398,256,542,460,2085,208,202,0,26,266,323,992,112,63,3,848,63,1028,212,50
"6.14.21",1264,0,46,194,55,15,810,8,113,1719,19,42,741,35,1400,245,45,19,24433,240,229,7,49,461,3,3,415,80,72,5103,298,4,4453,1661,63,4790,3770,555,1398,256,543,460,2085,208,202,0,26,266,323,992,112,63,3,848,63,1028,212,50
"6.15.21",1262,0,46,194,55,15,810,8,113,1722,19,42,741,35,1401,245,45,19,24434,240,229,7,49,461,3,3,416,80,72,5103,298,4,4455,1662,63,4790,3770,555,1399,257,543,460,2086,208,202,0,26,266,323,994,113,63,3,848,63,1029,212,51
"6.16.21",1265,0,46,194,55,15,810,8,113,1722,19,42,741,35,1401,245,45,19,24435,240,229,7,49,463,3,3,416,80,72,5105,298,4,4457,1665,63,4797,3770,555,1399,257,542,460,2087,208,202,0,26,266,323,994,113,63,3,849,63,1029,212,51
"6.17.21",1262,0,46,194,55,15,810,8,113,1722,19,42,741,35,1401,245,45,19,24439,241,229,7,49,464,3,3,416,80,72,5109,298,4,4458,1666,63,4811,3770,556,1403,257,542,453,2093,208,203,0,27,266,323,994,113,63,3,849,63,1030,212,51
"6.18.21",1263,0,46,194,55,15,813,8,113,1722,19,42,740,35,1402,245,45,19,24444,241,230,7,49,464,3,3,427,80,72,5109,298,4,4457,1669,63,4826,3771,556,1403,257,542,455,2093,208,203,0,27,266,313,994,113,63,3,849,63,1031,212,51
"6.19.21",1263,0,46,194,55,15,813,8,113,1724,19,42,740,35,1404,245,45,19,24451,240,230,7,49,465,3,3,427,80,72,5108,298,4,4456,1669,63,4844,3771,556,1405,257,542,455,2093,208,203,0,27,266,314,994,113,63,3,849,63,1031,212,51
"6.20.21",1263,0,46,194,55,15,813,8,113,1724,19,42,740,35,1404,245,45,19,24454,240,230,7,49,465,3,3,427,80,72,5112,298,4,4456,1669,63,4845,3771,556,1405,257,542,455,2093,208,203,0,27,266,314,994,113,63,3,849,63,1031,212,51
"6.21.21",1262,0,46,195,55,15,813,8,113,1724,19,42,740,35,1404,245,45,19,24456,240,230,7,49,465,3,3,427,80,72,5113,298,4,4456,1669,63,4850,3771,556,1405,257,542,455,2093,208,204,0,27,266,314,995,113,63,3,849,63,1031,212,51
"6.22.21",1263,0,46,198,55,15,813,8,113,1724,19,42,740,35,1404,245,45,19,24459,240,230,7,49,464,3,3,427,80,72,5113,299,4,4456,1670,63,4873,3771,556,1405,257,542,454,2095,209,204,0,28,267,314,996,113,63,3,850,64,1032,212,51
"6.23.21",1266,0,46,198,55,15,813,8,115,1724,20,48,740,35,1405,245,53,19,24461,240,230,7,49,465,3,3,439,80,72,5114,299,4,4462,1671,63,4886,3777,559,1405,257,542,454,2098,209,204,0,28,267,314,996,113,63,3,850,64,1032,212,51
"6.24.21",1268,0,46,198,55,15,813,8,115,1727,20,49,740,35,1405,246,56,19,24472,240,232,7,49,466,3,3,451,80,72,5116,299,4,4473,1672,63,4898,3778,559,1408,256,542,454,2103,208,205,0,28,267,314,997,113,63,3,850,64,1032,213,51
"6.25.21",1271,0,46,198,55,15,815,8,115,1727,20,49,740,35,1405,246,56,19,24480,240,232,7,49,467,3,3,462,81,72,5117,299,4,4490,1673,63,4911,3779,559,1410,256,537,454,2103,208,205,0,29,267,314,998,114,63,3,850,64,1032,213,51
"6.26.21",1259,0,46,198,55,15,816,8,115,1727,20,49,741,35,1405,246,56,19,24483,240,232,7,49,469,3,3,462,81,72,5119,299,4,4505,1675,63,4928,3780,559,1411,256,539,455,2103,208,205,0,29,267,315,1001,114,63,3,850,64,1032,213,51
"6.27.21",1259,0,46,198,55,15,816,8,115,1727,20,49,741,35,1405,246,56,19,24490,240,232,7,49,469,3,3,462,81,72,5123,299,4,4507,1675,63,4927,3780,559,1411,256,539,455,2103,208,205,0,29,267,315,1001,114,63,3,850,64,1032,213,51
"6.28.21",1259,0,46,198,55,15,816,8,115,1727,20,49,741,35,1406,246,56,19,24493,240,232,7,49,469,3,3,462,81,72,5123,299,4,4507,1675,63,4928,3780,559,1411,256,540,455,2103,208,205,0,29,267,315,1001,114,63,3,850,64,1032,213,51
"6.29.21",1257,0,46,201,55,15,817,8,113,1725,20,49,737,35,1406,245,56,19,24496,240,232,7,49,469,3,3,471,81,72,5123,299,4,4524,1677,63,4940,3780,558,1409,256,540,455,2090,208,205,0,29,268,316,1001,114,63,3,852,64,1032,213,51
"6.30.21",1256,0,46,201,55,15,818,8,113,1727,20,49,739,35,1407,245,56,19,24498,240,232,7,49,469,4,3,492,81,72,5124,299,4,4535,1676,63,4975,3780,558,1409,256,537,456,2090,208,205,0,29,268,316,1001,114,63,3,853,64,1032,213,51
"7.1.21",1253,0,46,201,55,15,818,8,113,1727,20,49,739,35,1407,245,62,19,24499,240,233,7,49,469,4,3,492,81,72,5125,299,4,4536,1676,63,5003,3780,558,1409,256,541,456,2090,208,205,0,29,268,316,1001,114,63,3,853,64,1033,213,51
"7.2.21",1253,0,46,201,55,15,818,8,113,1727,20,49,739,35,1408,245,62,19,24506,240,233,7,49,469,4,3,492,81,72,5126,299,4,4536,1676,63,5003,3780,558,1409,256,541,456,2090,208,205,0,29,268,316,1001,114,63,3,853,64,1033,213,51
"7.3.21",1253,0,46,201,55,15,818,8,113,1727,20,49,739,35,1408,245,62,19,24506,240,233,7,49,469,4,3,492,81,72,5126,299,4,4536,1676,63,5003,3780,558,1409,256,541,456,2090,208,205,0,29,268,316,1001,114,63,3,853,64,1033,213,51
"7.4.21",1253,0,46,201,55,15,818,8,113,1727,20,49,739,35,1408,245,62,19,24506,240,233,7,49,469,4,3,492,81,72,5126,299,4,4536,1676,63,5003,3780,558,1409,256,541,456,2090,208,205,0,29,268,316,1001,114,63,3,853,64,1033,213,51
"7.5.21",1253,0,47,201,55,16,820,8,113,1727,20,49,739,36,1408,245,63,19,24506,241,233,7,49,470,4,3,494,81,72,5126,302,4,4539,1679,63,5037,3780,558,1410,257,541,460,2095,208,205,0,29,268,316,1002,114,63,3,853,64,1033,213,51
"7.6.21",1253,0,47,201,55,16,820,8,113,1727,20,49,739,36,1408,245,63,19,24522,241,233,7,49,470,4,3,494,81,72,5129,302,4,4539,1679,63,5056,3782,558,1410,257,541,460,2095,207,206,0,29,268,316,1002,114,63,3,853,64,1033,213,51
"7.7.21",1253,0,47,202,57,16,821,8,114,1729,20,51,740,36,1409,245,63,19,24525,241,233,7,49,470,4,3,494,81,72,5129,302,4,4538,1682,63,5087,3782,558,1410,258,542,460,2094,207,207,0,29,268,316,1003,114,63,3,853,64,1036,213,51
"7.8.21",1252,0,47,202,57,16,821,8,114,1730,20,51,741,36,1409,246,63,19,24531,241,233,7,49,470,4,3,499,81,72,5132,302,4,4541,1682,63,5117,3783,559,1412,258,542,460,2094,207,207,0,29,268,317,1003,114,63,3,853,64,1039,213,52
"7.9.21",1252,0,47,202,57,16,821,8,114,1730,20,51,741,36,1409,246,63,19,24542,241,233,7,49,470,4,3,499,81,72,5135,302,4,4541,1682,63,5117,3784,559,1412,258,542,460,2094,207,207,0,29,268,317,1004,114,63,3,853,64,1039,213,52
"7.10.21",1252,0,47,202,57,16,821,8,114,1730,20,51,741,36,1409,246,63,19,24542,241,233,7,49,470,4,3,499,81,72,5135,302,4,4541,1682,63,5117,3784,559,1412,258,542,460,2094,207,207,0,29,268,317,1005,114,63,3,853,64,1039,213,52
"7.11.21",1254,0,47,202,57,16,823,8,114,1728,20,51,741,36,1409,246,63,19,24542,240,233,7,49,471,4,3,504,81,72,5135,302,4,4541,1685,63,5167,3784,559,1415,258,542,461,2098,207,207,0,29,268,322,1005,114,63,3,853,64,1040,213,52
"7.12.21",1254,0,47,202,57,16,823,8,114,1728,20,51,741,36,1412,246,63,19,24558,240,233,7,49,471,4,3,504,81,72,5136,302,4,4541,1685,63,5171,3785,559,1415,258,542,461,2098,207,208,0,29,268,322,1005,114,63,3,853,64,1040,213,52
"7.13.21",1255,0,48,202,57,16,823,8,114,1727,20,51,741,36,1412,246,63,19,24559,240,233,7,49,471,4,3,504,81,72,5136,303,4,4541,1687,63,5183,3785,559,1417,258,542,461,2098,207,208,0,29,268,322,1005,114,64,3,853,64,1040,213,52
"7.14.21",1255,0,48,202,57,16,823,8,114,1728,20,52,742,36,1413,246,63,19,24569,240,233,7,49,471,4,3,504,81,72,5136,303,4,4542,1688,63,5193,3785,559,1416,258,542,461,2098,207,208,0,29,268,322,1006,114,64,3,853,64,1040,213,52
"7.15.21",1255,0,48,202,57,16,824,8,114,1730,20,52,742,36,1413,246,64,19,24578,240,234,7,49,471,5,3,515,81,72,5137,303,4,4542,1694,63,5218,3786,560,1430,258,542,461,2097,207,208,0,29,263,322,1006,114,64,3,854,64,1041,213,52
"7.16.21",1255,0,48,202,57,16,824,8,114,1730,20,52,742,36,1414,246,64,19,24582,240,234,7,49,471,5,3,515,81,72,5136,303,4,4542,1694,63,5218,3786,560,1430,258,542,461,2097,207,208,0,29,263,322,1006,114,64,3,854,64,1041,213,52
"7.17.21",1255,0,48,202,57,16,824,8,114,1730,20,52,742,36,1414,246,64,19,24582,240,234,7,49,471,5,3,515,81,72,5136,303,4,4542,1694,63,5218,3786,560,1430,258,542,461,2097,207,208,0,29,263,322,1006,114,64,3,854,64,1041,213,52
"7.18.21",1256,0,48,202,57,16,825,8,114,1731,20,52,742,36,1414,246,64,19,24583,244,234,7,49,471,5,3,515,81,72,5136,303,4,4543,1696,63,5233,3786,560,1431,259,542,461,2098,207,208,0,31,261,325,1006,114,65,3,855,64,1041,213,52
"7.19.21",1256,0,48,202,57,16,825,8,114,1731,20,52,742,36,1416,246,64,19,24598,244,234,7,49,472,5,3,515,81,72,5138,303,4,4543,1696,63,5235,3786,560,1431,259,542,461,2098,207,208,0,31,261,325,1006,114,65,3,855,64,1041,213,52
"7.20.21",1256,0,48,203,57,16,825,8,116,1736,20,52,742,36,1416,246,64,19,24600,245,234,7,49,473,5,3,515,81,72,5138,303,4,4543,1695,63,5231,3786,558,1433,259,542,462,2098,207,208,0,31,258,326,1006,114,65,3,854,64,1041,213,52
"7.21.21",1256,0,48,203,57,16,827,8,116,1736,20,52,742,38,1416,246,64,19,24603,245,238,7,49,473,5,3,515,81,72,5139,303,4,4552,1696,63,5230,3787,559,1434,260,542,465,2099,207,208,0,31,258,327,1007,113,65,3,854,64,1041,213,52
"7.22.21",1259,0,48,203,57,16,830,8,116,1736,20,52,742,38,1416,246,64,19,24609,245,238,7,49,473,5,3,521,81,72,5139,303,4,4552,1698,63,5236,3788,561,1436,260,542,465,2099,207,209,0,31,259,327,1007,115,65,3,854,64,1041,214,51
"7.23.21",1259,0,48,203,57,16,830,8,116,1736,20,52,742,38,1417,246,64,19,24623,245,238,7,49,473,5,3,521,81,72,5141,303,4,4552,1698,63,5236,3793,561,1436,260,542,465,2099,207,209,0,31,259,327,1008,115,65,3,854,64,1041,214,51
"7.24.21",1259,0,48,203,57,16,830,8,116,1736,20,52,742,38,1417,246,64,19,24624,245,238,7,49,473,5,3,521,81,72,5141,303,4,4552,1698,63,5236,3793,561,1436,260,542,465,2099,207,209,0,31,259,327,1009,115,65,3,854,64,1041,214,51
"7.25.21",1259,0,48,203,57,16,830,8,116,1742,20,52,743,38,1417,247,65,19,24628,245,239,7,49,473,5,3,521,82,72,5141,304,5,4553,1704,63,5237,3793,561,1440,260,547,467,2099,207,210,0,31,259,328,1013,115,66,3,854,64,1041,215,51
"7.26.21",1259,0,48,203,57,16,830,8,116,1742,20,52,743,38,1419,247,65,19,24643,245,239,7,49,473,5,3,521,82,72,5142,304,5,4553,1705,63,5237,3793,561,1440,260,547,467,2099,207,211,0,31,259,328,1014,115,66,3,854,64,1041,215,51
"7.27.21",1256,0,48,205,57,16,830,8,116,1746,20,52,743,38,1420,248,65,19,24647,245,239,7,49,473,5,3,523,82,72,5142,306,5,4554,1710,63,5236,3798,561,1442,260,547,467,2099,207,211,0,31,261,328,1015,115,66,3,854,64,1043,215,51
"7.28.21",1262,0,48,205,57,16,832,8,116,1744,20,52,743,38,1420,248,65,19,24658,245,239,7,49,474,5,3,524,82,72,5143,306,5,4554,1714,63,5236,3798,561,1443,260,547,467,2099,207,211,0,31,262,328,1015,126,66,3,854,64,1043,215,51
"7.29.21",1265,0,48,205,57,16,832,8,116,1744,20,52,743,38,1425,248,66,19,24677,245,239,7,49,474,5,3,525,82,72,5143,306,5,4554,1720,63,5240,3798,562,1443,260,548,467,2099,207,211,0,31,263,329,1016,127,66,3,854,64,1044,215,50
"7.30.21",1265,0,48,205,57,16,832,8,116,1744,20,52,743,38,1425,248,66,19,24691,245,239,7,49,474,5,3,525,82,72,5144,306,5,4554,1720,63,5240,3798,562,1443,260,548,467,2099,207,211,0,31,263,329,1016,127,66,3,854,64,1044,215,50
"7.31.21",1265,0,48,205,57,16,832,8,116,1744,20,52,743,38,1425,248,66,19,24691,245,239,7,49,474,5,3,525,82,72,5144,306,5,4554,1720,63,5240,3798,562,1443,260,548,467,2099,207,211,0,31,263,329,1016,127,66,3,854,64,1044,215,50
"8.1.21",1270,0,48,205,57,16,836,8,116,1744,20,52,743,38,1425,249,66,19,24691,245,239,7,49,474,5,3,525,82,73,5144,306,5,4562,1727,63,5248,3798,562,1461,261,548,469,2183,207,211,0,31,260,330,1016,127,66,3,854,64,1044,215,50
"8.2.21",1270,0,48,205,57,16,836,8,116,1744,20,52,743,38,1426,249,66,19,24700,245,239,7,49,474,5,3,525,82,73,5146,306,5,4562,1728,63,5253,3798,562,1461,261,548,469,2183,207,211,0,31,260,330,1017,127,66,3,854,64,1044,215,50
"8.3.21",1270,0,48,205,57,16,836,8,117,1746,20,52,745,38,1427,249,66,19,24705,245,243,7,49,476,5,3,525,82,73,5146,305,5,4562,1732,63,5265,3803,562,1461,264,548,469,2183,207,211,0,32,261,330,1017,127,66,3,854,64,1046,215,50
"8.4.21",1274,0,48,205,57,16,840,8,117,1747,20,52,745,38,1428,250,65,19,24721,245,239,7,49,476,5,3,526,82,73,5146,305,5,4562,1736,63,5285,3805,562,1466,262,548,470,2183,208,211,0,32,262,330,1018,127,66,3,855,64,1047,215,50
"8.5.21",1275,0,48,206,57,16,840,8,117,1747,20,52,745,38,1428,249,66,19,24740,245,239,7,49,477,5,3,527,83,73,5146,305,5,4562,1739,63,5284,3806,564,1468,263,548,470,2185,207,211,0,32,262,330,1019,127,66,3,854,64,1047,218,50
"8.6.21",1275,0,48,205,57,16,840,8,117,1747,20,52,745,39,1429,250,66,19,24756,245,239,7,49,477,5,3,527,83,73,5149,305,5,4562,1740,63,5286,3810,565,1469,263,548,470,2185,207,211,0,32,262,333,1021,128,66,3,854,64,1047,218,50
"8.7.21",1276,0,48,205,57,16,840,8,117,1747,20,52,745,39,1429,250,66,19,24772,245,239,7,49,477,5,3,527,83,73,5151,305,5,4562,1744,63,5295,3811,564,1469,263,548,470,2188,209,212,0,32,262,333,1021,129,66,3,854,64,1047,218,50
"8.8.21",1276,0,48,205,57,16,840,8,117,1747,20,52,745,39,1429,250,66,19,24786,245,239,7,49,477,5,3,527,83,73,5153,305,5,4562,1744,63,5295,3811,564,1469,263,548,470,2187,209,212,0,32,262,333,1022,129,66,3,854,64,1047,218,50
"8.9.21",1276,0,48,205,57,16,840,8,117,1747,20,52,745,39,1429,250,66,19,24793,245,239,7,49,477,5,3,527,83,73,5153,305,5,4562,1748,63,5295,3811,564,1469,264,548,470,2187,209,212,0,32,262,333,1024,129,66,3,854,64,1047,218,50
"8.10.21",1281,0,49,205,57,16,840,8,117,1747,20,52,745,39,1429,251,67,20,24806,245,239,7,49,477,5,3,527,83,73,5153,305,5,4564,1755,64,5295,3815,564,1478,264,548,472,1770,209,213,0,33,262,333,1026,130,66,3,854,64,1051,218,50
"8.11.21",1281,0,49,206,57,16,843,8,119,1751,20,52,745,39,1433,250,68,20,24833,245,239,7,49,479,5,3,527,83,74,5155,305,5,4570,1757,64,5296,3818,564,1478,264,548,472,1769,209,216,0,33,262,333,1028,130,66,3,854,64,1051,218,53
"8.12.21",1284,0,49,206,57,17,846,8,118,1753,20,52,745,39,1434,252,68,20,24854,246,239,7,49,480,5,3,527,83,74,5155,306,5,4575,1758,64,5297,3821,564,1479,264,548,473,1769,209,216,0,33,262,333,1030,130,66,3,856,64,1052,224,51
"8.13.21",1284,0,49,206,57,16,848,8,118,1753,20,52,745,39,1434,253,68,20,24874,246,239,7,49,480,5,3,527,83,74,5158,306,5,4581,1758,64,5301,3821,567,1481,265,548,474,1769,209,216,0,33,264,333,1033,130,66,3,856,64,1052,225,51
"8.14.21",1287,0,49,206,57,16,848,8,118,1753,20,52,746,39,1434,254,68,20,24892,246,239,7,49,481,5,3,527,83,74,5159,306,5,4582,1758,64,5301,3824,567,1488,265,548,475,1772,209,216,0,33,263,333,1033,130,66,3,856,64,1052,225,51
"8.15.21",1287,0,49,206,57,16,848,8,118,1753,20,52,746,39,1434,254,68,20,24911,246,239,7,49,481,5,3,527,83,74,5161,306,5,4582,1761,64,5301,3824,567,1488,265,548,475,1773,209,217,0,33,263,333,1035,130,66,3,856,64,1052,225,51
"8.16.21",1287,0,50,206,57,16,848,8,118,1753,20,52,746,39,1436,254,68,20,24918,246,239,7,49,481,5,3,527,83,74,5161,306,5,4582,1762,64,5301,3824,567,1488,265,548,475,1773,209,218,0,33,263,333,1037,130,66,3,856,64,1052,225,51
"8.17.21",1290,0,50,206,59,16,848,8,118,1755,20,52,746,39,1436,254,68,20,24935,246,240,8,51,482,6,3,528,83,75,5161,312,5,4582,1774,64,5302,3824,567,1489,268,551,475,1773,209,218,0,33,269,333,1039,130,66,3,856,64,1053,225,51
"8.18.21",1294,0,50,208,59,16,851,8,118,1759,20,52,746,39,1441,256,69,20,24967,246,240,8,51,484,6,3,532,83,76,5165,312,5,4585,1781,64,5304,3834,568,1491,270,551,475,1773,209,219,0,33,271,333,1039,130,66,3,856,64,1055,225,51
"8.19.21",1294,0,50,211,59,16,852,8,118,1759,20,52,747,39,1443,256,69,21,25002,246,240,8,51,486,6,3,538,83,77,5169,313,5,4589,1801,64,5318,3839,571,1491,271,551,477,1774,209,221,0,33,273,336,1040,133,66,3,856,64,1060,225,51
"8.20.21",1294,0,50,211,59,16,857,8,118,1759,20,52,747,39,1445,256,69,21,25032,246,240,10,51,486,6,3,538,83,77,5176,313,5,4594,1797,64,5322,3846,573,1496,273,551,477,1774,209,223,0,33,277,336,1044,133,66,3,856,73,1061,225,54
"8.21.21",1294,0,50,211,59,16,857,8,118,1759,20,52,748,39,1445,257,69,21,25061,246,240,10,51,488,6,3,538,85,77,5179,314,5,4594,1809,64,5324,3848,573,1498,273,553,478,1778,209,223,0,33,281,336,1047,133,67,3,857,73,1063,226,54
"8.22.21",1294,0,50,211,59,16,857,8,118,1759,20,52,748,39,1445,257,69,21,25080,246,240,10,51,488,6,3,538,85,77,5181,314,5,4594,1802,64,5324,3848,573,1498,274,553,478,1778,209,224,0,33,283,336,1053,133,67,3,856,73,1063,226,54
"8.23.21",1294,0,50,211,59,16,857,8,118,1759,20,52,748,39,1448,257,69,21,25089,246,240,10,51,488,6,3,538,85,77,5181,314,5,4598,1807,64,5324,3848,573,1499,274,553,478,1778,209,225,0,33,283,336,1053,133,67,3,856,73,1063,226,54
"8.24.21",1296,0,50,214,59,16,857,8,118,1761,20,52,748,39,1448,258,72,21,25117,247,240,10,52,491,5,3,539,85,77,5184,318,5,4605,1812,64,5328,3851,574,1508,274,553,478,1779,209,225,0,33,283,336,1057,134,67,3,856,74,1068,231,54
"8.25.21",1296,0,53,214,59,16,863,8,118,1761,20,52,748,39,1452,258,74,21,25152,247,240,10,53,492,5,3,539,87,77,5190,319,5,4610,1827,64,5337,3859,578,1510,276,553,479,1783,210,228,0,33,286,336,1061,134,68,3,866,74,1068,231,54
"8.26.21",1296,0,53,214,59,16,866,8,118,1770,20,53,748,39,1453,260,74,21,25182,247,240,10,55,495,5,3,539,87,80,5197,319,5,4615,1827,64,5339,3869,581,1513,278,553,479,1782,210,228,0,33,286,337,1070,135,68,3,870,74,1080,231,54
"8.27.21",1296,0,53,214,59,16,872,11,119,1774,20,52,750,39,1458,257,74,21,25214,247,240,10,55,495,5,3,539,87,82,5202,320,5,4622,1838,64,5342,3877,581,1524,280,553,480,1783,210,230,0,33,287,342,1074,135,71,3,870,74,1076,231,54
"8.28.21",1296,0,53,214,59,16,872,11,119,1792,20,52,750,39,1458,257,74,21,25240,247,240,10,55,497,5,3,539,88,82,5206,319,5,4623,1844,64,5348,3880,581,1527,280,554,481,1789,210,233,0,33,290,352,1078,136,71,3,870,74,1081,231,55
"8.29.21",1296,0,53,214,59,16,872,11,119,1790,20,52,750,39,1458,259,74,21,25245,247,240,10,55,497,5,3,539,87,82,5222,319,5,4623,1843,64,5347,3880,581,1528,280,554,481,1789,210,233,0,33,290,352,1082,136,71,3,870,74,1082,231,54
"8.30.21",1296,0,53,214,59,16,872,11,119,1790,20,52,750,39,1462,259,74,21,25263,247,240,10,55,497,5,3,539,87,82,5223,319,5,4623,1847,64,5348,3885,581,1528,280,554,481,1789,210,235,0,33,290,352,1085,136,71,3,870,74,1082,231,54
"8.31.21",1297,0,53,216,59,16,871,19,119,1801,20,52,750,39,1465,260,74,22,25284,247,240,10,59,498,5,3,539,88,82,5225,325,5,4627,1863,64,5350,3888,581,1540,282,556,481,1793,210,235,0,33,289,352,1092,136,72,3,870,88,1081,234,54
"9.1.21",1299,0,53,215,59,16,877,24,119,1800,20,52,750,39,1473,263,77,22,25326,247,240,10,59,500,5,3,539,88,82,5229,330,5,4634,1875,64,5364,3908,584,1540,283,558,483,1796,210,239,0,34,293,352,1095,136,72,5,870,88,1089,235,55
"9.2.21",1301,0,53,215,62,16,886,24,119,1804,20,52,751,39,1478,263,78,24,25366,247,242,10,61,508,5,3,539,88,82,5236,330,5,4644,1882,64,5369,3909,587,1540,283,558,486,1799,210,240,0,34,294,352,1101,138,72,6,872,88,1084,235,55
"9.3.21",1301,0,53,215,63,16,886,24,119,1822,20,52,751,39,1482,263,78,25,25401,247,242,10,61,512,5,3,540,89,82,5250,335,5,4653,1886,64,5381,3911,589,1540,283,560,489,1801,210,242,0,34,300,358,1107,139,72,6,872,88,1088,235,55
"9.4.21",1301,0,53,218,63,16,891,24,119,1828,20,52,751,39,1482,263,78,25,25434,249,242,10,61,513,5,3,540,90,82,5253,337,5,4654,1896,64,5393,3914,589,1548,285,560,489,1806,210,244,0,34,300,358,1109,138,74,6,874,88,1090,235,55
"9.5.21",1301,0,53,218,63,16,891,24,119,1828,20,52,751,39,1482,264,78,25,25454,249,242,10,61,513,5,3,540,90,82,5274,337,5,4654,1905,64,5392,3914,589,1548,285,561,489,1807,210,250,0,34,300,358,1119,138,74,6,874,88,1093,235,55
"9.6.21",1301,0,53,218,63,16,891,24,119,1828,20,52,751,39,1482,264,78,25,25465,249,242,10,61,513,5,3,541,90,82,5274,337,5,4666,1905,64,5398,3922,589,1548,286,561,489,1807,210,254,0,34,300,358,1121,138,74,6,874,88,1093,235,55
"9.7.21",1301,0,53,220,63,16,891,24,119,1828,20,52,751,39,1485,267,78,25,25477,249,242,10,61,513,5,3,543,90,82,5274,337,5,4666,1905,64,5407,3922,589,1548,287,561,489,1807,210,256,0,34,300,358,1126,138,74,6,874,88,1093,235,55
"9.8.21",1305,0,56,220,63,16,900,25,119,1831,20,52,751,39,1486,267,79,25,25514,252,242,10,61,516,5,3,554,90,82,5286,337,5,4683,1921,64,5411,3926,589,1561,294,561,490,1810,210,257,0,35,302,360,1130,144,75,6,876,89,1096,239,55
"9.9.21",1306,0,56,221,65,16,904,28,119,1838,20,52,751,39,1491,273,79,25,25533,252,242,10,61,516,5,3,556,90,82,5295,342,5,4701,1929,64,5417,3929,597,1570,296,561,490,1816,210,257,0,35,303,360,1133,144,75,6,879,89,1098,239,55
"9.10.21",1306,0,56,222,65,16,908,28,119,1846,20,52,751,39,1496,274,79,25,25611,252,242,10,61,521,5,3,557,90,83,5299,343,5,4720,1950,64,5422,3941,602,1573,299,564,492,1817,210,258,0,35,305,368,1139,145,77,7,883,89,1104,239,62
"9.11.21",1309,0,56,221,65,16,908,28,119,1853,20,52,751,39,1496,275,82,26,25630,252,242,10,61,521,5,3,558,91,83,5302,344,5,4731,1955,64,5430,3942,603,1581,299,564,494,1820,210,259,0,35,306,368,1146,145,79,7,889,89,1107,239,61
"9.12.21",1309,0,56,221,65,16,908,28,119,1853,20,52,751,39,1496,274,82,26,25630,252,242,10,61,521,5,3,558,91,83,5306,343,5,4731,1959,64,5439,3942,603,1581,299,564,494,1820,210,263,0,35,306,368,1147,145,79,7,887,89,1107,239,61
"9.13.21",1309,0,56,225,65,16,908,28,119,1853,20,52,751,39,1501,275,82,26,25688,252,242,10,61,521,5,3,558,91,83,5312,343,5,4731,1956,64,5441,3961,603,1581,300,564,494,1820,210,266,0,35,306,368,1153,145,79,7,887,89,1107,239,61
"9.14.21",1316,0,57,226,66,16,908,32,123,1856,20,52,752,39,1505,278,83,26,25713,254,242,10,65,526,5,4,558,91,83,5316,350,5,4748,1977,64,5465,3966,603,1596,304,564,495,1828,210,269,0,35,307,369,1159,149,80,7,888,89,1107,239,61
"9.15.21",1317,0,58,228,66,16,913,34,127,1867,20,52,753,39,1510,279,85,26,25748,257,242,12,66,529,5,3,562,95,84,5326,352,5,4769,1981,67,5470,3983,605,1607,306,564,497,1833,210,271,0,35,312,369,1164,151,79,7,890,89,1109,239,61
"9.16.21",1318,0,58,230,66,16,917,34,127,1868,24,80,753,39,1514,280,87,26,25775,257,242,12,67,532,5,3,562,95,84,5337,354,5,4786,1996,67,5474,3994,605,1608,310,564,497,1835,211,273,0,35,312,369,1169,152,83,7,894,89,1110,239,61
"9.17.21",1320,0,58,230,66,16,924,34,127,1882,25,80,755,39,1515,281,87,26,25799,257,242,12,67,533,5,3,564,95,84,5344,362,5,4792,1999,67,5488,4002,605,1610,311,564,498,1838,211,278,0,35,312,369,1173,153,84,7,895,89,1116,239,61
"9.18.21",1320,0,59,230,66,16,924,34,127,1889,25,80,755,39,1515,285,87,27,25828,257,242,12,67,535,5,3,565,95,84,5346,364,5,4802,2016,67,5501,4006,605,1615,313,567,500,1841,211,278,0,35,312,369,1177,153,84,7,896,89,1120,239,61
"9.19.21",1320,0,59,230,66,16,924,34,127,1888,25,80,755,39,1515,284,87,29,25849,257,242,12,67,535,5,3,565,95,84,5354,364,5,4804,2012,67,5506,4006,605,1615,313,567,500,1841,211,279,0,35,312,369,1180,153,84,7,896,89,1120,239,61
"9.20.21",1320,0,59,231,66,16,924,34,127,1889,25,80,755,39,1515,285,87,29,25852,257,242,12,67,536,5,3,565,95,84,5354,364,5,4802,2016,67,5507,4009,605,1615,313,567,500,1841,211,282,0,35,312,369,1184,153,84,7,896,89,1120,239,61
"9.21.21",1321,0,59,232,70,16,924,34,127,1892,25,80,755,39,1521,291,90,29,25870,262,242,12,68,539,5,3,565,95,84,5355,365,5,4817,2027,67,5520,4021,609,1621,314,568,503,1843,212,282,0,36,311,369,1188,153,85,9,896,89,1120,239,61
"9.22.21",1322,0,59,235,70,16,924,35,127,1908,25,80,755,39,1525,292,93,31,25911,262,242,12,70,541,5,3,566,95,84,5363,367,6,4830,2043,67,5528,4027,610,1626,315,568,504,1844,214,288,0,41,312,369,1190,153,86,9,896,89,1122,239,61
"9.23.21",1324,0,59,236,70,16,924,35,130,1927,25,88,755,39,1525,293,92,31,25942,262,242,13,74,546,5,3,567,95,84,5371,367,6,4843,2049,67,5540,4039,615,1628,318,568,505,1844,214,289,0,41,312,369,1194,154,86,9,898,89,1129,239,61
"9.24.21",1324,0,59,236,70,16,924,35,130,1927,25,88,755,39,1532,293,92,31,25972,262,242,13,74,546,5,3,567,95,84,5384,367,6,4843,2049,67,5540,4046,615,1628,318,568,505,1844,214,291,0,41,312,369,1196,154,86,9,898,89,1129,239,61
"9.25.21",1324,0,59,236,70,16,924,35,130,1927,25,88,755,39,1532,293,92,31,25999,262,242,13,74,546,5,3,567,95,84,5384,367,6,4843,2049,67,5540,4051,615,1628,318,568,505,1844,214,293,0,41,312,369,1197,154,86,9,898,89,1129,239,61
"9.26.21",1326,0,59,238,70,18,924,37,132,1939,26,91,756,39,1532,293,95,32,26013,262,242,13,74,548,5,3,571,95,84,5384,370,6,4864,2071,67,5545,4051,622,1633,319,571,505,1852,214,295,0,42,314,370,1201,155,88,9,904,89,1138,239,64
"9.27.21",1327,0,59,239,70,18,924,37,132,1942,26,91,756,39,1540,297,95,32,26035,262,242,13,74,548,5,3,571,95,84,5409,370,6,4864,2076,67,5544,4054,622,1633,320,571,505,1853,214,296,0,42,314,370,1202,155,88,9,904,89,1138,239,64
"9.28.21",1333,0,61,241,72,18,929,39,133,1948,26,91,757,39,1540,295,95,33,26047,266,242,13,78,551,5,3,571,96,84,5418,370,6,4874,2086,69,5540,4054,627,1639,321,571,506,1858,214,299,0,42,316,370,1205,155,88,10,905,89,1143,239,66
"9.29.21",1339,0,61,242,72,18,929,39,136,1957,26,94,757,39,1540,299,97,33,26078,266,242,13,78,552,5,3,571,96,87,5426,379,6,4886,2099,69,5539,4066,629,1645,323,573,507,1861,214,303,0,42,321,370,1212,155,88,10,908,89,1144,239,66
"9.30.21",1343,0,61,243,72,18,933,39,136,1964,26,94,757,39,1544,301,97,34,26106,266,242,13,78,552,5,3,571,96,87,5432,381,6,4895,2099,69,5540,4078,634,1646,323,573,508,1862,214,306,0,42,321,382,1216,160,93,10,908,89,1148,242,66
"10.1.21",1343,0,61,243,72,18,933,39,136,1964,26,94,757,39,1547,301,97,35,26126,266,242,13,78,552,5,3,571,96,87,5436,381,6,4895,2099,69,5540,4081,634,1646,323,573,508,1862,214,310,0,42,321,382,1218,160,93,10,908,89,1148,242,66
"10.2.21",1343,0,61,243,72,18,933,39,136,1964,26,94,757,39,1547,301,97,35,26143,266,242,13,78,552,5,3,571,96,87,5436,381,6,4895,2099,69,5540,4081,634,1646,323,573,508,1862,214,314,0,42,321,382,1222,160,93,10,908,89,1148,242,66
"10.3.21",1349,0,61,245,73,18,937,39,139,1978,26,94,757,39,1547,300,97,37,26153,266,242,13,79,558,5,3,571,96,90,5436,379,6,4924,2120,69,5555,4081,638,1649,325,569,511,1869,216,316,0,42,322,381,1222,164,94,11,924,89,1153,242,68
"10.4.21",1347,0,61,245,73,18,937,39,138,1978,26,94,757,39,1553,303,97,37,26179,266,242,13,79,558,5,3,571,96,90,5447,379,6,4923,2115,69,5551,4090,638,1649,323,569,511,1869,216,318,0,42,322,381,1225,164,95,11,920,89,1153,242,68
"10.5.21",1350,0,61,246,73,18,941,39,140,1987,26,94,759,39,1560,301,97,38,26195,269,242,13,79,562,5,3,573,96,90,5447,382,6,4942,2126,69,5557,4092,641,1651,324,569,511,1873,216,321,0,42,325,383,1228,164,98,11,920,89,1155,245,69
"10.6.21",1353,0,62,247,75,18,953,39,140,2008,26,94,760,39,1566,308,97,38,26226,269,242,13,81,563,5,3,577,96,90,5454,390,6,4953,2141,69,5551,4104,641,1658,323,569,513,1872,217,325,0,42,328,383,1235,164,99,11,926,89,1158,247,69
"10.7.21",1356,0,62,250,75,18,958,39,144,2018,26,97,760,39,1573,308,97,38,26254,271,242,13,82,565,5,3,577,96,90,5463,393,6,4965,2160,71,5556,4111,643,1669,324,569,514,1873,217,326,0,42,329,387,1242,165,99,11,932,89,1158,247,69
"10.8.21",1356,0,62,250,75,18,958,39,144,2018,26,97,760,39,1582,308,97,38,26284,271,242,13,82,565,5,3,577,96,90,5475,393,6,4965,2160,71,5556,4113,643,1669,324,569,514,1873,217,327,0,42,329,387,1244,165,99,11,932,89,1158,247,69
"10.9.21",1356,0,62,250,75,18,958,39,144,2018,26,97,760,39,1582,308,97,38,26308,271,242,13,82,565,5,3,577,96,90,5475,393,6,4965,2160,71,5556,4113,643,1669,324,569,514,1873,217,329,0,42,329,387,1247,165,99,11,932,89,1158,247,69
"10.10.21",1358,0,62,253,75,18,960,39,146,2035,26,101,762,39,1582,308,97,39,26312,272,242,13,81,566,5,3,580,96,90,5475,404,6,4973,2178,71,5551,4113,643,1681,326,569,515,1881,217,331,0,42,329,390,1251,165,102,11,940,89,1160,247,69
"10.11.21",1358,0,62,253,75,18,960,39,146,2036,26,101,762,39,1592,309,97,39,26338,272,242,13,82,566,5,3,580,96,90,5499,404,6,4973,2169,71,5549,4124,643,1681,327,569,515,1882,217,332,0,42,329,390,1252,165,102,11,942,89,1160,247,69
"10.12.21",1357,0,63,256,75,18,960,39,148,2042,26,102,762,39,1596,312,97,39,26346,277,242,15,82,567,5,3,582,97,89,5504,404,6,4973,2170,71,5563,4137,643,1690,327,569,515,1882,218,334,0,42,329,390,1254,168,103,11,944,89,1160,247,70
"10.13.21",1360,0,63,257,79,18,969,39,149,2048,26,102,762,39,1597,312,103,39,26362,277,243,15,82,577,5,3,582,100,90,5508,412,6,4978,2182,71,5562,4141,644,1696,330,569,518,1886,217,336,0,42,334,390,1255,169,103,11,945,89,1162,247,80
"10.14.21",1365,0,64,260,80,18,982,41,149,2051,26,104,764,39,1600,314,104,39,26379,277,243,15,82,577,5,3,582,100,90,5513,412,6,4990,2192,71,5566,4151,645,1708,329,569,521,1890,218,339,0,42,334,390,1258,169,104,11,951,89,1164,247,82
"10.15.21",1365,0,64,260,80,18,982,41,149,2051,26,104,764,39,1605,314,104,39,26398,277,243,15,82,577,5,3,582,100,90,5518,412,6,4990,2192,71,5566,4159,645,1708,329,569,521,1890,218,339,0,42,334,390,1260,169,104,11,951,89,1164,247,82
"10.16.21",1365,0,64,260,80,18,982,41,149,2051,26,104,764,39,1605,314,104,39,26398,277,243,15,82,577,5,3,582,100,90,5518,412,6,4990,2192,71,5566,4163,645,1708,329,569,521,1890,218,343,0,42,334,390,1264,169,104,11,951,89,1164,247,82
"10.17.21",1376,0,64,265,80,18,995,41,149,2063,32,104,764,40,1605,315,104,39,26410,277,243,15,82,579,5,3,583,100,90,5518,420,6,5008,2213,71,5597,4163,644,1721,331,571,522,1895,218,345,0,42,340,392,1267,172,107,11,958,89,1165,248,82
"10.18.21",1376,0,64,265,80,18,995,41,149,2063,32,104,764,40,1615,315,104,40,26443,277,243,15,82,579,5,3,583,100,90,5528,420,6,5008,2213,71,5597,4169,644,1721,331,571,522,1895,218,347,0,42,340,392,1272,172,107,11,958,89,1165,248,82
"10.19.21",1384,0,64,265,80,18,995,41,149,2063,32,107,764,40,1616,320,104,41,26446,285,244,15,87,579,5,3,583,100,90,5531,420,6,5008,2294,72,5606,4170,644,1721,331,622,522,1895,218,348,0,42,339,402,1274,172,107,11,958,89,1165,248,82
"10.20.21",1391,0,64,268,80,18,1004,42,149,2073,33,108,764,40,1632,322,104,42,26473,285,244,15,87,580,5,3,583,100,90,5538,424,8,5020,2303,72,5627,4178,645,1721,332,622,522,1898,218,349,0,46,341,402,1278,174,108,11,958,89,1166,248,82
"10.21.21",1400,0,64,270,81,18,1008,42,149,2084,33,108,766,40,1644,322,104,42,26506,285,244,16,87,581,5,3,587,100,90,5550,425,7,5030,2308,72,5663,4183,646,1721,332,622,523,1896,220,355,0,46,341,402,1285,175,110,11,967,89,1166,248,82
"10.22.21",1400,0,64,273,81,18,1008,42,149,2094,33,109,766,41,1648,325,105,42,26527,285,244,16,87,581,5,3,586,100,90,5562,429,7,5041,2309,72,5692,4183,649,1721,333,623,523,1897,221,359,0,46,341,404,1286,175,110,11,978,90,1167,248,82
"10.23.21",1400,0,64,273,81,18,1008,42,149,2094,33,109,766,41,1648,325,105,43,26540,285,244,16,87,581,5,3,586,100,90,5562,429,7,5041,2309,72,5692,4183,649,1721,333,623,523,1897,221,360,0,46,341,404,1289,175,110,11,978,90,1167,248,82
"10.24.21",1400,0,64,273,81,18,1008,42,149,2094,33,109,766,41,1648,325,105,44,26549,285,244,16,87,581,5,3,586,100,90,5562,429,7,5041,2309,72,5692,4183,649,1721,333,623,523,1897,221,362,0,46,341,404,1293,175,110,11,978,90,1167,248,82
"10.25.21",1415,0,64,273,81,18,1008,42,149,2094,33,109,766,41,1652,325,105,45,26552,285,244,17,88,581,5,3,586,100,90,5578,429,7,5041,2313,74,5720,4196,649,1721,333,623,523,1897,221,363,0,46,341,404,1298,175,110,11,978,90,1167,248,82
"10.26.21",1418,0,64,273,82,18,1017,42,149,2112,33,109,766,41,1652,335,105,45,26579,287,244,17,88,583,5,3,587,100,90,5584,431,7,5056,2322,74,5754,4198,649,1740,336,623,525,1901,221,368,0,46,344,404,1300,176,111,11,986,90,1167,248,82
"10.27.21",1427,0,64,274,81,18,1017,42,153,2122,33,109,766,41,1657,336,105,45,26599,287,244,17,88,583,5,3,588,101,90,5588,434,7,5068,2323,74,5771,4207,655,1748,337,623,525,1903,221,370,0,46,344,404,1304,176,112,11,991,90,1170,248,82
"10.28.21",1432,0,64,274,82,18,1018,42,154,2128,33,110,766,41,1667,335,105,45,26604,287,247,17,88,583,5,3,588,101,90,5592,434,7,5081,2326,75,5777,4207,655,1753,341,623,527,1902,221,373,0,46,346,404,1304,177,113,11,991,90,1172,250,82
"10.29.21",1432,0,64,277,82,19,1024,42,154,2131,33,112,766,41,1669,337,106,45,26626,287,247,17,88,586,5,3,588,101,91,5595,434,7,5088,2326,75,5777,4213,661,1768,341,625,528,1903,221,375,0,46,346,406,1307,178,114,11,995,90,1174,250,82
"10.30.21",1419,0,64,277,82,19,1024,42,154,2131,33,112,766,41,1669,337,106,45,26628,287,247,17,88,586,5,3,588,101,91,5595,434,7,5088,2326,75,5777,4213,661,1768,341,625,528,1903,221,376,0,46,346,406,1310,178,114,11,995,90,1174,250,82
"10.31.21",1419,0,64,277,82,19,1024,42,154,2131,33,112,766,41,1669,337,106,45,26637,287,247,17,88,586,5,3,588,101,91,5595,434,7,5088,2326,75,5777,4213,661,1768,341,625,528,1903,221,377,0,46,346,406,1311,178,114,11,995,90,1174,250,82
"11.1.21",1432,0,64,281,82,18,1025,42,154,2147,33,116,766,41,1673,338,106,45,26644,287,247,17,89,589,5,3,596,101,91,5600,435,7,5104,2333,75,5810,4218,661,1772,343,625,529,1908,221,379,0,46,350,406,1311,179,116,11,1002,90,1178,250,83
"11.2.21",1432,0,64,281,82,19,1025,42,154,2149,33,116,766,41,1673,337,106,45,26661,291,247,17,89,594,5,3,597,101,91,5602,435,7,5115,2343,75,5815,4232,661,1772,343,625,529,1907,221,381,0,46,350,406,1313,179,116,11,1002,90,1178,250,83
"11.3.21",1441,0,66,282,82,19,1025,42,154,2158,33,116,766,41,1694,339,106,45,26683,291,247,17,89,596,5,4,599,104,91,5609,438,7,5116,2348,75,5813,4232,663,1772,348,625,531,1896,222,382,0,46,350,408,1316,179,116,11,1002,90,1178,250,83
"11.4.21",1440,0,66,284,82,20,1025,42,156,2166,33,116,766,41,1699,341,106,45,26695,291,247,17,89,597,5,4,601,103,91,5612,438,7,5131,2357,75,5813,4241,663,1776,348,625,531,1897,222,384,0,46,351,408,1317,179,118,11,1007,90,1178,250,83
"11.5.21",1452,0,66,288,82,19,1025,42,156,2170,33,116,766,41,1706,342,106,45,26719,291,247,17,90,604,5,4,602,103,91,5615,438,7,5138,2359,75,5813,4246,666,1782,350,626,532,1894,222,386,0,48,350,408,1321,180,120,11,1010,90,1180,255,83
"11.6.21",1453,0,66,288,82,19,1025,42,156,2170,33,116,766,41,1706,342,106,46,26740,291,247,17,90,604,5,4,602,103,91,5615,438,7,5138,2359,75,5813,4246,666,1782,350,626,532,1894,222,388,0,48,350,408,1324,180,120,11,1010,90,1180,255,83
"11.7.21",1457,0,66,288,82,19,1025,42,156,2170,33,116,766,41,1706,342,106,47,26750,291,247,17,90,604,5,4,602,103,91,5615,438,7,5138,2359,75,5813,4246,666,1782,350,626,532,1894,222,392,0,48,350,408,1330,180,120,11,1010,90,1180,255,83
"11.8.21",1460,0,66,288,82,19,1028,42,156,2179,34,117,766,41,1706,343,106,47,26752,291,247,17,92,607,5,4,602,103,92,5618,439,7,5152,2364,76,5832,4250,666,1794,350,626,532,1898,222,394,0,51,350,408,1331,180,121,13,1020,90,1182,255,83
"11.9.21",1447,0,66,288,82,19,1028,42,156,2179,34,117,766,41,1706,344,106,48,26762,293,247,17,94,607,5,4,602,103,92,5623,439,7,5152,2373,76,5836,4259,666,1794,350,626,532,1899,222,397,0,50,350,408,1334,180,123,13,1020,90,1182,255,83
"11.10.21",1466,0,66,291,84,19,1028,42,160,2188,34,117,766,42,1730,344,106,49,26796,293,247,17,94,613,5,4,609,103,92,5634,440,7,5160,2376,77,5839,4272,666,1794,350,626,533,1901,222,398,0,52,350,410,1337,180,125,17,1024,90,1182,255,85
"11.11.21",1467,0,66,293,83,19,1028,42,159,2202,34,117,766,42,1730,345,107,49,26814,293,247,17,94,643,5,4,609,103,92,5634,440,7,5175,2376,77,5849,4272,666,1799,351,626,534,1901,222,400,0,53,350,410,1339,181,125,17,1028,90,1182,255,85
"11.12.21",1467,0,66,293,83,19,1028,42,159,2202,34,117,766,42,1733,345,107,49,26838,293,247,17,94,643,5,4,609,103,92,5643,444,7,5175,2379,77,5849,4272,666,1799,351,626,534,1901,222,401,0,53,350,410,1341,181,125,17,1028,90,1182,255,85
"11.13.21",1467,0,66,296,83,19,1028,42,159,2205,34,117,766,42,1733,347,109,49,26856,293,247,17,94,644,5,4,609,103,92,5643,445,8,5187,2379,77,5873,4280,667,1799,351,626,537,1905,223,402,0,54,350,410,1344,181,125,17,1033,90,1183,255,85
"11.14.21",1467,0,66,296,83,19,1028,42,159,2205,34,117,766,42,1733,347,109,49,26862,293,247,17,94,644,5,4,609,103,92,5643,445,8,5187,2379,77,5873,4280,667,1799,351,626,537,1905,223,403,0,54,350,410,1351,181,125,17,1033,90,1183,255,85
"11.15.21",1479,0,66,296,83,19,1038,42,159,2209,34,117,766,42,1733,349,109,49,26872,293,247,17,94,648,5,4,609,103,92,5648,452,7,5199,2382,77,5897,4280,667,1799,352,626,539,1913,223,405,0,54,351,410,1354,181,125,17,1037,90,1183,255,85
"11.16.21",1481,0,66,296,83,19,1038,42,159,2210,34,117,766,42,1734,348,109,49,26903,300,248,17,94,648,5,4,609,103,92,5652,452,7,5199,2388,77,5898,4284,667,1799,351,626,539,1914,223,405,0,54,351,410,1354,181,125,17,1039,90,1183,255,85
"11.17.21",1486,0,66,297,83,19,1038,42,159,2218,34,117,766,42,1741,350,110,49,26923,300,248,17,94,653,5,4,609,103,92,5653,459,7,5208,2394,77,5901,4287,667,1807,356,626,539,1916,222,408,0,54,351,412,1357,181,125,17,1039,90,1183,257,85
"11.18.21",1487,0,66,300,84,19,1039,42,161,2230,34,117,766,44,1751,352,110,49,26949,300,248,17,94,654,5,5,609,103,92,5659,460,7,5229,2405,77,5893,4301,667,1828,354,626,542,1915,222,410,0,54,353,412,1359,181,125,17,1047,90,1183,257,88
"11.19.21",1489,0,66,300,84,19,1043,42,161,2233,35,117,766,44,1763,354,110,49,26973,300,248,17,94,656,5,4,609,103,92,5661,462,7,5265,2409,77,5897,4311,669,1832,355,627,544,1917,222,411,0,54,356,412,1360,181,125,17,1054,90,1186,257,88
"11.20.21",1489,0,66,300,84,19,1043,42,161,2233,35,117,766,44,1763,354,110,50,26999,300,248,17,94,656,5,4,609,103,92,5661,462,7,5265,2409,77,5897,4311,669,1832,355,627,544,1917,222,411,0,54,356,412,1361,181,125,17,1054,90,1186,257,88
"11.21.21",1489,0,66,300,84,19,1043,42,161,2233,35,117,766,44,1763,354,110,50,27010,300,248,17,94,656,5,4,609,103,92,5661,462,7,5265,2409,77,5897,4311,669,1832,355,627,544,1917,222,412,0,54,356,412,1364,181,125,17,1054,90,1186,257,88
"11.22.21",1489,0,66,306,84,19,1045,42,161,2242,36,117,766,44,1764,356,110,51,27017,300,248,17,94,660,5,4,611,104,96,5664,465,7,5283,2415,77,5912,4317,669,1833,358,627,546,1918,222,417,0,54,356,412,1371,181,127,17,1075,90,1186,257,88
"11.23.21",1491,0,66,305,84,19,1045,42,161,2243,36,117,766,44,1769,358,110,52,27046,311,248,17,94,660,5,4,611,104,96,5666,465,7,5283,2422,77,5926,4317,669,1833,358,627,546,1919,222,417,0,54,356,412,1373,181,127,17,1075,90,1186,257,88
"11.24.21",1494,0,66,309,85,19,1045,42,161,2246,36,117,769,45,1781,358,110,52,27074,311,248,18,94,664,5,4,625,104,103,5675,468,7,5306,2423,77,5944,4319,669,1833,358,627,548,1922,222,418,0,54,356,412,1374,181,129,17,1082,90,1188,257,88
"11.25.21",1499,0,66,309,85,19,1045,42,161,2246,36,117,769,45,1781,358,110,52,27074,311,248,18,94,664,5,4,625,104,103,5675,468,7,5306,2423,77,5944,4319,669,1833,358,627,548,1922,222,420,0,54,356,412,1378,181,129,17,1082,90,1188,257,88
"11.26.21",1500,0,66,309,85,19,1045,42,161,2246,36,117,769,45,1781,358,110,52,27102,311,248,18,94,664,5,4,625,104,103,5675,468,7,5306,2423,77,5944,4319,669,1833,358,629,548,1922,222,420,0,54,356,412,1378,181,129,17,1082,90,1188,257,88
"11.27.21",1504,0,66,309,85,19,1045,42,161,2246,36,117,769,45,1781,358,110,53,27121,311,248,18,94,664,5,4,625,104,103,5675,468,7,5306,2423,77,5944,4319,669,1833,358,629,548,1922,222,420,0,54,356,412,1380,181,129,17,1082,90,1188,257,88
"11.28.21",1504,0,66,309,85,19,1045,42,161,2246,36,117,769,45,1781,358,110,53,27128,311,248,18,94,664,5,4,625,104,103,5675,468,7,5306,2423,77,5944,4319,669,1833,358,629,548,1922,222,421,0,54,356,412,1381,181,129,17,1082,90,1188,257,88
"11.29.21",1504,0,66,313,88,19,1046,42,166,2252,36,118,773,46,1791,364,110,54,27138,311,249,18,97,667,5,4,626,104,105,5710,470,7,5358,2428,78,5958,4325,669,1834,358,629,549,1920,224,422,0,55,356,412,1382,186,130,17,1095,90,1190,257,89
"11.30.21",1504,0,66,314,88,20,1046,42,166,2254,36,119,773,46,1804,363,110,54,27166,311,249,18,97,667,5,4,626,104,105,5725,470,7,5358,2443,78,5962,4335,669,1834,359,629,549,1925,224,425,0,55,357,412,1385,186,130,17,1096,90,1190,257,89
"12.1.21",1507,0,66,318,88,21,1046,42,166,2259,36,119,773,46,1804,362,110,54,27184,311,249,18,99,668,5,4,626,105,105,5736,470,7,5358,2447,79,5967,4340,672,1834,360,629,553,1929,224,426,0,55,358,412,1386,186,130,17,1099,91,1191,260,89
"12.2.21",1511,0,67,318,88,20,1048,42,166,2264,36,119,776,46,1814,364,112,54,27208,311,249,18,99,670,5,4,626,107,105,5749,472,7,5369,2452,79,5973,4346,672,1834,360,629,554,1925,224,428,0,55,360,414,1387,186,130,17,1098,91,1191,260,89
"12.3.21",1512,0,67,318,88,21,1056,42,168,2270,36,119,776,46,1828,367,113,54,27225,311,249,18,99,671,6,4,626,106,105,5756,473,7,5381,2452,79,5983,4350,674,1835,360,631,555,1928,224,430,0,57,360,414,1389,186,131,17,1100,91,1192,261,91
"12.4.21",1512,0,67,318,88,21,1056,42,168,2270,36,119,776,46,1828,367,113,54,27244,311,249,18,99,671,6,4,626,106,105,5756,473,7,5381,2452,79,5983,4350,674,1835,360,631,555,1928,224,431,0,57,360,414,1391,186,131,17,1100,91,1192,261,91
"12.5.21",1512,0,67,318,88,21,1056,42,168,2270,36,119,776,46,1828,367,113,54,27246,311,249,18,99,671,6,4,626,106,105,5756,473,7,5381,2452,79,5983,4350,674,1835,360,631,555,1928,224,433,0,57,360,414,1392,186,131,17,1100,91,1192,261,91
"12.6.21",1513,0,67,320,88,21,1058,42,168,2284,36,119,778,46,1838,369,113,54,27248,311,249,18,99,672,6,4,626,107,105,5771,473,9,5388,2460,79,5998,4351,674,1837,360,631,555,1933,224,435,0,57,360,414,1395,186,133,17,1102,91,1194,263,91
"12.7.21",1514,0,67,320,88,21,1058,42,168,2284,36,119,778,46,1841,369,113,54,27262,315,249,18,99,672,6,4,626,107,105,5783,473,9,5388,2462,80,5998,4351,674,1837,360,631,555,1933,224,437,0,57,360,414,1397,186,133,17,1102,91,1194,263,91
"12.8.21",1513,0,69,324,88,21,1058,42,170,2289,36,120,778,46,1855,372,113,54,27275,315,249,18,99,675,6,4,631,107,105,5796,479,12,5397,2467,80,6007,4357,676,1839,361,631,556,1941,224,439,0,57,365,414,1399,186,133,17,1103,91,1194,263,91
"12.9.21",1513,0,69,326,89,21,1058,42,170,2293,37,120,782,46,1862,371,114,54,27288,315,249,18,99,680,6,4,631,107,106,5806,479,12,5404,2479,80,6006,4369,677,1841,361,631,558,1937,225,439,0,57,365,414,1399,187,133,17,1102,91,1194,267,92
"12.10.21",1516,0,69,326,89,21,1061,42,170,2294,37,120,782,46,1870,371,114,54,27304,315,249,18,100,681,6,4,631,107,106,5814,481,12,5408,2479,80,6007,4374,678,1842,362,631,559,1941,225,439,0,57,365,416,1401,187,134,17,1103,91,1195,267,92
"12.11.21",1518,0,69,326,89,21,1061,42,170,2294,37,120,782,46,1870,371,114,54,27325,315,249,18,100,681,6,4,631,107,106,5814,481,12,5408,2479,80,6007,4374,678,1842,362,631,559,1941,225,439,0,57,365,416,1402,187,134,17,1103,91,1195,267,92
"12.12.21",1518,0,69,326,89,21,1061,42,170,2294,37,120,782,46,1870,371,114,54,27330,315,249,18,100,681,6,4,631,107,106,5814,481,12,5408,2479,80,6007,4374,678,1842,362,631,559,1941,225,440,0,57,365,416,1404,187,134,17,1103,91,1195,267,92
"12.13.21",1518,0,69,326,89,21,1065,42,170,2310,37,120,787,46,1875,372,115,54,27341,315,249,18,100,682,6,4,631,107,106,5825,483,12,5414,2483,80,6011,4378,678,1846,363,631,560,1945,225,440,0,57,365,416,1405,189,134,17,1115,91,1197,267,92
"12.14.21",1523,0,69,326,89,21,1064,42,170,2312,37,120,787,46,1879,372,115,54,27352,317,249,18,100,682,6,4,631,107,106,5829,483,12,5414,2490,81,6011,4389,678,1846,363,631,560,1944,225,443,0,57,365,416,1407,188,134,17,1114,91,1197,267,92
"12.15.21",1524,0,69,326,89,21,1064,43,170,2316,39,120,789,46,1880,373,115,54,27369,317,249,18,103,684,6,4,635,107,106,5839,486,12,5427,2493,81,6013,4393,679,1848,363,631,560,1945,225,443,0,58,367,416,1408,189,134,17,1120,91,1199,267,92
"12.16.21",1528,0,69,327,89,21,1064,43,171,2319,39,120,789,47,1888,374,115,54,27388,317,249,18,103,685,6,4,635,107,107,5846,486,12,5438,2500,81,6013,4395,679,1853,365,631,562,1944,226,444,0,58,367,416,1412,189,136,17,1120,91,1199,267,96
"12.17.21",1512,0,69,328,91,21,1065,43,171,2335,39,120,790,47,1897,374,115,54,27413,317,249,18,103,686,6,4,635,107,108,5851,486,13,5439,2505,81,6017,4399,679,1858,365,635,562,1946,225,444,0,58,369,416,1412,190,136,17,1120,91,1201,267,96
"12.18.21",1531,0,69,328,91,21,1065,43,171,2335,39,120,790,47,1897,374,115,54,27432,317,249,18,103,686,6,4,635,107,108,5851,486,13,5439,2505,81,6017,4399,679,1858,365,635,562,1946,226,446,0,58,369,416,1413,190,136,17,1120,91,1201,267,96
"12.19.21",1531,0,69,328,91,21,1065,43,171,2335,39,120,790,47,1897,374,115,54,27441,317,249,18,103,686,6,4,635,107,108,5851,486,13,5439,2505,81,6017,4399,679,1858,365,635,562,1946,226,446,0,58,369,416,1415,190,136,17,1120,91,1201,267,96
"12.20.21",1532,0,70,329,91,21,1068,43,172,2341,39,121,792,47,1897,378,116,54,27448,317,249,18,103,687,6,4,636,107,109,5853,486,12,5452,2509,81,6023,4406,681,1865,366,635,562,1950,227,448,0,59,370,416,1418,190,136,17,1129,91,1203,267,97
"12.21.21",1535,0,70,329,91,21,1068,43,172,2341,39,122,792,47,1901,376,116,54,27473,324,249,18,103,687,6,4,636,107,109,5857,486,12,5452,2511,82,6023,4412,681,1865,365,635,562,1950,227,449,0,59,370,416,1422,190,136,17,1129,91,1203,267,97
"12.22.21",1535,0,70,330,91,21,1068,43,172,2341,39,122,792,47,1905,376,116,54,27488,324,249,18,105,688,6,4,638,107,110,5859,487,12,5465,2512,82,6026,4424,681,1870,365,635,564,1951,228,449,0,59,372,416,1425,190,136,17,1137,91,1205,267,98
"12.23.21",1538,0,70,330,91,21,1070,43,172,2349,39,122,798,47,1905,376,116,54,27512,324,249,18,105,689,6,4,639,107,110,5864,489,12,5472,2512,82,6039,4434,682,1870,365,635,566,1954,228,449,0,59,375,416,1425,191,136,17,1137,91,1206,270,98
"12.24.21",1540,0,70,330,91,21,1071,43,172,2358,39,122,800,47,1908,379,116,54,27533,324,249,18,105,690,6,4,638,107,110,5864,489,12,5470,2512,82,6043,4442,682,1872,365,635,567,1967,228,450,0,60,377,418,1430,191,136,17,1137,91,1206,270,98
"12.25.21",1540,0,70,330,91,21,1071,43,172,2358,39,122,800,47,1908,379,116,54,27533,324,249,18,105,690,6,4,638,107,110,5864,489,12,5470,2512,82,6043,4442,682,1872,365,635,567,1967,228,451,0,60,377,418,1431,191,136,17,1137,91,1206,270,98
"12.26.21",1540,0,70,330,91,21,1071,43,172,2358,39,122,800,47,1908,379,116,54,27546,324,249,18,105,690,6,4,638,107,110,5864,489,12,5470,2512,82,6043,4442,682,1872,365,635,567,1967,228,453,0,60,377,418,1431,191,136,17,1137,91,1206,270,98
"12.27.21",1540,0,70,330,91,21,1071,43,172,2358,39,122,800,47,1918,379,116,54,27555,324,249,18,105,690,6,4,638,107,110,5877,489,12,5470,2516,82,6043,4442,682,1872,365,635,567,1967,228,453,0,60,377,418,1434,191,136,17,1137,91,1206,270,98
"12.28.21",1540,0,70,335,91,21,1071,43,172,2364,39,122,800,48,1918,382,116,54,27576,324,249,18,105,690,6,4,639,107,110,5883,489,12,5470,2527,82,6047,4445,682,1876,365,635,568,1961,228,453,0,60,378,418,1435,191,136,17,1146,91,1206,270,98
"12.29.21",1540,0,70,338,91,21,1072,43,172,2365,39,122,800,48,1918,386,116,54,27601,324,249,18,105,691,6,4,639,107,110,5888,489,12,5470,2533,83,6047,4450,682,1884,365,635,568,1962,228,453,0,60,378,418,1436,193,138,17,1156,91,1207,270,99
"12.30.21",1542,0,70,338,93,21,1072,43,172,2364,39,122,800,49,1918,386,117,54,27625,324,249,18,105,693,6,4,641,107,110,5890,489,12,5486,2547,83,6049,4461,684,1891,365,635,568,1962,228,453,0,61,379,418,1436,193,138,17,1160,91,1207,270,99
"12.31.21",1544,0,70,341,93,21,1073,43,172,2379,39,122,800,49,1918,386,117,54,27637,324,249,18,105,694,6,4,643,107,110,5890,489,12,5501,2547,83,6051,4469,682,1902,365,636,568,1969,228,453,0,61,379,418,1436,193,139,17,1160,91,1211,270,99
"1.1.22",1544,0,70,341,93,21,1073,43,172,2379,39,122,800,49,1918,386,117,54,27637,324,249,18,105,694,6,4,643,107,110,5890,489,12,5501,2547,83,6051,4469,682,1902,365,636,568,1969,228,454,0,61,379,418,1438,193,139,17,1160,91,1211,270,99
"1.2.22",1544,0,70,341,93,21,1073,43,172,2379,39,122,800,49,1918,386,117,54,27640,324,249,18,105,694,6,4,643,107,110,5890,489,12,5501,2547,83,6051,4469,682,1902,365,636,568,1969,228,454,0,61,379,418,1440,193,139,17,1160,91,1211,270,99
"1.3.22",1546,0,70,341,93,21,1073,43,172,2379,39,123,800,49,1918,386,117,54,27647,324,249,18,105,694,6,4,643,107,110,5895,489,12,5501,2547,85,6051,4469,682,1902,365,636,568,1969,228,455,0,61,379,418,1443,193,139,17,1160,91,1211,270,99
"1.4.22",1549,0,71,345,93,21,1073,43,172,2379,39,123,800,49,1918,387,117,54,27671,332,251,18,105,696,6,4,644,107,110,5897,489,12,5504,2552,86,6056,4476,686,1903,367,636,571,1963,228,455,0,61,380,418,1444,193,140,18,1167,91,1211,270,99
"1.5.22",1569,0,71,346,93,21,1075,43,172,2380,39,124,800,49,1918,388,117,54,27698,332,251,18,105,700,6,4,643,107,110,5901,494,12,5504,2559,86,6060,4487,688,1911,371,636,574,1964,228,457,0,61,383,418,1445,193,140,18,1172,91,1213,270,101
"1.6.22",1567,0,70,343,90,21,1071,43,171,2377,39,124,800,49,1922,387,117,54,27728,332,251,18,106,700,6,4,639,108,110,5903,492,12,5502,2564,86,6085,4495,686,1903,369,636,570,1961,230,460,0,60,380,419,1448,193,140,19,1173,90,1211,269,100
"1.7.22",1581,0,71,347,93,21,1077,43,172,2393,39,124,800,49,1931,390,117,54,27756,332,251,18,106,703,6,4,644,109,110,5906,495,12,5535,2565,87,6122,4495,690,1916,369,638,575,1966,230,460,0,62,383,419,1449,195,140,19,1185,91,1216,270,101
"1.8.22",1580,0,71,347,93,21,1077,43,172,2393,39,124,800,49,1931,390,117,54,27772,332,251,18,106,703,6,4,644,109,110,5906,495,12,5535,2565,87,6122,4495,690,1916,369,638,575,1966,230,461,0,62,383,421,1450,195,140,19,1185,91,1216,270,101
"1.9.22",1580,0,71,347,93,21,1077,43,172,2393,39,124,800,49,1931,390,117,54,27785,332,251,18,106,703,6,4,644,109,110,5906,495,12,5535,2565,87,6122,4495,690,1916,369,638,575,1966,230,462,0,62,383,421,1450,195,140,19,1185,91,1216,270,101
"1.10.22",1561,0,71,347,93,21,1077,43,172,2405,39,124,811,49,1936,389,117,54,27798,332,251,18,109,706,6,4,645,109,110,5908,498,12,5546,2571,87,6180,4500,690,1927,371,638,578,1976,232,462,0,62,384,421,1453,196,140,19,1186,91,1217,270,101
"1.11.22",1559,0,71,347,93,21,1077,43,172,2404,39,125,811,49,1936,389,117,54,27812,333,251,18,109,707,6,4,645,109,110,5911,498,12,5546,2574,88,6184,4500,690,1927,371,638,578,1971,232,462,0,62,385,421,1453,196,140,19,1186,91,1217,270,101
"1.12.22",1561,0,71,347,93,21,1077,43,174,2404,39,126,813,49,1944,389,117,54,27850,333,251,18,109,708,6,4,646,109,110,5914,500,12,5551,2576,88,6198,4520,691,1944,372,638,578,1971,232,464,0,62,388,422,1455,197,140,19,1188,91,1222,270,101
"1.13.22",1563,0,71,348,93,21,1077,43,175,2413,39,128,814,49,1958,391,117,54,27895,333,251,18,103,710,6,4,647,109,111,5916,501,12,5565,2582,88,6222,4529,691,1948,373,638,578,1971,235,465,0,62,386,423,1455,197,141,19,1192,91,1222,270,101
"1.14.22",1561,0,72,348,93,21,1082,43,175,2415,39,128,817,49,1964,391,117,54,27942,333,251,18,102,715,6,4,647,109,111,5921,504,12,5578,2586,89,6233,4540,692,1954,374,644,579,1974,235,466,0,62,389,426,1456,197,141,19,1192,91,1229,270,101
"1.15.22",1561,0,72,348,93,21,1082,43,175,2415,39,128,817,49,1964,391,117,54,28008,333,251,18,102,715,6,4,647,109,111,5921,504,12,5578,2586,89,6233,4540,692,1954,374,644,579,1974,235,467,0,62,389,426,1458,197,141,19,1192,91,1229,270,101
"1.16.22",1561,0,72,348,93,21,1082,43,175,2415,39,128,817,49,1964,391,117,54,28059,333,251,18,102,715,6,4,647,109,111,5921,504,12,5578,2586,89,6233,4540,692,1954,374,644,579,1974,235,468,0,62,389,426,1459,197,141,19,1192,91,1229,270,101
"1.17.22",1564,0,73,348,94,21,1086,43,175,2425,39,128,821,49,1964,392,117,54,28086,333,251,18,102,718,6,4,647,109,111,5932,508,12,5600,2586,89,6259,4545,694,1958,379,644,582,1984,237,469,0,62,391,426,1463,198,142,19,1199,91,1234,270,101
"1.18.22",1565,0,73,348,94,21,1086,43,175,2426,39,128,821,49,1972,392,117,54,28122,336,251,18,103,718,6,4,647,109,111,5938,508,12,5600,2594,90,6259,4545,694,1958,379,644,581,1985,237,470,0,62,391,429,1468,198,142,19,1199,91,1234,270,101
"1.19.22",1566,0,73,347,94,21,1085,43,175,2425,39,128,819,49,1974,392,117,54,28181,336,251,18,109,718,6,4,650,109,111,5941,510,12,5599,2598,90,6258,4547,694,1957,381,644,581,1986,237,473,0,62,391,429,1471,198,142,19,1196,91,1245,270,101
"1.20.22",1571,0,73,351,95,21,1091,43,177,2430,39,129,820,49,1974,395,118,54,28282,336,251,19,111,724,6,4,651,110,112,5946,511,12,5604,2607,91,6265,4553,694,1959,382,644,586,1991,237,473,0,62,392,429,1475,199,142,19,1200,91,1245,273,104
"1.21.22",1575,0,73,350,95,21,1091,43,179,2429,39,129,820,50,1974,396,118,54,28346,336,253,19,111,727,6,4,651,111,112,5953,513,12,5623,2623,91,6267,4559,702,1960,385,647,589,1993,237,473,0,62,391,432,1477,199,142,19,1211,91,1256,273,103
"1.22.22",1575,0,73,350,95,21,1091,43,179,2429,39,129,820,50,1974,396,118,54,28417,336,253,19,111,727,6,4,651,111,112,5953,513,12,5623,2623,91,6267,4559,702,1960,385,647,589,1993,237,473,0,62,391,432,1477,199,142,19,1211,91,1256,273,103
"1.23.22",1575,0,73,350,95,21,1091,43,179,2429,39,129,820,50,1974,396,118,54,28480,336,253,19,111,727,6,4,651,111,112,5953,513,12,5623,2623,91,6267,4559,702,1960,385,647,589,1993,237,473,0,62,391,432,1483,199,142,19,1211,91,1256,273,103
"1.24.22",1583,0,73,350,95,21,1092,43,179,2430,39,129,824,50,1974,397,118,54,28507,336,253,19,113,730,6,4,654,111,112,5970,518,12,5661,2624,91,6281,4566,704,1959,386,647,590,2005,237,476,0,64,400,432,1487,200,145,19,1219,91,1261,273,103
"1.25.22",1581,0,73,350,95,21,1092,43,179,2430,39,129,824,50,1977,396,118,54,28540,339,253,19,113,730,6,4,654,111,112,5978,518,12,5661,2639,91,6285,4586,703,1959,387,647,591,2006,237,476,0,64,400,432,1488,200,145,19,1219,91,1261,273,103
"1.26.22",1589,0,73,351,95,21,1092,43,179,2434,39,129,832,50,1988,396,118,54,28630,339,253,19,113,733,6,4,654,111,112,6006,523,12,5686,2646,91,6288,4604,703,1972,391,647,594,2006,237,478,0,65,399,437,1491,200,145,19,1229,91,1265,274,103
"1.27.22",1596,0,73,353,96,21,1095,43,181,2452,39,129,839,50,2005,396,119,54,28715,339,253,19,114,733,6,4,659,112,112,6037,524,12,5701,2657,91,6291,4622,704,1971,391,647,600,2015,239,479,0,66,401,440,1497,202,145,19,1234,91,1265,275,103
"1.28.22",1605,0,73,353,96,21,1101,43,184,2457,39,129,845,50,2009,397,119,55,28816,339,253,19,114,735,6,5,658,113,112,6066,523,12,5726,2662,91,6297,4643,712,1971,391,655,604,2019,240,484,0,66,407,440,1501,202,145,19,1237,91,1284,275,103
"1.29.22",1605,0,73,353,96,21,1101,43,184,2457,39,129,845,50,2009,397,119,55,28886,339,253,19,114,735,6,5,658,113,112,6066,523,12,5726,2662,91,6297,4643,712,1971,391,655,604,2019,240,486,0,66,407,445,1505,202,145,19,1237,91,1284,275,103
"1.30.22",1605,0,73,353,96,21,1101,43,184,2457,39,129,845,50,2009,397,119,55,28923,339,253,19,114,735,6,5,658,113,112,6066,523,12,5726,2662,91,6297,4643,712,1971,391,655,604,2019,240,487,0,66,407,445,1511,202,145,19,1237,91,1284,275,103
"1.31.22",1607,0,73,354,96,21,1102,43,184,2463,39,130,846,50,2012,398,119,55,28963,339,253,19,117,740,6,5,661,114,112,6100,523,12,5767,2677,91,6302,4665,712,1985,394,655,606,2035,239,489,0,66,414,445,1516,202,145,19,1245,91,1290,274,103
"2.1.22",1607,0,73,354,96,21,1115,43,184,2464,39,131,846,50,2013,398,119,56,28998,342,253,20,117,740,6,5,661,113,112,6110,523,12,5785,2696,91,6302,4686,712,1985,395,655,606,2041,239,492,0,66,414,445,1523,202,145,19,1245,91,1290,274,103
"2.2.22",1620,0,73,355,98,21,1115,44,184,2464,39,131,846,51,2013,400,119,56,29099,342,255,20,117,743,6,5,665,116,112,6126,532,12,5825,2710,91,6311,4710,713,1987,403,655,608,2070,239,495,0,66,415,445,1528,202,146,19,1247,91,1306,276,103
"2.3.22",1632,0,71,355,99,21,1113,44,185,2463,39,131,853,51,2019,401,120,57,29195,342,255,20,117,744,6,5,666,117,112,6140,533,12,5827,2715,91,6317,4735,714,1986,403,655,612,2051,239,497,0,67,414,445,1533,203,146,20,1249,91,1306,281,104
"2.4.22",1638,0,71,355,99,21,1115,44,185,2477,39,132,853,51,2031,402,124,57,29280,342,255,20,117,744,6,5,666,118,113,6152,536,13,5827,2728,91,6322,4735,720,1989,404,665,617,2067,239,500,0,67,415,448,1539,203,146,20,1254,91,1322,281,105
"2.5.22",1638,0,71,355,99,21,1115,44,185,2477,39,132,853,51,2031,402,124,57,29364,342,255,20,117,744,6,5,666,118,113,6152,536,13,5827,2728,91,6322,4735,720,1989,404,665,617,2067,239,502,0,67,415,448,1547,203,146,20,1254,91,1322,281,105
"2.6.22",1638,0,71,355,99,21,1115,44,185,2477,39,132,853,51,2031,402,124,57,29428,342,255,20,117,744,6,5,666,118,113,6152,536,13,5827,2728,91,6322,4735,720,1989,404,665,617,2067,239,502,0,67,415,448,1550,203,146,20,1254,91,1322,281,105
"2.7.22",1643,0,73,355,99,21,1128,44,185,2489,39,133,853,51,2032,401,125,57,29457,342,255,20,117,748,6,5,670,120,113,6180,544,13,5865,2746,91,6334,4786,728,1997,405,665,623,2075,239,504,0,68,419,452,1553,203,146,20,1262,92,1323,281,104
"2.8.22",1643,0,75,355,100,21,1130,44,185,2493,39,134,853,51,2040,403,125,57,29506,347,255,20,117,748,6,5,670,120,113,6205,546,13,5868,2771,91,6335,4811,727,1998,406,665,624,2085,239,508,0,68,420,455,1555,203,146,20,1263,92,1324,281,105
"2.9.22",1651,0,76,359,101,21,1132,44,186,2502,39,135,855,52,2043,411,125,57,29609,347,255,20,117,751,6,5,670,121,117,6265,553,13,5908,2781,91,6335,4832,731,2005,410,665,627,2091,239,509,0,68,421,455,1556,203,149,20,1267,92,1338,282,107
"2.10.22",1668,0,76,359,106,21,1132,45,186,2502,39,135,858,52,2051,410,124,57,29690,347,255,20,117,755,6,5,670,123,119,6308,553,13,5911,2802,92,6349,4832,731,2014,414,665,629,2090,239,511,0,68,423,459,1558,207,149,20,1271,95,1338,285,105
"2.11.22",1668,0,76,360,106,21,1141,45,188,2509,39,135,860,52,2058,415,123,58,29764,347,255,20,117,758,6,5,672,124,119,6308,554,13,5961,2802,92,6360,4854,740,2014,416,685,631,2093,239,512,0,68,424,459,1563,211,151,20,1273,125,1359,286,107
"2.12.22",1668,0,76,360,106,21,1141,45,188,2509,39,135,860,52,2058,415,123,59,29846,347,255,20,117,758,6,5,672,124,119,6308,554,13,5961,2802,92,6360,4854,740,2014,416,685,631,2093,239,513,0,68,424,461,1567,211,151,20,1273,125,1359,286,107
"2.13.22",1668,0,76,360,106,21,1141,45,188,2509,39,135,860,52,2058,415,123,59,29902,347,255,20,117,758,6,5,672,124,119,6308,554,13,5961,2802,92,6360,4854,740,2014,416,685,631,2093,239,513,0,68,424,461,1572,211,151,20,1273,125,1359,286,107
"2.14.22",1677,0,77,360,106,21,1159,45,188,2537,39,135,860,52,2074,416,123,59,29928,347,255,20,119,758,6,5,678,127,121,6358,554,13,5995,2816,92,6367,4894,756,2018,415,685,635,2114,249,517,0,69,426,461,1576,209,151,20,1276,170,1370,286,107
"2.15.22",1677,0,77,360,106,21,1167,45,188,2538,39,135,860,52,2077,419,123,59,29980,353,255,20,119,758,6,5,678,127,121,6376,554,13,5994,2837,93,6372,4894,756,2018,416,685,636,2127,250,517,0,69,427,461,1581,209,151,20,1276,170,1370,289,108
"2.16.22",1683,0,77,361,106,21,1179,45,189,2543,39,135,860,52,2087,418,123,59,30081,353,255,20,119,763,6,5,682,127,121,6395,554,13,6049,2847,94,6372,4914,756,2021,419,685,640,2130,250,518,0,70,426,464,1583,208,151,20,1278,171,1382,289,109
"2.17.22",1691,0,77,363,107,21,1179,45,189,2542,39,135,861,52,2095,420,125,59,30146,353,257,20,120,767,6,5,682,128,121,6419,556,13,6064,2878,95,6379,4931,756,2032,425,685,642,2130,250,520,0,71,422,464,1587,210,152,20,1281,171,1382,292,110
"2.18.22",1700,0,79,364,107,21,1190,45,189,2544,39,136,862,52,2101,421,126,59,30216,353,258,20,120,769,6,5,682,127,121,6450,561,13,6087,2878,95,6400,4947,756,2033,424,700,642,2138,250,523,0,70,424,469,1591,210,152,20,1286,175,1399,293,112
"2.19.22",1700,0,79,364,107,21,1190,45,189,2544,39,136,862,52,2101,421,126,59,30300,353,258,20,120,769,6,5,682,127,121,6450,561,13,6087,2878,95,6400,4947,756,2033,424,700,642,2138,250,524,0,70,424,469,1592,210,152,20,1286,175,1399,293,112
"2.20.22",1700,0,79,364,107,21,1190,45,189,2544,39,136,862,52,2101,421,126,59,30356,353,258,20,120,769,6,5,682,127,121,6450,561,13,6087,2878,95,6400,4947,756,2033,424,700,642,2138,250,524,0,70,424,469,1594,210,152,20,1286,175,1399,293,112
"2.21.22",1700,0,79,364,107,21,1190,45,189,2544,39,136,862,52,2101,421,126,59,30376,353,258,20,120,769,6,5,682,127,121,6450,561,13,6087,2878,95,6400,4947,756,2033,424,700,642,2138,252,526,0,70,424,469,1598,210,152,20,1286,175,1399,293,112
"2.22.22",1704,0,79,366,107,21,1201,45,189,2592,40,136,864,54,2107,422,126,59,30411,357,258,20,120,770,6,5,690,128,121,6505,572,13,6097,2887,95,6441,4974,769,2040,429,700,650,2158,252,527,0,70,425,472,1600,210,152,20,1287,175,1401,292,110
"2.23.22",1706,0,79,366,107,21,1201,45,189,2592,40,137,864,54,2107,423,126,60,30447,357,267,20,120,770,6,5,690,128,121,6524,572,13,6097,2897,95,6451,4974,769,2040,431,700,650,2155,252,528,0,70,425,472,1601,210,152,20,1287,175,1409,292,110
"2.24.22",1713,0,79,367,107,21,1209,45,189,2596,40,138,871,54,2107,423,126,60,30519,357,267,20,123,772,7,5,691,128,121,6544,573,13,6119,2927,95,6479,4988,769,2042,434,700,651,2157,252,530,1,71,427,474,1603,213,154,20,1290,175,1409,296,113
"2.25.22",1716,0,83,368,110,21,1209,45,191,2597,40,138,871,56,2107,423,128,60,30587,357,267,20,123,775,7,5,692,130,121,6570,573,13,6143,2932,95,6505,5002,769,2048,438,711,652,2166,252,532,1,72,428,474,1604,214,158,20,1295,175,1421,296,113
"2.26.22",1716,0,83,368,110,21,1209,45,191,2597,40,138,871,56,2107,423,128,60,30650,357,267,20,123,775,7,5,692,130,121,6570,573,13,6143,2932,95,6505,5002,769,2048,438,711,652,2166,252,533,1,72,428,474,1605,214,158,20,1295,175,1421,296,113
"2.27.22",1716,0,83,368,110,21,1209,45,191,2597,40,138,871,56,2107,423,128,60,30650,357,267,20,123,775,7,5,692,130,121,6570,573,13,6143,2932,95,6505,5002,769,2048,438,711,652,2166,252,535,1,72,428,474,1606,214,158,20,1295,175,1421,296,113
"2.28.22",1744,0,83,368,110,21,1230,45,191,2621,40,138,875,56,2117,428,128,60,30716,357,272,20,123,779,7,5,693,129,121,6609,577,13,6179,2932,96,6572,5018,791,2060,439,711,653,2180,254,537,4,74,430,476,1607,214,158,20,1300,175,1425,299,113
"3.1.22",1742,0,83,368,110,21,1231,45,191,2622,40,138,875,56,2122,427,128,60,30773,361,272,20,123,781,7,5,693,129,121,6617,577,13,6179,2932,96,6576,5018,792,2060,440,711,653,2180,254,538,4,74,430,477,1611,214,158,20,1300,175,1425,299,115
"3.2.22",1749,0,83,372,116,21,1231,45,192,2628,40,139,875,56,2130,427,128,60,30853,361,272,26,123,781,7,6,696,134,121,6628,584,13,6198,2971,96,6588,5029,792,2062,445,711,654,2190,254,541,5,74,434,477,1611,217,158,20,1302,175,1434,301,116
"3.3.22",1759,0,83,372,116,21,1236,47,192,2629,43,139,878,56,2136,431,130,60,30911,361,272,26,124,785,7,5,703,134,122,6643,589,13,6229,2971,96,6619,5034,792,2063,446,711,655,2184,254,543,4,74,433,475,1613,216,158,20,1302,179,1434,305,115
"3.4.22",1760,0,83,372,116,21,1235,48,193,2640,43,140,880,56,2147,431,130,60,30957,361,272,26,124,789,7,5,704,134,122,6658,591,13,6239,2971,96,6641,5045,798,2069,446,730,655,2195,254,543,4,74,435,476,1614,217,158,20,1305,178,1436,306,115
"3.5.22",1760,0,83,372,116,21,1235,48,193,2640,43,140,880,56,2147,431,130,60,31005,361,272,26,124,789,7,5,704,134,122,6658,591,13,6239,2971,96,6641,5045,798,2069,446,730,655,2195,254,543,4,74,435,476,1614,217,158,20,1305,178,1436,306,115
"3.6.22",1760,0,83,372,116,21,1235,48,193,2640,43,140,880,56,2147,431,130,60,31005,361,272,26,124,789,7,5,704,134,122,6658,591,13,6239,2971,96,6641,5045,798,2069,446,730,655,2195,254,544,4,74,435,476,1615,217,158,20,1305,178,1436,306,115
"3.7.22",1766,0,84,376,116,21,1256,48,196,2653,43,140,890,56,2158,432,130,60,31046,361,272,26,124,791,7,5,706,136,122,6689,591,13,6279,2971,96,6701,5068,806,2091,448,730,659,2201,255,545,4,74,435,477,1615,217,158,20,1316,179,1445,306,115
"3.8.22",1766,0,84,378,116,21,1256,48,196,2653,43,140,890,56,2167,433,130,60,31084,363,272,28,124,791,7,5,706,136,122,6696,591,13,6279,2971,97,6703,5068,807,2091,448,730,659,2202,255,545,4,74,435,477,1617,217,158,20,1316,179,1445,306,115
"3.9.22",1769,0,84,380,117,21,1256,48,197,2653,43,140,890,56,2173,434,130,60,31138,363,272,30,124,791,7,5,711,137,122,6704,594,13,6294,3013,97,6715,5077,807,2104,451,730,659,2206,255,545,4,74,434,477,1618,217,158,20,1334,180,1447,306,115
"3.10.22",1781,0,84,380,117,21,1256,48,198,2653,44,140,894,56,2182,435,130,60,31178,363,272,30,124,792,7,5,716,138,123,6721,598,13,6305,3013,97,6723,5083,812,2113,457,730,661,2206,255,546,4,75,436,478,1620,217,159,20,1350,180,1448,308,115
"3.11.22",1783,0,84,380,118,21,1256,48,199,2653,44,140,896,56,2182,436,131,60,31225,363,272,30,124,795,7,5,716,138,123,6740,598,13,6317,3013,98,6734,5090,823,2117,457,736,664,2208,255,548,4,75,436,478,1622,217,159,20,1358,180,1445,308,116
"3.12.22",1783,0,84,380,118,21,1256,48,199,2653,44,140,896,56,2182,436,131,60,31275,363,272,30,124,795,7,5,716,138,123,6740,598,13,6317,3013,98,6734,5090,823,2117,457,736,664,2208,255,549,4,75,436,478,1623,217,159,20,1358,180,1445,308,116
"3.13.22",1783,0,84,380,118,21,1256,48,199,2653,44,140,896,56,2182,436,131,60,31275,363,272,30,124,795,7,5,716,138,123,6740,598,13,6317,3013,98,6734,5090,823,2117,457,736,664,2208,255,550,4,75,436,478,1624,217,159,20,1358,180,1445,308,116
"3.14.22",1792,0,85,384,118,21,1265,48,199,2683,44,140,897,56,2188,437,131,60,31315,363,272,30,124,795,7,5,718,138,123,6778,601,13,6332,3013,98,6767,5108,824,2142,458,736,667,2225,256,550,4,76,440,481,1625,217,160,20,1365,180,1454,308,116
"3.15.22",1791,0,85,385,118,21,1265,48,199,2682,44,140,897,56,2196,437,131,60,31343,366,272,30,124,795,7,5,718,138,123,6783,601,13,6332,3013,98,6767,5108,824,2142,458,736,667,2223,256,551,4,76,440,481,1627,217,160,20,1365,180,1454,308,116
"3.16.22",1793,0,85,385,118,21,1265,48,199,2689,44,141,896,56,2204,437,131,60,31372,366,272,30,124,798,7,5,718,138,123,6794,604,13,6333,3043,98,6770,5116,831,2161,458,736,668,2224,256,552,4,76,440,481,1628,217,160,20,1375,180,1454,308,116
"3.17.22",1794,0,85,385,120,22,1266,48,199,2689,44,141,897,56,2222,437,133,62,31408,366,272,30,124,798,7,5,720,138,123,6820,605,13,6351,3043,98,6775,5126,831,2169,462,736,670,2224,256,553,4,76,440,481,1629,218,160,20,1377,180,1454,307,117
"3.18.22",1797,0,85,385,119,21,1276,48,199,2694,44,141,898,56,2225,441,135,63,31443,366,272,30,124,800,7,5,720,138,123,6828,605,13,6359,3043,98,6778,5133,833,2181,463,736,671,2225,256,553,4,76,441,483,1632,218,160,20,1384,180,1454,306,117
"3.19.22",1797,0,85,385,119,21,1276,48,199,2694,44,141,898,56,2225,441,135,63,31462,366,272,30,124,800,7,5,720,138,123,6828,605,13,6359,3043,98,6778,5133,833,2181,463,736,671,2225,256,555,4,76,441,484,1633,218,160,20,1384,180,1454,306,117
"3.20.22",1797,0,85,385,119,21,1276,48,199,2694,44,141,898,56,2225,441,135,63,31462,366,272,30,124,800,7,5,720,138,123,6828,605,13,6359,3043,98,6778,5133,833,2181,463,736,671,2225,256,555,4,76,441,484,1635,218,160,20,1384,180,1454,306,117
"3.21.22",1801,0,85,385,119,21,1276,50,199,2707,46,141,908,56,2230,441,135,63,31491,366,275,30,125,803,7,5,723,138,123,6843,610,13,6376,3043,98,6805,5138,835,2185,463,736,672,2243,259,556,4,80,441,484,1636,218,160,20,1389,180,1457,307,117
"3.22.22",1799,0,85,385,119,21,1276,50,199,2707,46,141,908,56,2230,441,135,63,31508,367,287,30,125,803,7,5,724,138,123,6846,610,13,6376,3043,98,6807,5138,835,2185,463,742,672,2245,259,556,4,80,441,484,1636,218,160,20,1389,180,1457,307,117
"3.23.22",1802,0,86,387,120,21,1279,50,200,2708,47,139,908,56,2244,442,135,63,31535,367,287,30,125,805,7,5,724,139,123,6856,610,13,6383,3043,99,6811,5141,838,2187,465,742,672,2249,259,557,4,80,440,487,1637,218,162,20,1391,180,1457,309,117
"3.24.22",1802,0,86,387,120,21,1279,50,200,2710,47,139,909,56,2244,442,135,63,31561,367,287,30,125,805,7,5,724,139,123,6857,613,13,6388,3068,99,6828,5143,838,2187,469,742,673,2250,259,558,4,80,441,487,1637,218,195,20,1394,180,1457,309,117
"3.25.22",1803,0,86,391,120,21,1285,50,200,2710,47,139,913,56,2265,444,136,63,31576,367,287,30,125,805,7,5,724,139,123,6860,613,13,6397,3068,99,6840,5146,839,2195,469,743,674,2250,259,558,4,80,441,487,1637,221,195,20,1400,180,1457,311,117
"3.26.22",1803,0,86,391,120,21,1285,50,200,2710,47,139,913,56,2265,444,136,63,31594,367,287,30,125,805,7,5,724,139,123,6860,613,13,6397,3068,99,6840,5146,839,2195,469,743,674,2250,259,558,4,80,441,487,1638,221,195,20,1400,180,1457,311,117
"3.27.22",1803,0,86,391,120,21,1285,50,200,2710,47,139,913,56,2265,444,136,63,31594,367,287,30,125,805,7,5,724,139,123,6860,613,13,6397,3068,99,6840,5146,839,2195,469,743,674,2250,259,558,4,80,441,487,1638,221,195,20,1400,180,1457,311,117
"3.28.22",1809,0,86,392,119,21,1290,50,200,2717,47,140,909,56,2273,443,136,63,31619,367,287,30,125,805,7,5,724,140,123,6864,613,13,6395,3068,99,6862,5155,839,2196,470,743,675,2257,259,558,4,80,441,487,1638,221,200,20,1404,180,1462,312,117
"3.29.22",1808,0,86,392,119,21,1290,50,200,2717,47,140,909,56,2273,443,136,63,31626,368,287,30,125,805,7,5,724,140,123,6875,613,13,6397,3068,99,6858,5155,839,2196,470,743,675,2257,259,559,4,80,441,487,1638,221,200,20,1404,180,1462,312,117
"3.30.22",1810,0,86,396,119,21,1290,50,200,2718,47,140,908,56,2281,443,136,65,31655,368,287,31,125,806,8,5,725,141,123,6880,614,13,6403,3080,99,6860,5159,840,2198,472,743,676,2259,259,559,4,80,441,487,1638,221,198,20,1406,180,1462,313,117
"3.31.22",1812,0,86,396,119,21,1291,50,200,2720,47,140,908,56,2281,443,136,65,31669,368,287,33,126,808,8,6,726,141,123,6884,614,13,6411,3080,99,6863,5169,841,2201,475,743,677,2259,259,559,4,80,443,487,1638,222,198,20,1410,180,1462,313,120
"4.1.22",1813,0,86,396,119,21,1291,50,200,2722,47,140,908,56,2294,443,136,65,31683,368,287,33,126,808,8,6,726,143,123,6886,614,14,6418,3080,99,6865,5178,843,2202,475,745,678,2258,259,559,4,80,446,487,1638,222,198,20,1410,180,1462,313,120
"4.2.22",1813,0,86,396,119,21,1291,50,200,2722,47,140,908,56,2294,443,136,65,31683,368,287,33,126,808,8,6,726,143,123,6886,614,14,6418,3080,99,6865,5178,843,2202,475,745,678,2258,259,559,4,80,446,487,1638,222,198,20,1410,180,1462,313,120
"4.3.22",1813,0,86,396,119,21,1291,50,200,2722,47,140,908,56,2294,443,136,65,31683,368,287,33,126,808,8,6,726,143,123,6886,614,14,6418,3080,99,6865,5178,843,2202,475,745,678,2258,259,559,4,80,446,487,1639,222,198,20,1410,180,1462,313,120
"4.4.22",1813,0,86,396,119,21,1291,50,200,2722,47,140,908,56,2294,443,136,65,31710,368,287,33,126,808,8,6,726,143,123,6891,614,14,6418,3080,99,6865,5178,843,2202,475,745,678,2258,259,559,4,80,446,488,1639,222,198,20,1410,180,1469,313,120
"4.5.22",1814,0,86,396,120,21,1296,50,205,2725,47,140,908,56,2294,443,136,65,31722,368,288,34,126,810,8,6,727,143,123,6901,615,13,6424,3080,99,6883,5192,843,2207,475,745,679,2265,259,559,4,80,446,488,1639,222,198,20,1414,180,1469,314,121
"4.6.22",1814,0,86,396,120,21,1296,50,205,2725,47,141,908,56,2304,443,136,65,31739,368,288,34,126,810,8,6,727,143,123,6910,619,13,6424,3100,99,6883,5192,843,2207,475,745,679,2265,259,559,4,80,447,488,1639,222,198,20,1414,180,1469,314,121
"4.7.22",1814,0,86,396,120,21,1296,50,205,2725,47,141,908,56,2304,443,136,65,31754,368,288,34,126,810,8,6,727,143,123,6919,619,13,6424,3100,99,6883,5192,843,2207,475,745,679,2265,259,560,4,80,447,488,1639,222,198,20,1414,180,1469,314,121
"4.8.22",1826,0,86,399,119,21,1296,50,207,2731,47,141,910,56,2320,443,134,65,31770,368,288,34,126,811,8,6,727,144,123,6927,619,13,6429,3100,99,6892,5210,844,2212,476,747,680,2266,259,560,4,80,448,488,1639,223,201,20,1415,180,1469,312,121
"4.9.22",1826,0,86,399,119,21,1296,50,207,2731,47,141,910,56,2320,443,134,65,31770,368,288,34,126,811,8,6,727,144,123,6927,619,13,6429,3100,99,6892,5210,844,2212,476,747,680,2266,259,560,4,80,448,488,1639,223,201,20,1415,180,1469,312,121
"4.10.22",1826,0,86,399,119,21,1296,50,207,2731,47,141,910,56,2320,443,134,65,31770,368,288,34,126,811,8,6,727,144,123,6927,619,13,6429,3100,99,6892,5210,844,2212,476,747,680,2266,259,560,4,80,448,488,1639,223,201,20,1415,180,1469,312,121
"4.11.22",1826,0,86,399,119,21,1296,50,207,2731,47,141,910,56,2320,443,134,65,31807,368,288,34,126,811,8,6,727,144,123,6927,619,13,6429,3100,99,6892,5210,844,2212,476,747,680,2266,259,560,4,80,448,488,1639,223,201,20,1415,180,1476,312,121
"4.12.22",1826,0,86,399,119,21,1296,50,207,2731,47,141,910,56,2323,443,134,65,31819,368,288,34,126,811,8,6,727,144,123,6937,619,13,6429,3100,99,6892,5210,844,2212,476,747,680,2266,259,560,4,80,448,488,1639,223,201,20,1415,180,1476,312,121
"4.13.22",1833,0,86,402,119,21,1298,50,208,2738,48,143,910,56,2323,443,134,65,31830,368,288,34,126,811,8,6,727,144,123,6937,620,13,6437,3116,99,6905,5223,850,2219,476,747,684,2267,260,560,4,80,448,488,1639,223,201,20,1426,180,1476,312,121
"4.14.22",1833,0,86,402,119,21,1298,50,208,2738,48,143,910,56,2323,443,134,65,31839,368,288,34,126,811,8,6,727,143,123,6937,620,13,6437,3116,99,6905,5223,850,2219,476,747,684,2267,260,560,4,80,448,488,1639,223,200,20,1426,180,1476,311,121
"4.15.22",1829,0,86,405,119,21,1298,50,209,2739,48,143,910,56,2334,445,134,65,31852,368,288,34,126,813,8,6,727,143,123,6958,620,13,6443,3116,99,6948,5229,854,2220,476,747,684,2268,261,560,4,80,447,488,1639,224,199,20,1428,180,1476,311,121
"4.16.22",1829,0,86,405,119,21,1298,50,209,2739,48,143,910,56,2334,445,134,65,31852,368,288,34,126,813,8,6,727,143,123,6958,620,13,6443,3116,99,6948,5229,854,2220,476,751,684,2268,261,560,4,80,447,488,1639,224,199,20,1428,180,1476,311,121
"4.17.22",1829,0,86,405,119,21,1298,50,209,2739,48,143,910,56,2334,445,134,65,31852,368,288,34,126,813,8,6,727,143,123,6958,620,13,6443,3116,99,6948,5229,854,2220,476,751,684,2268,261,561,4,80,447,488,1639,224,199,20,1428,180,1476,311,121
"4.18.22",1829,0,86,405,119,21,1298,50,209,2739,48,143,910,56,2334,445,134,65,31872,368,288,34,126,813,8,6,727,143,123,6958,620,13,6443,3116,99,6948,5229,854,2220,476,751,684,2268,261,561,4,80,447,489,1639,224,199,20,1428,180,1482,311,121
"4.19.22",1832,0,86,408,119,21,1299,50,209,2740,48,145,910,56,2344,445,134,65,31884,368,288,34,127,813,8,6,727,143,127,6966,620,13,6447,3116,99,6977,5231,854,2222,476,751,685,2274,261,561,4,80,447,489,1639,224,199,20,1439,180,1482,311,121
"4.20.22",1832,0,86,408,119,21,1299,50,209,2740,48,145,910,56,2344,445,134,65,31899,368,288,34,127,813,8,6,727,143,127,6966,625,13,6447,3129,99,6977,5231,854,2222,476,751,685,2274,261,561,4,80,447,489,1639,224,199,20,1439,180,1482,311,121
"4.21.22",1832,0,86,408,119,21,1299,50,209,2740,48,145,910,56,2344,445,134,65,31913,368,288,34,127,813,8,6,727,143,127,6966,625,13,6447,3129,99,6977,5231,854,2222,476,751,685,2274,261,561,4,80,447,489,1639,224,199,20,1439,180,1482,311,121
"4.22.22",1837,0,86,411,119,21,1298,50,209,2744,48,145,910,56,2356,444,134,65,31924,368,288,34,127,815,8,6,729,143,127,6990,625,13,6450,3129,99,7047,5233,857,2224,476,754,685,2277,261,561,4,81,448,489,1639,224,201,20,1446,181,1482,314,121
"4.23.22",1837,0,86,411,119,21,1298,50,209,2744,48,145,910,56,2356,444,134,65,31924,368,288,34,127,815,8,6,729,143,127,6990,625,13,6450,3129,99,7047,5233,857,2224,476,754,685,2277,261,561,4,81,448,489,1639,224,201,20,1446,181,1482,314,121
"4.24.22",1837,0,86,411,119,21,1298,50,209,2744,48,145,910,56,2356,444,134,65,31924,368,288,34,127,815,8,6,729,143,127,6990,625,13,6450,3129,99,7047,5233,857,2224,476,754,685,2277,261,561,4,81,448,489,1639,224,201,20,1446,181,1482,314,121
"4.25.22",1837,0,86,411,119,21,1298,50,209,2744,48,145,910,56,2356,444,134,65,31938,368,288,34,127,815,8,6,729,143,127,6990,625,13,6450,3129,99,7047,5233,857,2224,476,754,685,2277,261,561,4,81,448,489,1639,224,201,20,1446,181,1487,314,121
"4.26.22",1843,0,86,411,119,21,1300,50,209,2744,48,145,910,56,2360,444,135,65,31941,369,288,34,127,815,8,6,729,143,127,6997,625,13,6453,3129,99,7105,5236,857,2225,476,754,685,2282,262,561,4,81,448,490,1639,224,201,20,1453,181,1487,314,121
"4.27.22",1843,0,86,411,119,21,1300,50,209,2744,48,145,910,56,2360,444,135,65,31951,369,288,34,127,815,8,6,729,143,127,6997,628,13,6453,3147,99,7105,5236,857,2225,476,754,685,2282,262,561,4,81,448,490,1639,224,201,20,1453,181,1487,314,121
"4.28.22",1843,0,86,411,119,21,1300,50,209,2744,48,145,910,56,2360,444,135,65,31959,369,288,34,127,815,8,6,729,143,127,6997,628,13,6453,3147,99,7105,5236,857,2225,476,754,685,2282,262,561,4,81,448,490,1639,224,201,20,1453,181,1487,314,121
"4.29.22",1851,0,86,418,120,21,1301,50,210,2748,48,145,910,56,2363,447,137,65,31959,369,291,34,127,818,8,6,731,143,127,7007,628,13,6457,3147,99,7191,5238,860,2225,477,754,688,2281,262,561,4,81,449,490,1639,224,202,20,1458,181,1487,314,121
"4.30.22",1851,0,86,418,120,21,1301,50,210,2748,48,145,910,56,2363,447,137,65,31959,369,291,34,127,818,8,6,731,143,127,7007,628,13,6457,3147,99,7191,5238,860,2225,477,754,688,2281,262,561,4,81,449,490,1639,224,202,20,1458,181,1487,314,121
"5.1.22",1851,0,86,418,120,21,1301,50,210,2748,48,145,910,56,2363,447,137,65,31959,369,291,34,127,818,8,6,731,143,127,7007,628,13,6457,3147,99,7191,5238,860,2225,477,754,688,2281,262,561,4,81,449,490,1639,224,202,20,1458,181,1487,314,121
"5.2.22",1851,0,86,418,120,21,1301,50,210,2748,48,145,910,56,2363,447,137,65,31970,369,291,34,127,818,8,6,731,143,127,7007,628,13,6457,3147,99,7191,5238,860,2225,477,754,688,2281,262,561,4,81,449,490,1639,224,202,20,1458,181,1487,314,121
"5.3.22",1850,0,86,417,120,21,1302,50,210,2751,48,146,910,56,2386,447,137,65,31977,369,291,34,127,818,8,6,732,143,127,7009,628,13,6457,3147,99,7240,5239,860,2225,477,754,688,2285,262,561,4,81,449,490,1643,224,201,20,1464,181,1492,315,122
"5.4.22",1850,0,86,417,120,21,1302,50,210,2751,48,146,910,56,2386,447,137,65,31982,369,291,34,127,818,8,6,732,143,127,7009,628,13,6457,3155,99,7240,5239,860,2225,477,754,688,2285,262,561,4,81,449,490,1643,224,201,20,1464,181,1492,315,122
"5.5.22",1850,0,86,417,120,21,1302,50,210,2751,48,146,910,56,2386,447,137,65,31982,369,291,34,127,818,8,6,732,143,127,7009,628,13,6457,3155,99,7240,5239,860,2225,477,754,688,2285,262,561,4,81,449,490,1756,224,201,20,1464,181,1492,315,122
"5.6.22",1855,0,86,421,120,21,1302,50,210,2754,48,146,917,56,2395,447,137,65,31991,369,292,34,127,818,8,6,733,143,127,7011,628,13,6467,3155,99,7306,5244,861,2229,477,754,692,2287,262,561,4,81,450,490,1643,225,201,20,1468,181,1492,315,122
"5.7.22",1855,0,86,421,120,21,1302,50,210,2754,48,146,917,56,2395,447,137,65,31991,369,292,34,127,818,8,6,733,143,127,7011,628,13,6467,3155,99,7306,5244,861,2229,477,754,692,2287,262,561,4,81,450,490,1643,225,201,20,1468,181,1492,315,122
"5.8.22",1855,0,86,421,120,21,1302,50,210,2754,48,146,917,56,2395,447,137,65,31991,369,292,34,127,818,8,6,733,143,127,7011,628,13,6467,3155,99,7306,5244,861,2229,477,754,692,2287,262,561,4,81,450,490,1643,225,201,20,1468,181,1492,315,122
"5.9.22",1855,0,86,421,120,21,1302,50,210,2754,48,146,917,56,2395,447,137,65,31996,369,292,34,127,818,8,6,733,143,127,7011,628,13,6467,3155,99,7306,5244,861,2229,477,755,692,2287,262,561,4,81,450,490,1643,225,201,20,1468,181,1492,315,122
"5.10.22",1853,0,86,423,120,21,1302,50,212,2754,48,146,917,56,2396,447,137,65,32000,369,292,34,127,818,8,6,733,143,127,7019,628,13,6468,3155,99,7354,5257,864,2233,478,755,693,2294,263,561,4,81,450,490,1644,225,201,20,1468,181,1498,316,122
"5.11.22",1853,0,86,423,120,21,1302,50,212,2754,48,146,917,56,2396,447,137,65,32007,369,292,35,127,818,8,6,733,143,127,7019,628,13,6468,3159,99,7354,5257,864,2233,478,755,693,2294,263,561,4,81,450,490,1644,225,201,20,1468,181,1498,316,122
"5.12.22",1853,0,86,423,120,21,1302,50,212,2754,48,146,917,56,2396,447,137,65,32016,369,292,35,127,818,8,6,733,143,127,7019,628,13,6468,3159,99,7354,5271,864,2233,478,755,693,2294,263,561,4,81,450,490,1644,225,201,20,1468,181,1498,316,122
"5.13.22",1857,0,86,424,120,21,1301,50,212,2757,48,146,917,56,2427,447,137,65,32022,369,293,35,127,818,8,6,735,143,127,7023,628,13,6471,3159,99,7423,5271,866,2236,478,755,693,2297,263,561,4,81,451,490,1645,226,201,20,1469,182,1498,316,122
"5.14.22",1857,0,86,424,120,21,1301,50,212,2757,48,146,917,56,2427,447,137,65,32022,369,293,35,127,818,8,6,735,143,127,7023,626,13,6471,3159,99,7423,5271,866,2236,478,755,693,2297,263,561,4,81,451,490,1645,226,201,20,1469,182,1498,316,122
"5.15.22",1857,0,86,424,120,21,1301,50,212,2757,48,146,917,56,2427,447,137,65,32022,369,293,35,127,818,8,6,735,143,127,7023,628,13,6471,3159,99,7423,5271,866,2236,478,755,693,2297,263,561,4,81,451,490,1645,226,201,20,1469,182,1498,316,122
"5.16.22",1857,0,86,424,120,21,1301,50,212,2757,48,146,917,56,2427,447,137,65,32037,369,293,35,127,818,8,6,735,143,127,7023,628,13,6471,3159,99,7423,5271,866,2236,478,756,693,2297,263,561,4,81,451,491,1645,226,201,20,1469,182,1498,316,122
"5.17.22",1859,0,86,426,120,21,1303,50,212,2759,48,146,918,56,2427,447,137,65,32045,380,293,35,127,818,8,6,735,143,127,7023,628,13,6471,3159,99,7455,5277,869,2236,478,756,693,2300,263,561,4,81,451,491,1645,226,201,20,1477,182,1500,316,122
"5.18.22",1859,0,86,426,120,21,1303,50,212,2759,48,146,918,56,2427,447,137,65,32055,380,293,35,127,818,8,6,735,143,127,7023,628,13,6471,3166,99,7455,5277,869,2236,478,756,693,2300,263,562,4,81,451,491,1645,226,201,20,1477,182,1500,316,122
"5.19.22",1859,0,86,426,120,21,1303,50,212,2759,48,146,918,56,2427,447,137,65,32064,380,293,35,127,818,8,6,735,143,127,7023,628,13,6471,3166,99,7455,5282,869,2236,478,756,693,2300,263,562,4,81,451,491,1645,226,201,20,1477,182,1500,316,122
"5.20.22",1858,0,86,426,120,21,1305,50,213,2760,48,146,923,56,2435,447,137,64,32074,380,293,35,127,823,8,6,735,143,127,7028,628,13,6476,3166,99,7523,5282,871,2237,481,758,692,2301,263,562,4,81,451,491,1653,226,201,20,1477,182,1500,319,122
"5.21.22",1858,0,86,426,120,21,1305,50,213,2760,48,146,923,56,2435,447,137,64,32074,380,293,35,127,823,8,6,735,143,127,7028,628,13,6476,3166,99,7523,5282,871,2237,481,758,692,2301,263,562,4,81,451,491,1653,226,201,20,1477,182,1500,319,122
"5.22.22",1858,0,86,426,120,21,1305,50,213,2760,48,146,923,56,2435,447,137,64,32074,380,293,35,127,823,8,6,735,143,127,7028,628,13,6476,3166,99,7523,5282,871,2237,481,758,692,2301,263,562,4,81,451,491,1653,226,201,20,1477,182,1500,319,122
"5.23.22",1858,0,86,426,120,21,1305,50,213,2760,48,146,923,56,2435,447,137,64,32086,380,293,35,127,823,8,6,735,143,127,7028,628,13,6476,3166,99,7523,5282,871,2237,481,758,692,2301,263,562,4,81,451,492,1653,226,201,20,1477,182,1500,319,122
"5.24.22",1860,0,86,426,120,21,1306,50,213,2763,48,147,923,56,2444,447,137,64,32095,381,293,35,127,823,8,6,737,143,127,7030,628,13,6480,3166,99,7568,5284,872,2238,481,758,693,2304,263,562,4,81,451,492,1654,226,201,20,1482,182,1504,319,122
"5.25.22",1860,0,86,426,120,21,1306,50,213,2763,48,147,923,56,2444,447,137,64,32101,381,293,35,127,823,8,6,737,143,127,7030,628,13,6480,3182,99,7568,5284,872,2238,481,758,693,2304,263,563,4,81,451,492,1654,226,201,20,1482,182,1504,319,122
"5.26.22",1860,0,86,426,120,21,1306,50,213,2763,48,147,934,56,2444,447,137,64,32109,381,293,35,127,823,8,6,737,143,127,7030,628,13,6480,3182,99,7568,5288,872,2238,481,758,693,2304,263,563,4,81,451,492,1654,226,201,20,1482,182,1504,319,122
"5.27.22",1863,0,86,426,120,21,1306,51,214,2764,48,147,939,56,2449,447,137,64,32117,381,293,35,127,824,8,6,737,144,127,7034,628,13,6480,3182,99,7610,5288,879,2241,481,758,693,2304,263,563,4,81,452,493,1657,227,204,20,1484,189,1504,319,122
"5.28.22",1863,0,86,426,120,21,1306,51,214,2764,48,147,939,56,2449,447,137,64,32117,381,293,35,127,824,8,6,737,144,127,7034,628,13,6480,3182,99,7610,5288,879,2241,481,758,693,2304,263,563,4,81,452,493,1657,227,204,20,1484,189,1504,319,122
"5.29.22",1863,0,86,426,120,21,1306,51,214,2764,48,147,939,56,2449,447,137,64,32117,381,293,35,127,824,8,6,737,144,127,7034,628,13,6480,3182,99,7610,5288,879,2241,481,758,693,2304,263,565,4,81,452,493,1657,227,204,20,1484,189,1504,319,122
"5.30.22",1863,0,86,426,120,21,1306,51,214,2764,48,147,939,56,2449,447,137,64,32129,381,293,35,127,824,8,6,737,144,127,7034,628,13,6480,3182,99,7610,5288,879,2241,481,758,693,2304,263,565,4,81,452,493,1657,227,204,20,1484,189,1504,319,122
"5.31.22",1868,0,87,427,120,21,1310,51,214,2765,48,147,938,56,2449,447,137,64,32133,381,293,35,127,824,8,6,737,143,127,7034,628,13,6480,3182,99,7641,5292,879,2241,482,758,693,2317,263,565,4,81,452,493,1656,227,204,20,1490,189,1506,320,122
"6.1.22",1868,0,87,427,120,21,1310,51,214,2765,48,147,938,56,2449,447,137,64,32136,381,293,35,127,824,8,6,737,143,127,7034,629,13,6480,3182,99,7641,5292,879,2241,482,758,693,2317,263,566,4,81,452,493,1656,227,204,20,1490,189,1506,320,122
"6.2.22",1868,0,87,427,120,21,1310,51,214,2765,48,147,938,56,2449,447,137,64,32146,381,293,35,127,824,8,6,737,143,127,7034,629,13,6480,3200,99,7641,5303,879,2241,482,758,693,2317,263,566,4,81,452,493,1656,227,204,20,1490,189,1506,320,122
"6.3.22",1873,0,87,427,121,21,1310,52,214,2766,48,147,941,56,2452,447,137,64,32154,381,294,35,127,825,8,6,738,143,127,7045,629,13,6481,3200,99,7664,5303,881,2242,484,762,693,2317,263,566,4,81,452,493,1661,227,204,20,1490,189,1506,321,122
"6.4.22",1873,0,87,427,121,21,1310,52,214,2766,48,147,941,56,2452,447,137,64,32154,381,294,35,127,825,8,6,738,143,127,7045,629,13,6481,3200,99,7664,5303,881,2242,484,762,693,2317,263,566,4,81,452,493,1661,227,204,20,1490,189,1506,321,122
"6.5.22",1873,0,87,427,121,21,1310,52,214,2766,48,147,941,56,2452,447,137,64,32154,381,294,35,127,825,8,6,738,143,127,7045,629,13,6481,3200,99,7664,5303,881,2242,484,762,693,2317,263,566,4,81,452,493,1661,227,204,20,1490,189,1506,321,122
"6.6.22",1873,0,87,427,121,21,1310,52,214,2766,48,147,941,56,2452,447,137,64,32168,381,294,35,127,825,8,6,738,143,127,7045,629,13,6481,3200,99,7664,5303,881,2242,484,762,693,2317,263,567,4,81,452,493,1661,227,204,20,1490,189,1506,321,122
"6.7.22",1873,0,87,427,122,21,1310,52,215,2766,48,147,941,56,2452,447,137,64,32178,381,294,35,127,825,8,6,740,143,127,7045,629,13,6480,3200,99,7685,5308,885,2241,484,762,693,2321,264,567,4,81,453,494,1662,227,205,20,1494,189,1510,321,122
"6.8.22",1873,0,87,427,122,21,1310,52,215,2766,48,147,941,56,2452,447,137,64,32186,381,294,35,127,825,8,6,740,143,127,7045,629,13,6480,3211,99,7685,5308,885,2241,484,762,693,2321,264,567,4,81,453,494,1662,227,205,20,1494,189,1510,321,122
"6.9.22",1873,0,87,427,122,21,1310,52,215,2766,48,147,941,56,2452,447,137,64,32193,381,294,35,127,825,8,6,740,143,127,7045,629,13,6480,3211,99,7685,5315,885,2241,484,762,693,2321,264,567,4,81,453,494,1662,227,205,20,1494,189,1510,321,122
"6.10.22",1877,0,87,427,122,21,1315,52,215,2766,48,148,941,56,2452,447,139,64,32201,381,294,35,127,825,8,6,739,143,127,7068,629,13,6481,3211,99,7708,5315,890,2244,485,766,694,2322,264,568,4,81,453,494,1665,227,205,20,1495,189,1510,323,123
"6.11.22",1877,0,87,427,122,21,1315,52,215,2766,48,148,941,56,2452,447,139,64,32201,381,294,35,127,825,8,6,739,143,127,7068,629,13,6481,3211,99,7708,5315,890,2244,485,766,694,2322,264,568,4,81,453,494,1665,227,205,20,1495,189,1510,323,123
"6.12.22",1877,0,87,427,122,21,1315,52,215,2766,48,148,941,56,2452,447,139,64,32201,381,294,35,127,825,8,6,739,143,127,7068,628,13,6481,3211,99,7708,5315,890,2244,485,766,694,2322,264,568,4,81,453,494,1665,227,205,20,1495,189,1510,323,123
"6.13.22",1877,0,87,427,122,21,1315,52,215,2766,48,148,941,56,2452,447,139,64,32218,381,294,35,127,825,8,6,739,143,127,7068,628,13,6481,3211,99,7708,5315,890,2244,485,766,694,2322,264,568,4,81,453,494,1665,227,205,20,1495,189,1510,323,123
"6.14.22",1880,0,87,430,122,21,1321,52,215,2767,48,148,941,56,2453,448,140,64,32227,381,294,35,127,825,8,6,741,144,127,7076,628,13,6482,3211,99,7735,5316,890,2244,486,766,698,2323,265,569,4,81,453,495,1668,227,205,20,1495,189,1514,322,124
"6.15.22",1880,0,87,430,122,21,1321,52,215,2767,48,148,941,56,2453,448,140,64,32236,381,294,35,127,825,8,6,741,144,127,7076,629,13,6482,3229,99,7735,5316,890,2244,486,766,698,2323,265,569,4,81,453,495,1668,227,205,20,1495,189,1514,322,124
"6.16.22",1880,0,87,430,122,21,1321,52,215,2767,48,148,941,56,2453,448,140,64,32245,381,294,35,127,825,8,6,741,144,127,7076,629,13,6482,3229,99,7735,5318,890,2244,486,766,698,2323,265,569,4,81,453,495,1668,227,205,20,1495,189,1514,322,124
"6.17.22",1883,0,87,432,122,21,1323,52,215,2768,48,148,944,56,2456,448,140,64,32250,381,294,35,127,827,8,6,744,144,129,7082,629,13,6488,3229,99,7765,5318,897,2251,485,767,699,2328,264,569,4,81,454,495,1668,227,205,20,1496,189,1514,323,124
"6.18.22",1883,0,87,432,122,21,1323,52,215,2768,48,148,944,56,2456,448,140,64,32250,381,294,35,127,827,8,6,744,144,129,7082,629,13,6488,3229,99,7765,5318,897,2251,485,767,699,2328,264,569,4,81,454,495,1668,227,205,20,1496,189,1514,323,124
"6.19.22",1883,0,87,432,122,21,1323,52,215,2768,48,148,944,56,2456,448,140,64,32250,381,294,35,127,827,8,6,744,144,129,7082,629,13,6488,3229,99,7765,5318,897,2251,485,767,699,2328,264,569,4,81,454,495,1668,227,205,20,1496,189,1514,323,124
"6.20.22",1883,0,87,432,122,21,1323,52,215,2768,48,148,944,56,2456,448,140,64,32261,381,294,35,127,827,8,6,744,144,129,7082,629,13,6488,3229,99,7765,5318,897,2251,485,767,699,2328,264,569,4,81,454,495,1668,227,205,20,1496,189,1514,323,124
"6.21.22",1888,0,87,433,122,21,1328,52,215,2772,48,148,944,56,2457,448,140,64,32263,381,297,35,127,827,8,7,742,144,129,7091,629,13,6491,3229,99,7774,5318,897,2251,485,767,700,2340,265,569,4,81,454,496,1670,227,205,20,1496,189,1515,323,124
"6.22.22",1888,0,87,433,122,21,1328,52,215,2772,48,149,944,56,2457,448,140,64,32271,381,297,35,127,827,8,7,742,144,129,7091,629,13,6491,3236,99,7774,5318,897,2251,485,767,700,2340,265,569,4,81,454,496,1670,227,205,20,1496,189,1515,323,124
"6.23.22",1888,0,87,433,122,21,1328,52,215,2772,48,149,944,56,2457,448,140,64,32283,381,297,35,127,827,8,7,742,144,129,7091,629,13,6491,3236,100,7774,5332,897,2251,485,767,700,2340,265,569,4,81,454,496,1670,227,205,20,1496,189,1515,323,124
"6.24.22",1891,0,87,433,124,22,1335,52,216,2777,48,149,944,56,2460,448,140,64,32291,381,297,35,127,828,8,7,743,144,129,7097,629,13,6493,3236,100,7803,5332,899,2252,485,773,699,2338,265,569,4,81,455,496,1672,227,205,20,1496,189,1515,323,124
"6.25.22",1891,0,87,433,124,22,1335,52,216,2777,48,149,944,56,2460,448,140,64,32291,381,297,35,127,828,8,7,743,144,129,7097,629,13,6493,3236,100,7803,5332,899,2252,485,773,699,2338,265,569,4,81,455,496,1672,227,205,20,1496,189,1515,323,124
"6.26.22",1891,0,87,433,124,22,1335,52,216,2777,48,149,944,56,2460,448,140,64,32291,381,297,35,127,828,8,7,743,144,129,7097,629,13,6493,3236,100,7803,5332,899,2252,485,773,699,2338,265,569,4,81,455,496,1672,227,205,20,1496,189,1515,323,124
"6.27.22",1891,0,87,433,124,22,1335,52,216,2777,48,149,944,56,2460,448,140,64,32308,381,297,35,127,828,8,7,743,144,129,7097,629,13,6493,3236,100,7803,5332,899,2252,485,773,699,2338,266,569,4,81,455,496,1672,227,205,20,1496,189,1515,323,124
"6.28.22",1895,0,87,434,124,22,1339,53,216,2777,48,149,944,56,2460,448,140,64,32316,381,297,35,127,830,8,7,743,144,129,7103,629,13,6493,3236,100,7825,5336,902,2252,486,773,699,2348,266,569,4,82,455,497,1674,227,205,20,1499,189,1518,323,124
"6.29.22",1895,0,87,434,124,22,1339,53,216,2777,48,149,944,56,2460,448,140,64,32325,381,297,35,127,830,8,7,743,144,129,7103,629,13,6493,3255,100,7825,5336,902,2252,486,773,699,2348,266,569,4,82,455,497,1674,227,205,20,1499,189,1518,323,124
"6.30.22",1895,0,87,434,124,22,1339,53,216,2777,48,149,944,56,2460,448,140,64,32334,381,297,35,127,830,8,7,743,144,129,7103,629,13,6493,3255,100,7825,5341,902,2252,486,773,699,2348,266,570,4,82,455,497,1674,227,205,20,1499,189,1518,323,124
"7.1.22",1898,0,87,436,124,22,1343,53,217,2783,48,149,944,56,2460,449,140,64,32344,381,297,35,127,832,8,7,744,145,131,7126,631,13,6502,3255,100,7860,5341,910,2256,489,775,699,2355,267,570,4,82,455,497,1681,228,205,20,1500,189,1518,324,124
"7.2.22",1898,0,87,436,124,22,1343,53,217,2783,48,149,944,56,2460,449,140,64,32344,381,297,35,127,832,8,7,744,145,131,7126,631,13,6502,3255,100,7860,5341,910,2256,489,775,699,2355,267,573,4,82,455,497,1681,228,205,20,1500,189,1518,324,124
"7.3.22",1898,0,87,436,124,22,1343,53,217,2783,48,149,944,56,2460,449,140,64,32344,381,297,35,127,832,8,7,744,145,131,7126,631,13,6502,3255,100,7860,5341,910,2256,489,775,699,2355,267,573,4,82,455,497,1681,228,205,20,1500,189,1518,324,124
"7.4.22",1898,0,87,436,124,22,1343,53,217,2783,48,149,944,56,2460,449,140,64,32361,381,297,35,127,832,8,7,744,145,131,7126,631,13,6502,3255,100,7860,5341,910,2256,489,775,699,2355,267,574,4,82,455,497,1681,228,205,20,1500,189,1518,324,124
"7.5.22",1899,0,87,436,124,22,1348,54,218,2786,48,149,944,56,2469,449,140,64,32371,381,302,36,127,832,8,7,744,144,131,7126,632,13,6505,3255,100,7870,5349,910,2256,496,775,702,2358,267,574,4,82,455,497,1682,228,205,20,1500,189,1519,324,124
"7.6.22",1899,0,87,436,124,22,1348,54,218,2786,48,149,944,56,2469,449,140,64,32385,381,302,36,127,832,8,7,744,144,131,7126,632,13,6505,3272,100,7870,5349,910,2256,496,775,702,2358,267,574,4,82,455,497,1682,228,205,20,1500,189,1519,324,124
"7.7.22",1899,0,87,436,124,22,1348,54,218,2786,48,149,944,56,2469,449,140,64,32397,381,302,36,127,832,8,7,744,144,131,7126,632,13,6505,3272,100,7870,5357,910,2256,496,775,702,2358,267,574,4,82,455,497,1682,228,205,20,1500,189,1519,324,124
"7.8.22",1912,0,87,438,125,22,1351,54,218,2786,48,149,944,56,2478,449,140,64,32397,381,302,36,128,832,9,7,745,145,131,7145,632,13,6506,3272,100,7893,5357,914,2257,498,776,697,2360,266,575,4,82,455,500,1686,228,205,20,1508,194,1519,323,125
"7.9.22",1912,0,87,438,125,22,1351,54,218,2786,48,149,944,56,2478,449,140,64,32397,381,302,36,128,832,9,7,745,145,131,7145,632,13,6506,3272,100,7893,5357,914,2257,498,776,697,2360,266,576,4,82,455,500,1686,228,205,20,1508,194,1519,323,125
"7.10.22",1912,0,87,438,125,22,1351,54,218,2786,48,149,944,56,2478,449,140,64,32397,381,302,36,128,832,9,7,745,145,131,7145,632,13,6506,3272,100,7893,5357,914,2257,498,776,697,2360,266,576,4,82,455,500,1686,228,205,20,1508,194,1519,323,125
"7.11.22",1912,0,87,438,125,22,1351,54,218,2786,48,149,944,56,2478,449,140,64,32451,381,302,36,128,832,9,7,745,145,131,7145,632,13,6506,3272,100,7893,5357,914,2257,498,776,697,2360,267,576,4,82,455,500,1686,228,205,20,1508,194,1519,323,125
"7.12.22",1911,0,87,439,125,22,1356,54,218,2786,48,150,944,56,2478,449,140,64,32464,382,300,36,128,832,9,7,745,145,131,7155,637,13,6504,3272,100,7907,5363,919,2260,498,776,699,2365,267,577,4,82,455,500,1689,228,205,20,1508,194,1520,326,124
"7.13.22",1911,0,87,439,125,22,1356,54,218,2786,48,151,944,56,2478,449,140,64,32478,382,300,36,128,832,9,7,745,145,131,7155,637,13,6504,3283,100,7907,5363,919,2260,498,776,699,2365,267,577,4,82,455,500,1689,228,205,20,1508,194,1520,326,124
"7.14.22",1911,0,87,439,125,22,1356,54,218,2786,48,151,944,56,2478,449,140,64,32492,382,300,36,128,832,9,7,745,145,131,7155,637,13,6504,3283,100,7907,5370,919,2260,498,776,699,2365,267,577,4,82,455,500,1689,228,205,20,1508,194,1520,326,124
"7.15.22",1911,0,87,440,126,22,1356,54,219,2790,48,151,944,56,2482,449,141,64,32508,382,300,36,131,833,9,7,747,145,131,7170,637,13,6508,3283,100,7914,5370,928,2262,499,781,702,2371,267,578,4,83,457,500,1692,228,205,20,1510,196,1523,326,124
"7.16.22",1911,0,87,440,126,22,1356,54,219,2790,48,151,944,56,2482,449,141,64,32508,382,300,36,131,833,9,7,747,145,131,7170,637,13,6508,3283,100,7914,5370,928,2262,499,781,702,2371,267,579,4,83,457,500,1692,228,205,20,1510,196,1523,324,124
"7.17.22",1911,0,87,440,126,22,1356,54,219,2790,48,151,944,56,2482,449,141,64,32508,382,300,36,131,833,9,7,747,145,131,7170,637,13,6508,3283,100,7914,5370,928,2262,499,781,702,2371,267,579,4,83,457,500,1692,228,205,20,1510,196,1523,324,124
"7.18.22",1911,0,87,440,126,22,1356,54,219,2790,48,151,944,56,2482,449,141,64,32537,382,300,36,131,833,9,7,747,145,131,7170,637,13,6508,3283,100,7914,5370,928,2262,499,781,702,2371,267,579,4,83,457,500,1692,228,205,20,1510,196,1523,324,124
"7.19.22",1915,0,87,440,126,22,1362,54,221,2790,48,151,944,56,2485,449,142,64,32549,382,300,36,131,833,9,7,747,145,131,7181,639,13,6510,3283,100,7921,5375,929,2262,499,781,703,2374,267,579,4,84,459,500,1695,228,205,20,1510,196,1526,325,124
"7.20.22",1915,0,87,440,126,22,1362,54,221,2790,48,151,944,56,2485,449,142,64,32566,382,300,36,131,833,9,7,747,145,131,7181,639,13,6510,3309,100,7921,5375,929,2262,499,781,703,2374,267,580,4,84,459,500,1695,228,205,20,1510,196,1526,325,124
"7.21.22",1915,0,87,440,126,22,1362,54,221,2790,48,151,944,56,2485,449,142,64,32584,382,300,36,131,833,9,7,747,145,131,7181,639,13,6510,3309,100,7921,5387,929,2262,499,781,703,2374,267,580,4,84,459,500,1695,228,205,20,1510,196,1526,325,124
"7.22.22",1933,0,87,440,128,22,1363,54,222,2792,48,151,948,57,2484,451,142,64,32604,382,300,36,131,837,10,7,747,148,131,7189,644,13,6527,3309,100,7933,5387,931,2267,500,787,706,2381,268,580,4,84,457,500,1695,228,207,20,1513,196,1528,327,124
"7.23.22",1933,0,87,440,128,22,1363,54,222,2792,48,151,948,57,2484,451,142,64,32604,382,300,36,131,837,10,7,747,148,131,7189,644,13,6527,3309,100,7933,5387,931,2267,500,787,706,2381,268,580,4,84,457,500,1695,228,207,20,1513,196,1528,327,124
"7.24.22",1933,0,87,440,128,22,1363,54,222,2792,48,151,948,57,2484,451,142,64,32604,382,300,36,131,837,10,7,747,148,131,7189,644,13,6527,3309,100,7933,5387,931,2267,500,787,706,2381,268,580,4,84,457,500,1695,228,207,20,1513,196,1528,327,124
"7.25.22",1933,0,87,440,128,22,1363,54,222,2792,48,151,948,57,2484,451,142,64,32637,382,300,36,131,837,10,7,747,148,131,7189,644,13,6527,3309,101,7933,5387,931,2267,500,787,706,2381,268,581,4,84,457,500,1695,228,207,20,1513,196,1528,327,124
"7.26.22",1938,0,87,441,130,22,1374,54,222,2801,48,151,948,57,2487,451,142,64,32654,382,300,36,131,838,10,7,752,150,132,7195,647,13,6528,3309,101,7937,5387,931,2267,502,787,707,2380,269,581,4,84,457,500,1695,228,207,20,1514,196,1531,326,124
"7.27.22",1938,0,87,441,130,22,1374,54,222,2801,48,152,948,57,2487,451,142,64,32674,382,300,36,131,838,10,7,752,150,132,7195,647,13,6528,3324,101,7937,5387,931,2267,502,787,707,2380,269,582,4,84,457,500,1695,228,207,20,1514,196,1531,326,124
"7.28.22",1938,0,87,441,130,22,1374,54,222,2801,48,152,948,57,2487,451,142,64,32691,382,300,36,131,838,10,7,752,150,132,7195,647,13,6528,3324,101,7937,5387,931,2267,502,787,707,2380,269,582,4,84,457,500,1695,228,207,20,1514,196,1531,326,124
"7.29.22",1941,0,88,444,128,22,1375,54,222,2805,48,152,949,57,2494,454,142,64,32708,382,300,36,132,838,11,7,754,150,131,7203,647,13,6543,3324,101,7941,5409,937,2276,503,789,708,2381,269,582,4,86,457,500,1696,228,208,20,1514,196,1535,327,124
"7.30.22",1941,0,88,444,128,22,1375,54,222,2805,48,152,949,57,2494,454,142,64,32708,382,300,36,132,838,11,7,754,150,131,7203,647,13,6543,3324,101,7941,5409,937,2276,503,789,708,2381,269,582,4,86,457,500,1696,228,208,20,1514,196,1535,327,124
"7.31.22",1941,0,88,444,128,22,1375,54,222,2805,48,152,949,57,2494,454,142,64,32708,382,300,36,132,838,11,7,754,150,131,7203,647,13,6543,3324,101,7941,5409,937,2276,503,789,708,2381,269,582,4,86,457,500,1696,228,208,20,1514,196,1535,327,124
"8.1.22",1941,0,88,444,128,22,1375,54,222,2805,48,152,949,57,2494,454,142,64,32747,382,300,36,132,838,11,7,754,150,131,7203,647,13,6543,3324,101,7941,5409,937,2276,503,789,708,2381,269,582,4,86,457,500,1696,228,208,20,1514,196,1535,327,124
"8.2.22",1941,0,88,444,128,22,1381,54,222,2806,48,153,949,57,2494,453,142,64,32763,382,300,36,132,838,11,7,754,151,132,7214,646,13,6547,3324,101,7951,5417,939,2276,504,789,710,2383,269,582,4,86,459,500,1701,228,209,20,1516,196,1537,330,124
"8.3.22",1941,0,88,444,128,22,1381,54,222,2806,48,153,949,57,2494,453,142,64,32785,382,300,36,132,838,11,7,754,151,132,7214,646,13,6547,3342,102,7951,5417,939,2276,504,789,710,2383,269,582,4,86,459,500,1701,228,209,20,1516,196,1536,330,124
"8.4.22",1941,0,88,444,128,22,1381,54,222,2806,48,154,949,57,2494,453,142,64,32807,382,300,37,132,838,11,7,754,151,132,7214,646,13,6547,3342,103,7951,5424,939,2276,504,789,710,2383,269,582,4,86,459,500,1701,228,209,20,1516,196,1537,330,124
"8.5.22",1945,0,88,446,129,22,1383,54,225,2815,48,154,949,57,2499,453,142,64,32826,382,302,37,132,838,11,7,757,151,132,7235,648,13,6555,3342,103,7956,5424,946,2276,510,795,711,2400,269,582,4,87,457,502,1701,228,209,20,1516,196,1540,331,124
"8.6.22",1945,0,88,446,129,22,1383,54,225,2815,48,154,949,57,2499,453,142,64,32826,382,302,37,132,838,11,7,757,151,132,7235,648,13,6555,3342,103,7956,5424,946,2276,510,795,711,2400,269,583,4,87,457,502,1701,228,209,20,1516,196,1540,331,124
"8.7.22",1945,0,88,446,129,22,1383,54,225,2815,48,154,949,57,2499,453,142,64,32826,382,302,37,132,838,11,7,757,151,132,7235,648,13,6555,3342,103,7956,5424,946,2276,510,795,711,2400,269,583,4,87,457,502,1701,228,209,20,1516,196,1540,331,124
"8.8.22",1945,0,88,446,129,22,1383,54,225,2815,48,154,949,57,2499,453,142,64,32856,382,302,37,132,838,11,7,757,151,132,7235,648,13,6555,3342,103,7956,5424,946,2276,510,795,711,2400,269,583,4,87,457,502,1701,228,209,20,1516,196,1540,331,124
"8.9.22",1945,0,88,446,130,22,1383,54,225,2815,48,154,949,57,2499,453,142,64,32869,382,302,37,132,839,11,7,758,153,132,7247,650,13,6555,3342,104,7977,5429,946,2281,510,795,711,2400,269,584,4,87,457,502,1702,228,209,20,1520,196,1542,331,129
"8.10.22",1944,0,88,446,130,22,1382,54,225,2815,48,154,949,57,2499,453,142,64,32888,382,302,37,132,839,11,7,758,153,132,7247,650,13,6555,3360,104,7977,5429,945,2281,510,795,711,2400,269,584,4,87,457,503,1702,228,209,20,1520,196,1542,330,129
"8.11.22",1944,0,88,446,130,22,1382,54,225,2815,48,154,949,57,2499,453,142,64,32903,382,302,37,132,839,11,7,758,153,132,7247,650,13,6555,3360,104,7977,5437,945,2281,510,795,711,2400,269,584,4,87,457,503,1702,228,209,20,1520,196,1542,330,129
"8.12.22",1948,0,89,447,131,22,1393,54,225,2816,48,154,950,58,2499,454,142,64,32922,382,305,37,132,842,11,7,759,156,132,7262,656,13,6561,3360,104,7983,5437,955,2283,512,800,712,2422,273,584,4,88,458,504,1702,228,209,20,1520,196,1546,331,129
"8.13.22",1948,0,89,447,131,22,1393,54,225,2816,48,154,950,58,2499,454,142,64,32922,382,305,37,132,842,11,7,759,156,132,7262,656,13,6561,3360,104,7983,5437,955,2283,512,800,712,2422,273,584,4,88,458,504,1702,228,209,20,1520,196,1546,331,129
"8.14.22",1948,0,89,447,131,22,1393,54,225,2816,48,154,950,58,2499,454,142,64,32922,382,305,37,132,842,11,7,759,156,132,7262,656,13,6561,3360,104,7983,5437,955,2283,512,800,712,2422,273,584,4,88,458,504,1702,228,209,20,1520,196,1546,331,129
"8.15.22",1948,0,89,447,131,22,1393,54,225,2816,48,154,950,58,2499,454,142,64,32948,382,305,37,132,842,11,7,759,156,132,7262,656,13,6561,3360,104,7983,5437,955,2283,512,800,712,2422,273,584,4,88,458,506,1702,228,209,20,1520,196,1546,331,129
"8.16.22",1948,0,89,447,131,22,1394,55,225,2818,48,154,950,58,2508,454,142,64,32961,382,305,37,132,843,11,7,759,155,132,7274,655,13,6562,3360,104,7999,5442,971,2283,514,800,712,2424,269,584,4,88,459,506,1715,228,209,20,1521,196,1548,331,129
"8.17.22",1948,0,89,447,131,22,1394,55,225,2818,48,154,950,58,2508,454,142,64,32975,382,305,37,132,843,11,7,759,155,132,7274,655,13,6562,3379,104,7999,5442,971,2283,514,800,712,2424,269,584,4,88,459,509,1715,228,209,20,1521,196,1548,331,129
"8.18.22",1948,0,89,447,131,22,1394,55,225,2818,48,154,950,58,2508,454,142,64,32991,382,305,37,132,843,11,7,759,155,132,7274,655,13,6562,3379,104,7999,5448,971,2283,514,800,712,2424,269,585,4,88,459,509,1715,228,209,20,1521,196,1548,331,129
"8.19.22",1970,0,89,449,132,22,1399,55,225,2822,48,154,951,59,2508,454,142,64,32991,382,305,37,134,846,11,7,760,156,132,7303,657,13,6574,3379,104,8014,5448,973,2288,516,808,713,2437,269,585,4,88,457,511,1719,228,209,20,1521,196,1552,333,129
"8.20.22",1970,0,89,449,132,22,1399,55,225,2822,48,154,951,59,2508,454,142,64,32991,382,305,37,134,846,11,7,760,156,132,7303,657,13,6574,3379,104,8014,5448,973,2288,516,808,713,2437,269,586,4,88,457,511,1719,228,209,20,1521,196,1552,333,129
"8.21.22",1970,0,89,449,132,22,1399,55,225,2822,48,154,951,59,2508,454,142,64,32991,382,305,37,134,846,11,7,760,156,132,7303,657,13,6574,3379,104,8014,5448,973,2288,516,808,713,2437,269,586,4,88,457,511,1719,228,209,20,1521,196,1552,333,129
"8.22.22",1970,0,89,449,132,22,1399,55,225,2822,48,154,951,59,2508,454,142,64,33027,382,305,37,134,846,11,7,760,156,132,7303,657,13,6574,3379,104,8014,5448,973,2288,516,808,713,2437,269,586,4,88,457,511,1719,228,209,20,1521,196,1552,333,129
"8.23.22",1976,0,89,449,132,22,1399,55,225,2822,48,154,951,59,2518,454,142,64,33041,382,305,37,134,849,11,7,760,156,132,7330,657,13,6573,3379,105,8018,5453,974,2288,515,808,716,2454,270,586,5,88,459,520,1720,228,209,20,1525,196,1554,333,129
"8.24.22",1976,0,89,449,132,22,1399,55,225,2822,48,154,951,59,2518,454,142,64,33060,382,305,37,134,849,11,7,760,156,132,7330,657,13,6573,3395,105,8018,5453,974,2288,515,808,716,2454,270,586,5,88,459,520,1720,228,209,20,1525,196,1554,333,129
"8.25.22",1976,0,89,449,132,22,1399,55,225,2822,48,154,951,59,2518,454,142,64,33076,382,305,37,134,849,11,7,760,156,132,7330,657,13,6573,3395,105,8018,5456,974,2288,515,808,716,2454,270,586,5,88,459,520,1720,228,209,20,1525,196,1554,333,129
"8.26.22",1978,0,89,452,133,22,1404,55,226,2829,49,154,953,59,2518,455,142,64,33096,382,305,37,134,851,11,7,760,156,132,7344,657,13,6580,3395,105,8017,5456,1000,2296,515,819,717,2459,273,586,5,89,460,557,1722,228,210,20,1527,196,1558,334,129
"8.27.22",1978,0,89,452,133,22,1404,55,226,2829,49,154,953,59,2518,455,142,64,33096,382,305,37,134,851,11,7,760,156,132,7344,657,13,6580,3395,105,8017,5456,1000,2296,515,819,717,2459,273,586,5,89,460,557,1722,228,210,20,1527,196,1558,334,129
"8.28.22",1978,0,89,452,133,22,1404,55,226,2829,49,154,953,59,2518,455,142,64,33096,382,305,37,134,851,11,7,760,156,132,7344,657,13,6580,3395,105,8017,5456,1000,2296,515,819,717,2459,273,587,5,89,460,557,1722,228,210,20,1527,196,1558,334,129
"8.29.22",1978,0,89,452,133,22,1404,55,226,2829,49,154,953,59,2518,455,142,64,33124,382,305,37,134,851,11,7,760,156,132,7344,657,13,6580,3395,105,8017,5456,1000,2296,515,819,717,2459,273,587,5,89,460,557,1722,228,210,20,1527,196,1558,334,129
"8.30.22",1986,0,89,452,133,22,1409,56,226,2829,48,154,953,59,2523,455,142,64,33138,383,305,37,134,852,11,7,762,156,132,7350,657,13,6581,3395,105,8014,5459,1001,2298,515,819,717,2467,272,587,5,89,461,527,1722,228,210,20,1527,196,1558,334,129
"8.31.22",1986,0,89,452,133,22,1409,56,226,2829,48,154,953,59,2523,455,142,64,33155,383,305,37,134,852,11,7,762,156,132,7350,657,13,6581,3399,105,8014,5459,1001,2298,515,819,717,2467,272,587,5,89,461,527,1722,228,210,20,1527,196,1558,334,129
"9.1.22",1986,0,89,452,133,22,1409,56,226,2829,48,154,953,59,2523,455,142,64,33171,383,305,37,134,852,11,7,762,156,132,7350,657,13,6581,3399,105,8014,5464,1001,2298,515,819,717,2467,272,587,5,89,461,527,1722,228,210,20,1527,196,1558,334,129
"9.2.22",1998,0,89,453,133,22,1410,56,229,2835,48,154,956,59,2523,455,143,64,33187,383,305,37,134,856,11,7,761,156,132,7357,657,13,6581,3399,105,8006,5464,1015,2301,517,822,716,2473,273,587,5,89,461,517,1726,228,210,20,1527,196,1558,334,129
"9.3.22",1998,0,89,453,133,22,1410,56,229,2835,48,154,956,59,2523,455,143,64,33187,383,305,37,134,856,11,7,761,156,132,7357,657,13,6581,3399,105,8006,5464,1015,2301,517,822,716,2473,273,587,5,89,461,517,1726,228,210,20,1527,196,1558,334,129
"9.4.22",1998,0,89,453,133,22,1410,56,229,2835,48,154,956,59,2523,455,143,64,33187,383,305,37,134,856,11,7,761,156,132,7357,657,13,6581,3399,105,8006,5464,1015,2301,517,822,716,2473,273,587,5,89,461,517,1726,228,210,20,1527,196,1558,334,129
"9.5.22",1998,0,89,453,133,22,1410,56,229,2835,48,154,956,59,2523,455,143,64,33209,383,305,37,134,856,11,7,761,156,132,7357,657,13,6581,3399,105,8006,5464,1015,2301,517,822,716,2473,273,587,5,89,461,517,1726,228,210,20,1527,196,1558,334,129
"9.6.22",1999,0,89,453,133,22,1415,56,229,2835,48,155,956,59,2532,455,143,64,33217,383,305,37,135,856,11,7,762,156,132,7365,658,13,6591,3399,105,8023,5468,1018,2303,517,822,717,2472,274,587,5,89,463,517,1726,228,210,20,1529,196,1558,334,129
"9.7.22",1999,0,89,453,133,22,1415,56,229,2835,48,156,956,59,2532,455,143,64,33227,383,305,37,135,856,11,7,762,156,132,7365,658,13,6591,3402,105,8023,5468,1018,2303,517,822,717,2472,274,587,5,89,463,517,1726,228,210,20,1529,196,1562,334,129
"9.8.22",1999,0,89,453,133,22,1415,56,229,2835,48,156,956,59,2532,455,143,64,33334,383,305,37,135,856,11,7,762,156,132,7365,658,13,6591,3402,105,8023,5474,1018,2303,517,822,717,2472,274,587,5,89,463,517,1726,228,210,20,1529,196,1562,334,129
"9.9.22",2006,0,89,453,133,22,1415,56,229,2835,48,156,956,59,2532,455,144,64,33348,383,305,37,135,856,11,7,762,158,132,7389,658,13,6596,3402,105,8057,5474,1022,2303,519,826,717,2478,274,587,5,90,463,521,1726,228,210,20,1529,196,1566,334,129
"9.10.22",2006,0,89,453,133,22,1415,56,229,2835,48,156,956,59,2532,455,144,64,33348,383,305,37,135,856,11,7,762,158,132,7389,657,13,6596,3402,105,8057,5474,1022,2303,519,826,717,2478,274,587,5,90,461,521,1726,228,210,20,1529,196,1566,334,129
"9.11.22",2006,0,89,453,133,22,1415,56,229,2835,48,156,956,59,2532,455,144,64,33348,383,305,37,135,856,11,7,762,158,132,7389,657,13,6596,3402,105,8057,5474,1022,2303,519,826,717,2478,274,587,5,90,461,521,1726,228,210,20,1529,196,1566,334,129
"9.12.22",2006,0,89,453,133,22,1415,56,229,2835,48,156,956,59,2532,455,144,64,33385,383,305,37,135,856,11,7,762,158,132,7389,657,13,6596,3402,106,8057,5474,1022,2303,519,826,717,2478,274,588,5,90,461,521,1726,228,210,20,1529,196,1566,334,129
"9.13.22",2006,0,89,453,133,22,1415,56,229,2835,48,156,956,59,2532,455,144,64,33398,384,305,37,135,856,11,7,762,158,132,7389,657,13,6596,3402,106,8057,5474,1022,2303,519,826,717,2478,274,588,5,90,461,521,1726,228,210,20,1529,196,1568,334,129
"9.14.22",2006,0,89,453,133,22,1415,56,229,2835,48,157,956,59,2532,455,144,64,33414,384,305,37,135,856,11,7,762,158,132,7389,658,13,6596,3425,106,8057,5474,1022,2303,519,826,717,2478,274,588,5,90,461,521,1726,228,210,20,1529,196,1568,334,129
"9.15.22",2007,0,90,453,133,22,1423,56,231,2839,48,157,956,59,2535,456,144,65,33432,384,309,37,136,862,11,7,762,160,132,7405,660,13,6608,3425,106,8074,5483,1025,2304,520,826,718,2478,274,588,5,90,462,521,1727,232,210,20,1531,196,1568,334,129
"9.16.22",2007,0,90,453,133,22,1423,56,231,2839,48,157,956,59,2535,456,144,65,33447,384,309,37,136,862,11,7,762,160,132,7405,660,13,6608,3425,106,8074,5483,1025,2304,520,830,718,2473,274,588,5,90,462,518,1727,232,210,20,1531,196,1570,334,129
"9.17.22",2007,0,90,453,133,22,1423,56,231,2839,48,157,956,59,2535,456,144,65,33447,384,309,37,136,862,11,7,762,160,132,7405,660,13,6608,3425,106,8074,5483,1025,2304,520,830,718,2473,274,588,5,90,462,518,1727,232,210,20,1531,196,1570,334,129
"9.18.22",2007,0,90,453,133,22,1423,56,231,2839,48,157,956,59,2535,456,144,65,33447,384,309,37,136,862,11,7,762,160,132,7405,660,13,6608,3425,106,8074,5483,1025,2304,520,830,718,2473,274,588,5,90,462,518,1727,232,210,20,1531,196,1570,334,129
"9.19.22",2007,0,90,453,133,22,1423,56,231,2839,48,157,956,59,2535,456,144,65,33483,384,309,38,136,862,11,7,762,160,132,7405,660,13,6608,3425,106,8074,5483,1025,2304,520,830,718,2473,274,588,5,90,462,518,1727,232,210,20,1531,196,1570,334,129
"9.20.22",2007,0,90,453,133,22,1423,56,231,2839,48,157,956,59,2535,456,144,65,33497,384,309,38,136,862,11,7,762,160,132,7405,660,13,6608,3425,106,8074,5483,1025,2304,520,830,718,2473,274,588,5,90,462,518,1727,232,210,20,1531,196,1570,334,129
"9.21.22",2007,0,90,453,133,22,1423,56,231,2839,48,157,956,59,2535,456,144,65,33509,384,309,38,136,862,11,7,762,160,132,7405,660,13,6608,3444,106,8074,5483,1025,2304,520,830,718,2473,274,588,5,90,462,518,1727,232,210,20,1531,196,1570,334,129
"9.22.22",2012,0,90,453,133,22,1424,57,231,2850,48,157,957,59,2540,456,146,65,33519,384,310,38,136,862,11,7,766,160,132,7432,660,13,6610,3444,106,8097,5487,1031,2306,522,830,720,2486,274,588,5,90,463,519,1752,232,210,20,1530,196,1571,335,129
"9.23.22",2012,0,90,453,133,22,1424,57,231,2850,48,157,957,59,2540,456,146,65,33532,384,310,38,136,862,11,7,766,160,132,7432,660,13,6610,3444,106,8097,5487,1031,2306,522,830,720,2486,274,588,5,90,463,519,1752,232,210,20,1530,196,1571,335,129
"9.24.22",2012,0,90,453,133,22,1424,57,231,2850,48,157,957,59,2540,456,146,65,33532,384,310,38,136,862,11,7,766,160,132,7432,660,13,6610,3444,106,8097,5487,1031,2306,522,830,720,2486,274,588,5,90,463,519,1752,232,210,20,1530,196,1571,335,129
"9.25.22",2012,0,90,453,133,22,1424,57,231,2850,48,157,957,59,2540,456,146,65,33532,384,310,38,136,862,11,7,766,160,132,7432,660,13,6610,3444,106,8097,5487,1031,2306,522,830,720,2486,274,588,5,90,463,519,1752,232,210,20,1530,196,1571,335,129
"9.26.22",2012,0,90,453,133,22,1424,57,231,2850,48,157,957,59,2540,456,146,65,33565,384,310,38,136,862,11,7,766,160,132,7432,660,13,6610,3444,106,8097,5487,1031,2306,522,830,720,2486,274,588,5,90,463,519,1752,232,210,20,1530,196,1571,335,129
"9.27.22",2012,0,90,453,133,22,1424,57,231,2850,48,157,957,59,2540,456,146,65,33576,384,310,38,136,862,11,7,766,160,132,7432,660,13,6610,3444,106,8097,5487,1031,2306,522,830,720,2486,274,588,5,90,463,519,1752,232,210,20,1530,196,1571,335,129
"9.28.22",2012,0,90,453,133,22,1424,57,231,2850,48,157,957,59,2540,456,146,65,33587,384,310,39,136,862,11,7,766,160,132,7432,661,13,6610,3457,106,8097,5487,1031,2306,522,830,720,2486,274,588,5,90,463,519,1752,232,210,20,1530,196,1571,335,129
"9.29.22",2020,0,90,454,133,22,1426,56,231,2859,48,157,958,59,2549,459,147,65,33598,384,310,39,136,863,11,7,766,160,132,7450,661,13,6610,3457,106,8106,5491,1043,2319,524,830,722,2494,273,588,5,91,464,519,1780,232,210,20,1531,196,1574,341,132
"9.30.22",2020,0,90,454,133,22,1426,56,231,2859,48,157,958,59,2549,459,147,65,33603,384,310,39,136,863,11,7,766,160,132,7450,661,13,6543,3457,106,8106,5491,1043,2319,524,834,722,2494,273,588,5,91,464,519,1780,232,210,20,1531,196,1574,341,132
"10.1.22",2020,0,90,454,133,22,1426,56,231,2859,48,157,958,59,2549,459,147,65,33603,384,310,39,136,863,11,7,766,160,132,7450,661,13,6543,3457,106,8106,5491,1043,2319,524,834,722,2494,273,588,5,91,464,519,1780,232,210,20,1531,196,1574,341,132
"10.2.22",2020,0,90,454,133,22,1426,56,231,2859,48,157,958,59,2549,459,147,65,33603,384,310,39,136,863,11,7,766,160,132,7450,661,13,6543,3457,106,8106,5491,1043,2319,524,834,722,2494,273,588,5,91,464,519,1780,232,210,20,1531,196,1574,341,132
"10.3.22",2020,0,90,454,133,22,1426,56,231,2859,48,157,958,59,2549,459,147,65,33628,384,310,39,136,863,11,7,766,160,132,7450,661,13,6543,3457,106,8106,5491,1043,2319,524,834,722,2494,273,588,5,91,464,519,1780,232,210,20,1531,196,1574,341,132
"10.4.22",2020,0,90,454,133,22,1426,56,231,2859,48,157,958,59,2549,459,147,65,33709,384,310,39,136,863,11,7,766,160,132,7450,661,13,6543,3457,106,8106,5491,1043,2319,524,834,722,2494,273,588,5,91,464,519,1780,232,210,20,1531,196,1574,341,132
"10.5.22",2020,0,90,454,133,22,1426,56,231,2859,48,157,958,59,2549,459,147,65,33719,384,310,39,136,863,11,7,766,160,132,7450,662,13,6543,3473,106,8106,5491,1043,2319,524,834,722,2494,273,588,5,91,464,519,1780,232,210,20,1531,196,1574,341,132
"10.6.22",2020,0,90,454,133,22,1426,56,231,2859,48,157,958,59,2556,459,147,65,33730,384,310,39,136,863,11,7,766,160,132,7459,662,13,6543,3473,106,8106,5498,1043,2319,524,835,722,2494,273,591,5,91,464,519,1780,232,210,20,1531,196,1574,341,132
"10.7.22",2023,0,93,454,133,22,1430,56,231,2865,48,159,958,59,2556,458,147,65,33740,384,313,39,136,865,11,7,766,160,132,7459,662,13,6567,3473,106,8116,5498,1045,2319,524,835,725,2506,273,591,5,92,465,520,1781,232,210,20,1531,196,1574,341,129
"10.8.22",2023,0,93,454,133,22,1430,56,231,2865,48,159,958,59,2556,458,147,65,33740,384,313,39,136,865,11,7,766,160,132,7459,662,13,6567,3473,106,8116,5498,1045,2319,524,835,725,2506,273,591,5,92,465,520,1781,232,210,20,1531,196,1574,341,129
"10.9.22",2023,0,93,454,133,22,1430,56,231,2865,48,159,958,59,2556,458,147,65,33740,384,313,39,136,865,11,7,766,160,132,7459,662,13,6567,3473,106,8116,5498,1045,2319,524,835,725,2506,273,591,5,92,465,520,1781,232,210,20,1531,196,1574,341,129
"10.10.22",2023,0,93,454,133,22,1430,56,231,2865,48,159,958,59,2556,458,147,65,33740,384,313,39,136,865,11,7,766,160,132,7459,662,13,6567,3473,106,8116,5498,1045,2319,524,835,725,2506,273,591,5,92,465,520,1781,232,210,20,1531,196,1574,341,129
"10.11.22",2023,0,93,454,133,22,1430,56,231,2865,48,159,958,59,2556,458,147,65,33772,385,313,39,136,865,11,7,766,160,132,7459,662,13,6567,3473,106,8116,5498,1045,2319,524,835,725,2506,273,591,5,92,465,520,1781,232,210,20,1531,196,1574,341,129
"10.12.22",2023,0,93,454,133,22,1430,56,231,2865,48,160,958,59,2556,458,147,65,33785,385,313,39,136,865,11,7,766,160,132,7459,662,13,6567,3487,107,8116,5498,1045,2319,524,835,725,2506,273,591,5,92,465,520,1781,232,210,20,1531,196,1574,341,129
"10.13.22",2027,0,93,456,133,22,1440,56,231,2873,48,160,958,60,2560,459,146,65,33797,385,315,39,136,868,11,7,768,161,132,7488,662,13,6561,3487,107,8148,5507,1048,2322,524,838,726,2513,273,591,5,92,465,521,1782,233,209,20,1538,196,1579,343,129
"10.14.22",2027,0,93,456,133,22,1440,56,231,2873,48,160,958,60,2560,459,146,65,33811,385,315,39,136,868,11,7,768,161,132,7488,660,13,6561,3487,107,8148,5507,1048,2322,524,838,726,2513,273,591,5,92,465,521,1782,233,209,20,1538,196,1579,343,129
"10.15.22",2027,0,93,456,133,22,1440,56,231,2873,48,160,958,60,2560,459,146,65,33811,385,315,39,136,868,11,7,768,161,132,7488,660,13,6561,3487,107,8148,5507,1048,2322,524,838,726,2513,273,591,5,92,465,521,1782,233,209,20,1538,196,1579,343,129
"10.16.22",2027,0,93,456,133,22,1440,56,231,2873,48,160,958,60,2560,459,146,65,33811,385,315,39,136,868,11,7,768,161,132,7488,660,13,6561,3487,107,8148,5507,1048,2322,524,838,726,2513,273,591,5,92,465,521,1782,233,209,20,1538,196,1579,343,129
"10.17.22",2027,0,93,456,133,22,1440,56,231,2873,48,160,958,60,2560,459,146,65,33832,385,315,39,136,868,11,7,768,161,132,7488,660,13,6561,3487,107,8148,5507,1048,2322,524,838,726,2513,273,591,5,92,465,521,1782,233,209,20,1538,196,1579,343,129
"10.18.22",2027,0,93,456,133,22,1440,56,231,2873,48,160,958,60,2560,459,146,65,33832,385,315,39,136,868,11,7,768,161,132,7488,660,13,6561,3487,107,8148,5507,1048,2322,524,838,726,2513,273,591,5,92,465,521,1782,233,209,20,1538,196,1579,343,129
"10.19.22",2027,0,93,456,133,22,1440,56,231,2873,48,160,958,60,2560,459,146,65,33862,385,315,39,136,868,11,7,768,161,132,7488,660,13,6561,3495,107,8148,5507,1048,2322,524,838,726,2513,273,591,5,92,465,521,1782,233,209,20,1538,196,1579,343,129
"10.20.22",2031,0,94,456,135,22,1444,56,232,2893,48,160,961,60,2561,460,148,65,33875,385,314,39,136,869,11,7,768,160,132,7536,662,13,6569,3495,107,8152,5517,1056,2336,525,841,726,2523,275,591,5,94,466,527,1785,233,209,20,1540,196,1581,346,130
"10.21.22",2031,0,94,456,135,22,1444,56,232,2893,48,160,961,60,2561,460,148,65,33889,385,314,40,136,869,11,7,768,160,132,7536,662,13,6569,3495,107,8152,5517,1056,2336,525,841,726,2523,275,591,5,94,466,527,1785,233,209,20,1540,196,1581,346,130
"10.22.22",2031,0,94,456,135,22,1444,56,232,2893,48,160,961,60,2561,460,148,65,33889,385,314,40,136,869,11,7,768,160,132,7536,662,13,6569,3495,107,8152,5517,1056,2336,525,841,726,2523,275,591,5,94,466,527,1785,233,209,20,1540,196,1581,346,130
"10.23.22",2031,0,94,456,135,22,1444,56,232,2893,48,160,961,60,2561,460,148,65,33889,385,314,40,136,869,11,7,768,160,132,7536,662,13,6569,3495,107,8152,5517,1056,2336,525,841,726,2523,275,591,5,94,466,527,1785,233,209,20,1540,196,1581,346,130
"10.24.22",2031,0,94,456,135,22,1444,56,232,2893,48,160,961,60,2561,460,148,65,33915,385,314,40,136,869,11,7,768,160,132,7536,662,13,6569,3495,107,8152,5517,1056,2336,525,841,726,2523,275,591,5,94,466,527,1785,233,209,20,1540,196,1581,346,130
"10.25.22",2031,0,94,456,135,22,1444,56,232,2893,48,160,961,60,2561,460,148,65,33924,385,314,40,136,869,11,7,768,160,132,7536,662,13,6569,3495,107,8152,5517,1056,2336,525,841,726,2523,275,591,5,94,466,527,1785,233,209,20,1540,196,1581,346,130
"10.26.22",2031,0,94,456,135,22,1444,56,232,2893,48,160,961,60,2561,460,148,65,33936,385,314,40,136,869,11,7,768,160,132,7536,662,13,6569,3504,107,8152,5517,1056,2336,525,841,726,2523,275,591,5,94,466,527,1785,233,209,20,1540,196,1581,346,130
"10.27.22",2040,0,94,457,134,22,1458,56,231,2893,48,161,959,60,2561,459,148,65,33945,385,314,40,136,870,11,7,769,160,132,7518,662,13,6659,3504,108,8152,5524,1066,2335,525,841,729,2528,274,592,5,94,467,527,1785,233,210,20,1541,196,1583,349,133
"10.28.22",2040,0,94,457,134,22,1458,56,231,2893,48,161,959,60,2561,459,148,65,33951,385,314,40,136,870,11,7,769,160,132,7518,662,13,6659,3504,108,8152,5524,1066,2335,525,841,729,2528,274,592,5,94,467,527,1785,233,210,20,1541,196,1583,349,133
"10.29.22",2040,0,94,457,134,22,1458,56,231,2893,48,161,959,60,2561,459,148,65,33951,385,314,40,136,870,11,7,769,160,132,7518,662,13,6659,3504,108,8152,5524,1066,2335,525,841,729,2528,274,593,5,94,467,527,1785,233,210,20,1541,196,1583,349,133
"10.30.22",2040,0,94,457,134,22,1458,56,231,2893,48,161,959,60,2561,459,148,65,33951,385,314,40,136,870,11,7,769,160,132,7518,662,13,6659,3504,108,8152,5524,1066,2335,525,841,729,2528,274,593,5,94,467,527,1785,233,210,20,1541,196,1583,349,133
"10.31.22",2040,0,94,457,134,22,1458,56,231,2885,48,161,959,60,2561,459,148,65,33975,385,314,40,153,870,11,7,769,160,132,7518,662,13,6659,3504,108,8120,5524,1066,2335,525,841,729,2528,274,593,5,94,467,524,1785,233,210,20,1541,196,1583,349,133
"11.1.22",2040,0,94,457,134,22,1458,56,231,2885,48,161,959,60,2561,459,148,65,33981,385,314,40,153,870,11,7,769,160,132,7518,662,13,6659,3504,108,8120,5524,1066,2335,525,841,729,2528,274,593,5,94,467,524,1785,233,210,20,1541,196,1583,349,133
"11.2.22",2040,0,94,457,134,22,1458,56,231,2885,48,160,959,60,2561,459,148,65,33986,385,314,40,153,870,11,7,769,160,132,7518,662,13,6659,3509,108,8120,5524,1066,2335,525,841,729,2528,274,593,5,94,467,524,1785,233,210,20,1541,196,1583,349,133
"11.3.22",2044,0,95,462,135,22,1463,56,231,2885,48,160,960,60,2566,459,148,65,33992,385,314,40,153,870,11,7,770,161,132,7541,662,13,6660,3509,108,8123,5532,1067,2336,525,843,732,2533,274,593,5,94,468,524,1785,233,216,20,1544,196,1586,353,132
"11.4.22",2044,0,95,462,135,22,1463,56,231,2885,48,160,960,60,2566,459,148,65,33999,385,314,40,153,870,11,7,770,161,132,7541,662,13,6660,3509,108,8123,5532,1067,2336,525,843,732,2533,274,593,5,94,468,524,1785,233,216,20,1544,196,1586,353,132
"11.5.22",2044,0,95,462,135,22,1463,56,231,2885,48,160,960,60,2566,459,148,65,33999,385,314,40,153,870,11,7,770,161,132,7541,662,13,6660,3509,108,8123,5532,1067,2336,525,843,732,2533,274,593,5,94,468,524,1785,233,216,20,1544,196,1586,353,132
"11.6.22",2044,0,95,462,135,22,1463,56,231,2885,48,160,960,60,2566,459,148,65,33999,385,314,40,153,870,11,7,770,161,132,7541,662,13,6660,3509,108,8123,5532,1067,2336,525,843,732,2533,274,594,5,94,468,524,1785,233,216,20,1544,196,1586,353,132
"11.7.22",2044,0,95,462,135,22,1463,56,231,2885,48,160,960,60,2566,459,148,65,34015,385,314,40,137,870,11,7,770,161,132,7541,662,13,6660,3509,108,8123,5532,1067,2336,525,843,732,2533,274,594,5,94,468,524,1785,233,216,20,1544,196,1586,353,132
"11.8.22",2044,0,95,462,135,22,1463,56,231,2885,48,160,960,60,2566,459,148,65,34023,385,314,40,137,870,11,7,770,161,132,7541,662,13,6660,3509,108,8123,5532,1067,2336,525,843,732,2533,274,594,5,94,468,524,1785,233,216,20,1544,196,1586,353,132
"11.9.22",2044,0,95,462,135,22,1463,56,231,2885,48,160,960,60,2566,459,148,65,34032,385,314,40,137,870,11,7,770,161,132,7541,662,13,6660,3521,108,8123,5532,1067,2336,525,843,732,2533,274,595,5,94,468,524,1785,233,216,20,1544,196,1586,353,132
"11.10.22",2050,0,95,461,135,22,1469,56,232,2887,48,160,960,60,2566,461,149,65,34032,385,314,40,136,870,11,8,772,162,132,7555,662,13,6660,3521,108,8126,5543,1072,2340,525,845,733,2535,274,595,5,94,468,525,1785,235,216,20,1544,201,1587,354,132
"11.11.22",2050,0,95,461,135,22,1469,56,232,2887,48,160,960,60,2566,461,149,65,34032,385,314,40,136,870,11,8,772,162,132,7555,662,13,6660,3521,108,8126,5543,1072,2340,525,845,733,2535,274,595,5,94,468,525,1785,235,216,20,1544,201,1587,354,132
"11.12.22",2050,0,95,461,135,22,1469,56,232,2887,48,160,960,60,2566,461,149,65,34032,385,314,40,136,870,11,8,772,162,132,7555,662,13,6660,3521,108,8126,5543,1072,2340,525,845,733,2535,274,595,5,94,468,525,1785,235,216,20,1544,201,1587,354,132
"11.13.22",2050,0,95,461,135,22,1469,56,232,2887,48,160,960,60,2566,461,149,65,34032,385,314,40,136,870,11,8,772,162,132,7555,662,13,6660,3521,108,8126,5543,1072,2340,525,845,733,2535,274,595,5,94,468,525,1785,235,216,20,1544,201,1587,354,132
"11.14.22",2050,0,95,461,135,22,1469,56,232,2887,48,160,960,60,2566,461,149,65,34065,385,314,40,136,870,11,8,772,162,132,7555,662,13,6660,3521,108,8126,5543,1072,2340,525,845,733,2535,275,595,5,94,468,525,1785,235,216,20,1544,201,1587,354,132
"11.15.22",2050,0,95,461,135,22,1469,56,232,2887,48,160,960,60,2566,461,149,65,34072,387,314,40,136,870,11,8,772,162,132,7555,662,13,6660,3521,108,8126,5543,1072,2340,525,845,733,2535,275,595,5,94,468,525,1785,235,216,20,1544,201,1587,354,132
"11.16.22",2050,0,95,461,135,22,1469,56,232,2887,48,160,960,60,2566,461,149,65,34081,387,314,40,136,870,11,8,772,162,132,7555,662,13,6660,3528,108,8126,5543,1072,2340,525,845,733,2535,275,595,5,94,468,525,1785,235,216,20,1544,201,1587,354,132
"11.17.22",2054,0,95,461,135,22,1479,56,233,2888,50,160,960,60,2566,462,149,65,34091,387,314,40,136,875,11,8,773,161,132,7561,662,13,6686,3528,108,8131,5557,1074,2341,530,847,733,2541,276,595,5,95,469,527,1785,234,216,20,1545,209,1590,355,132
"11.18.22",2054,0,95,461,135,22,1479,56,233,2888,50,160,960,60,2566,462,149,65,34098,387,314,40,136,875,11,8,773,161,132,7561,662,13,6686,3528,108,8131,5557,1074,2341,530,847,733,2541,276,595,5,95,469,527,1785,234,216,20,1545,209,1590,355,132
"11.19.22",2054,0,95,461,135,22,1479,56,233,2888,50,160,960,60,2566,462,149,65,34098,387,314,40,136,875,11,8,773,161,132,7561,662,13,6686,3528,108,8131,5557,1074,2341,530,847,733,2541,276,595,5,95,469,527,1785,234,216,20,1545,209,1590,355,132
"11.20.22",2054,0,95,461,135,22,1479,56,233,2888,50,160,960,60,2566,462,149,65,34098,387,314,40,136,875,11,8,773,161,132,7561,662,13,6686,3528,108,8131,5557,1074,2341,530,847,733,2541,276,595,5,95,469,527,1785,234,216,20,1545,209,1590,355,132
"11.21.22",2054,0,95,461,135,22,1479,56,233,2888,50,160,960,60,2566,462,149,65,34118,387,314,40,136,875,11,8,773,161,132,7561,662,13,6686,3528,108,8131,5557,1074,2341,530,847,733,2541,276,595,5,95,469,527,1785,234,216,20,1545,209,1590,355,132
"11.22.22",2054,0,95,461,135,22,1479,56,233,2888,50,160,960,60,2566,462,149,65,34125,387,314,40,136,875,11,8,773,161,132,7561,662,13,6686,3528,108,8131,5557,1074,2341,530,847,733,2541,276,595,5,95,469,527,1785,234,216,20,1545,209,1590,355,132
"11.23.22",2054,0,95,461,135,22,1479,56,233,2888,50,160,960,60,2566,462,149,65,34135,387,314,40,136,875,11,8,773,161,132,7571,662,13,6686,3541,108,8131,5562,1074,2341,530,847,733,2541,276,595,5,95,469,527,1785,234,216,20,1545,209,1590,355,132
"11.24.22",2059,0,95,465,135,22,1483,56,233,2893,50,160,960,60,2566,463,149,65,34135,387,314,40,136,876,11,8,775,161,132,7571,665,13,6692,3541,108,8133,5562,1076,2344,530,847,735,2558,275,595,5,95,469,530,1785,234,216,21,1545,209,1591,355,132
"11.25.22",2059,0,95,465,135,22,1483,56,233,2893,50,160,960,60,2566,463,149,65,34156,387,314,40,136,876,11,8,775,161,132,7571,665,13,6692,3541,108,8133,5562,1076,2344,530,847,735,2558,275,595,5,95,469,530,1785,234,216,21,1545,209,1591,355,132
"11.26.22",2059,0,95,465,135,22,1483,56,233,2893,50,160,960,60,2566,463,149,65,34156,387,314,40,136,876,11,8,775,161,132,7571,665,13,6692,3541,108,8133,5562,1076,2344,530,847,735,2558,275,596,5,95,469,530,1785,234,216,21,1545,209,1591,355,132
"11.27.22",2059,0,95,465,135,22,1483,56,233,2893,50,160,960,60,2566,463,149,65,34156,387,314,40,136,876,11,8,775,161,132,7571,665,13,6692,3541,108,8133,5562,1076,2344,530,847,735,2558,275,596,5,95,469,530,1785,234,216,21,1545,209,1591,355,132
"11.28.22",2059,0,95,465,135,22,1483,56,233,2893,58,160,960,60,2566,463,149,65,34171,387,314,40,136,876,11,8,775,161,132,7571,665,13,6692,3541,108,8133,5562,1076,2344,530,847,735,2558,275,596,5,95,469,530,1785,234,216,21,1545,206,1591,408,132
"11.29.22",2059,0,95,465,135,22,1483,56,233,2893,58,160,960,60,2566,463,149,65,34179,387,314,40,136,876,11,8,775,161,132,7571,665,13,6692,3541,108,8133,5562,1076,2344,530,847,735,2558,275,596,5,95,469,530,1785,234,216,21,1545,206,1591,408,132
"11.30.22",2059,0,95,465,135,22,1483,56,233,2893,58,160,960,60,2566,463,149,65,34187,387,314,40,136,876,11,8,775,161,132,7571,665,13,6692,3544,108,8133,5562,1076,2344,530,847,735,2558,275,596,5,95,469,530,1785,234,216,21,1545,206,1591,408,132
"12.1.22",2063,0,96,465,135,22,1485,56,235,2898,58,160,960,60,2575,464,149,65,34199,387,314,40,136,876,11,8,775,161,132,7577,665,13,6693,3544,108,8133,5569,1078,2347,531,853,738,2560,275,596,5,95,470,530,1785,234,216,22,1546,207,1593,409,132
"12.2.22",2063,0,96,465,135,22,1485,56,235,2898,58,160,960,60,2575,464,149,65,34213,387,314,40,136,876,11,8,775,161,132,7577,665,13,6693,3544,108,8133,5569,1078,2347,531,853,738,2560,275,596,5,95,470,530,1785,234,216,22,1546,207,1593,409,132
"12.3.22",2063,0,96,465,135,22,1485,56,235,2898,58,160,960,60,2575,464,149,65,34213,387,314,40,136,876,11,8,775,161,132,7577,665,13,6693,3544,108,8133,5569,1078,2347,531,853,738,2560,275,596,5,95,470,530,1785,234,216,22,1546,207,1593,409,132
"12.4.22",2063,0,96,465,135,22,1485,56,235,2898,58,160,960,60,2575,464,149,65,34213,387,314,40,136,876,11,8,775,161,132,7577,665,13,6693,3544,108,8133,5569,1078,2347,531,853,738,2560,275,596,5,95,470,530,1785,234,216,22,1546,207,1593,409,132
"12.5.22",2063,0,96,465,135,22,1485,56,235,2898,58,160,960,60,2575,464,149,65,34241,387,314,40,136,876,11,8,775,161,132,7577,665,13,6693,3544,108,8133,5569,1078,2347,531,853,738,2560,275,596,5,95,470,530,1785,234,216,22,1546,207,1593,409,132
"12.6.22",2063,0,96,465,135,22,1485,56,235,2898,58,160,960,60,2575,464,149,65,34251,387,314,40,136,876,11,8,775,161,132,7577,665,13,6693,3544,108,8133,5569,1078,2347,531,853,738,2560,275,596,5,95,470,530,1785,234,216,22,1546,207,1593,409,132
"12.7.22",2063,0,96,465,135,22,1485,56,235,2898,58,160,960,60,2575,464,149,65,34263,387,314,40,136,876,11,8,775,161,132,7577,665,13,6693,3559,108,8133,5569,1078,2347,531,853,738,2560,275,596,5,95,470,530,1785,234,216,22,1546,207,1593,409,132
"12.8.22",2081,0,96,470,135,22,1487,56,235,2899,58,161,962,60,2579,464,149,66,34279,387,315,40,136,877,11,8,776,164,132,7594,665,13,6697,3559,108,8135,5584,1081,2354,533,856,739,2565,275,596,5,95,473,531,1785,234,218,23,1546,208,1598,416,132
"12.9.22",2081,0,96,470,135,22,1487,56,235,2899,58,161,962,60,2579,464,149,66,34296,387,315,40,136,877,11,8,776,164,132,7594,665,13,6697,3559,108,8135,5584,1081,2354,533,856,739,2565,275,596,5,95,473,531,1785,234,218,23,1546,208,1598,416,132
"12.10.22",2081,0,96,470,135,22,1487,56,235,2899,58,161,962,60,2579,464,149,66,34296,387,315,40,136,877,11,8,776,164,132,7594,665,13,6697,3559,108,8135,5584,1081,2354,533,856,739,2565,275,596,5,95,473,531,1785,234,218,23,1546,208,1598,416,132
"12.11.22",2081,0,96,470,135,22,1487,56,235,2899,58,161,962,60,2579,464,149,66,34296,387,315,40,136,877,11,8,776,164,132,7594,665,13,6697,3559,108,8135,5584,1081,2354,533,856,739,2565,275,596,5,95,473,531,1785,234,218,23,1546,208,1598,416,132
"12.12.22",2081,0,96,470,135,22,1487,56,235,2899,58,161,962,60,2579,464,149,66,34334,387,315,40,136,877,11,8,776,164,132,7594,665,13,6697,3559,108,8135,5584,1081,2354,533,856,739,2565,276,596,5,95,473,531,1785,234,218,23,1546,208,1598,416,132
"12.13.22",2081,0,96,470,135,22,1487,56,235,2899,58,161,962,60,2579,464,149,66,34352,388,315,40,136,877,11,8,776,164,132,7594,665,13,6697,3559,108,8135,5584,1081,2354,533,856,739,2565,276,596,5,95,473,531,1785,234,218,23,1546,208,1598,416,132
"12.14.22",2081,0,96,470,135,22,1487,56,235,2899,58,161,962,60,2579,464,149,66,34368,388,315,40,136,877,11,8,776,164,132,7594,665,13,6697,3569,108,8135,5584,1081,2354,533,856,739,2565,276,597,5,95,473,531,1785,234,218,23,1546,208,1598,416,132
"12.15.22",2082,0,96,471,135,22,1491,56,235,2905,58,161,963,60,2583,466,149,66,34390,388,315,40,136,880,11,8,776,162,132,7608,666,13,6694,3569,108,8136,5608,1087,2353,533,863,743,2566,276,597,5,94,472,533,1796,235,218,23,1546,209,1600,416,132
"12.16.22",2082,0,96,471,135,22,1491,56,235,2905,58,161,963,60,2583,466,149,66,34410,388,315,40,136,880,11,8,776,162,132,7608,666,13,6694,3569,108,8136,5608,1087,2353,533,863,743,2566,276,597,5,94,472,533,1796,235,218,23,1546,209,1600,416,132
"12.17.22",2082,0,96,471,135,22,1491,56,235,2905,58,161,963,60,2583,466,149,66,34410,388,315,40,136,880,11,8,776,162,132,7608,666,13,6694,3569,108,8136,5608,1087,2353,533,863,743,2566,276,597,5,94,472,533,1796,235,218,23,1546,209,1600,416,132
"12.18.22",2082,0,96,471,135,22,1491,56,235,2905,58,161,963,60,2583,466,149,66,34410,388,315,40,136,880,11,8,776,162,132,7608,666,13,6694,3569,108,8136,5608,1087,2353,533,863,743,2566,276,597,5,94,472,533,1796,235,218,23,1546,209,1600,416,132
"12.19.22",2082,0,96,471,135,22,1491,56,235,2905,58,161,963,60,2583,466,149,66,34471,388,315,40,136,880,11,8,776,162,132,7608,666,13,6694,3569,108,8136,5608,1087,2353,533,863,743,2566,276,597,5,94,472,533,1796,235,218,23,1546,209,1600,416,132
"12.20.22",2082,0,96,471,135,22,1491,56,235,2905,58,161,963,60,2583,466,149,66,34471,388,315,40,136,880,11,8,776,162,132,7608,666,13,6694,3569,108,8136,5608,1087,2353,533,863,743,2566,276,597,5,94,472,533,1796,235,218,23,1546,209,1600,416,132
"12.21.22",2082,0,96,471,135,22,1491,56,235,2905,58,161,963,60,2583,466,149,66,34515,388,315,40,136,880,11,8,776,162,132,7608,666,13,6694,3580,108,8136,5608,1087,2353,533,863,743,2566,276,597,5,94,472,533,1796,235,218,23,1546,209,1600,416,132
"12.22.22",2088,0,96,473,135,22,1492,56,236,2907,58,161,963,60,2583,467,149,66,34539,388,315,40,137,880,11,8,776,163,132,7650,669,13,6738,3580,108,8136,5626,1095,2353,536,871,744,2579,277,597,5,95,474,536,1795,235,218,23,1546,209,1605,422,132
"12.23.22",2088,0,96,473,135,22,1492,56,236,2907,58,161,963,60,2583,467,149,66,34561,388,315,40,137,880,11,8,776,163,132,7650,669,13,6738,3580,108,8136,5626,1097,2353,536,871,744,2579,277,597,5,95,474,536,1795,235,218,23,1546,209,1605,422,132
"12.24.22",2088,0,96,473,135,22,1492,56,236,2907,58,161,963,60,2583,467,149,66,34561,388,315,40,137,880,11,8,776,163,132,7650,669,13,6738,3580,108,8136,5626,1097,2353,536,871,744,2579,277,597,5,95,474,536,1795,235,218,23,1546,209,1605,422,132
"12.25.22",2088,0,96,473,135,22,1492,56,236,2907,58,161,963,60,2583,467,149,66,34561,388,315,40,137,880,11,8,776,163,132,7650,669,13,6738,3580,108,8136,5626,1097,2353,536,871,744,2579,277,597,5,95,474,536,1795,235,218,23,1546,209,1605,422,132
"12.26.22",2088,0,96,473,135,22,1492,56,236,2907,58,161,963,60,2583,467,149,66,34561,388,315,40,137,880,11,8,776,163,132,7650,669,13,6738,3580,108,8136,5626,1098,2353,536,871,744,2579,277,597,5,95,474,536,1795,235,218,23,1546,209,1605,422,132
"12.27.22",2088,0,96,473,135,22,1492,56,236,2907,58,161,963,60,2583,467,149,66,34599,388,315,40,137,880,11,8,776,163,132,7650,669,13,6738,3580,108,8136,5626,1098,2353,536,871,744,2579,277,597,5,95,474,536,1795,235,218,23,1546,209,1605,422,132
"12.28.22",2088,0,96,473,135,22,1492,56,236,2907,58,161,963,60,2583,467,149,66,34619,388,315,40,137,880,11,8,776,163,132,7650,669,13,6738,3594,108,8136,5626,1098,2353,536,871,744,2579,277,597,5,95,474,536,1795,235,218,23,1546,209,1605,422,132
"12.29.22",2094,0,96,474,135,22,1502,56,236,2918,58,163,963,62,2583,466,149,66,34643,388,317,40,137,883,11,8,776,163,132,7674,672,13,6738,3594,108,8142,5641,1104,2363,536,877,747,2587,283,597,5,95,475,536,1795,235,219,23,1546,211,1608,426,132
"12.30.22",2094,0,96,474,135,22,1502,56,236,2918,58,163,963,62,2583,466,149,66,34671,388,317,40,137,883,11,8,776,163,132,7674,672,13,6738,3594,108,8142,5641,1104,2363,536,877,747,2587,276,597,5,95,475,536,1795,235,219,23,1546,211,1608,426,132
"12.31.22",2094,0,96,474,135,22,1502,56,236,2918,58,163,963,62,2583,466,149,66,34671,388,317,40,137,883,11,8,776,163,132,7674,672,13,6738,3594,108,8142,5641,1104,2363,536,877,747,2587,276,597,5,95,475,536,1795,235,219,23,1546,211,1608,426,132
"1.1.23",2094,0,96,474,135,22,1502,56,236,2918,58,163,963,62,2583,466,149,66,34671,388,317,40,137,883,11,8,776,163,132,7674,672,13,6738,3594,108,8142,5641,1104,2363,536,877,747,2587,276,597,5,95,475,536,1795,235,219,23,1546,211,1608,426,132
"1.2.23",2094,0,96,474,135,22,1502,56,236,2918,58,163,963,62,2583,466,149,66,34671,388,317,40,137,883,11,8,776,163,132,7674,672,13,6738,3594,108,8142,5641,1104,2363,536,877,747,2587,276,597,5,95,475,536,1795,235,219,23,1546,211,1608,426,132
"1.3.23",2094,0,96,474,135,22,1502,56,236,2918,58,163,963,62,2583,466,149,66,34730,388,317,40,137,883,11,8,776,163,132,7674,672,13,6738,3594,108,8142,5641,1104,2363,536,877,747,2587,276,597,5,95,475,536,1795,235,219,23,1546,211,1608,426,132
"1.4.23",2094,0,96,474,135,22,1502,56,236,2918,58,163,963,62,2583,466,149,66,34756,388,317,40,137,883,11,8,776,163,132,7674,672,13,6738,3607,108,8142,5641,1104,2363,536,877,747,2587,276,597,5,95,475,536,1795,235,219,23,1546,211,1608,426,132
"1.5.23",2098,0,96,478,137,22,1501,57,236,2924,58,164,964,62,2587,466,149,66,34756,388,317,40,137,883,11,8,778,164,132,7706,672,13,6748,3607,115,8143,5662,1114,2369,539,879,748,2601,276,597,5,95,478,537,1801,235,221,24,1546,211,1620,428,132
"1.6.23",2098,0,96,478,137,22,1501,57,236,2924,58,164,964,62,2587,466,149,66,34783,388,317,41,137,883,11,8,778,164,132,7706,672,13,6748,3607,115,8143,5662,1114,2369,539,879,748,2601,276,597,5,95,478,537,1801,235,221,24,1546,211,1620,428,132
"1.7.23",2098,0,96,478,137,22,1501,57,236,2924,58,164,964,62,2587,466,149,66,34783,388,317,41,137,883,11,8,778,164,132,7706,672,13,6748,3607,115,8143,5662,1114,2369,539,879,748,2601,276,597,5,95,478,537,1801,235,221,24,1546,211,1620,428,132
"1.8.23",2098,0,96,478,137,22,1501,57,236,2924,58,164,964,62,2587,466,149,66,34783,388,317,41,137,883,11,8,778,164,132,7706,672,13,6748,3607,115,8143,5662,1114,2369,539,879,748,2601,276,597,5,95,478,537,1801,235,221,24,1546,211,1620,428,132
"1.9.23",2098,0,96,478,137,22,1501,57,236,2924,58,164,964,62,2587,466,149,66,34867,388,317,41,137,883,11,8,778,164,132,7706,672,13,6748,3607,115,8143,5662,1114,2369,539,879,748,2601,276,597,5,95,478,537,1801,235,221,24,1546,211,1620,428,132
"1.10.23",2098,0,96,478,137,22,1501,57,236,2924,58,164,964,62,2587,466,149,66,34888,388,317,41,137,883,11,8,778,164,132,7706,672,13,6748,3607,115,8143,5662,1114,2369,539,879,748,2601,276,597,5,95,478,537,1801,235,221,24,1546,211,1620,428,132
"1.11.23",2098,0,96,478,137,22,1501,57,236,2924,58,164,964,62,2587,466,149,66,34917,388,317,41,137,883,11,8,778,164,132,7706,672,13,6748,3615,115,8143,5662,1116,2369,539,879,748,2601,276,597,5,95,478,537,1801,235,221,24,1546,211,1620,428,132
"1.12.23",2112,0,96,478,138,22,1505,57,236,2940,58,166,964,62,2457,469,149,66,34944,388,317,41,137,883,11,8,781,165,132,7742,671,13,6761,3615,115,8146,5681,1123,2378,539,889,750,2601,276,597,5,95,479,542,1800,237,221,23,1552,209,1636,433,132
"1.13.23",2112,0,96,478,138,22,1505,57,236,2940,58,166,964,62,2601,469,149,66,34969,388,317,41,137,883,11,8,781,165,132,7742,671,13,6761,3615,115,8146,5681,1129,2378,539,889,750,2601,276,597,5,95,479,542,1800,237,221,23,1552,209,1636,433,132
"1.14.23",2112,0,96,478,138,22,1505,57,236,2940,58,166,964,62,2601,469,149,66,34969,388,317,41,137,883,11,8,781,165,132,7742,671,13,6761,3615,115,8146,5681,1137,2378,539,889,750,2601,276,597,5,95,479,542,1800,237,221,23,1552,209,1636,433,132
"1.15.23",2112,0,96,478,138,22,1505,57,236,2940,58,166,964,62,2601,469,149,66,34969,388,317,41,137,883,11,8,781,165,132,7742,671,13,6761,3615,115,8146,5681,1137,2378,539,889,750,2601,276,598,5,95,479,542,1800,237,221,23,1552,209,1636,433,132
"1.16.23",2112,0,96,478,138,22,1505,57,236,2940,58,166,964,62,2601,469,149,66,34969,388,317,41,137,883,11,8,781,165,132,7742,671,13,6761,3615,115,8146,5681,1137,2378,539,889,750,2601,276,599,5,95,479,542,1800,237,221,23,1552,209,1636,433,132
"1.17.23",2112,0,96,478,138,22,1505,57,236,2940,58,166,964,62,2601,469,149,66,34969,388,317,41,137,883,11,8,781,165,132,7742,671,13,6761,3615,115,8146,5681,1137,2378,539,889,750,2601,276,599,5,95,479,542,1800,237,221,23,1552,209,1636,433,132
"1.18.23",2112,0,96,478,138,22,1505,57,236,2940,58,166,964,62,2601,469,149,66,35052,388,317,41,137,883,11,8,781,165,132,7742,671,13,6761,3635,115,8146,5681,1137,2378,539,889,750,2601,276,599,5,95,479,542,1800,237,221,23,1552,209,1636,433,132
"1.19.23",2125,0,97,481,139,22,1518,57,237,2952,58,167,969,62,2605,470,149,66,35079,388,317,41,139,883,11,8,784,164,132,7765,671,13,6788,3635,115,8155,5703,1147,2388,545,893,752,2633,277,599,5,95,482,541,1813,237,222,23,1554,205,1649,436,133
"1.20.23",2125,0,97,481,139,22,1518,57,237,2952,58,167,969,62,2605,470,149,66,35079,388,317,41,139,883,11,8,784,164,132,7765,671,13,6788,3635,115,8155,5703,1147,2388,545,893,752,2633,277,599,5,95,482,541,1813,237,222,23,1554,205,1649,436,133
"1.21.23",2125,0,97,481,139,22,1518,57,237,2952,58,167,969,62,2605,470,149,66,35079,388,317,41,139,883,11,8,784,164,132,7765,671,13,6788,3635,115,8155,5703,1147,2388,545,893,752,2633,277,600,5,95,482,541,1813,237,222,23,1554,205,1649,436,133
"1.22.23",2125,0,97,481,139,22,1518,57,237,2952,58,167,969,62,2605,470,149,66,35079,388,317,41,139,883,11,8,784,164,132,7765,671,13,6788,3635,115,8155,5703,1147,2388,545,893,752,2633,277,600,5,95,482,541,1813,237,222,23,1554,205,1649,436,133
"1.23.23",2125,0,97,481,139,22,1518,57,237,2952,58,167,969,62,2605,470,149,66,35079,388,317,41,139,883,11,8,784,164,132,7765,671,13,6788,3635,115,8155,5703,1147,2388,545,893,752,2633,277,600,5,95,482,541,1813,237,222,23,1554,205,1649,436,133
"1.24.23",2125,0,97,481,139,22,1518,57,237,2952,58,167,969,62,2605,470,149,66,35167,388,317,41,139,883,11,8,784,164,132,7765,671,13,6788,3635,115,8155,5703,1147,2388,545,893,752,2633,277,600,5,95,482,541,1813,237,222,23,1554,205,1649,436,133
"1.25.23",2125,0,97,481,139,22,1518,57,237,2952,58,167,969,62,2605,470,149,66,35189,388,317,41,139,883,11,8,784,164,132,7765,671,13,6788,3657,115,8155,5703,1147,2388,545,893,752,2633,277,600,5,95,482,541,1813,237,222,23,1554,205,1649,436,133
"1.26.23",2138,0,98,486,140,22,1521,57,238,2962,58,167,973,63,2607,471,149,67,35212,388,317,41,139,897,11,8,789,164,132,7791,679,13,6788,3657,115,8163,5716,1152,2391,549,897,755,2655,276,600,5,95,482,541,1816,237,222,23,1559,203,1655,435,134
"1.27.23",2138,0,98,486,140,22,1521,57,238,2962,58,167,973,63,2607,471,149,67,35230,388,317,41,139,897,11,8,789,164,132,7791,679,13,6788,3657,115,8163,5716,1152,2391,549,897,755,2655,276,600,5,95,482,541,1816,237,222,23,1559,203,1655,435,134
"1.28.23",2138,0,98,486,140,22,1521,57,238,2962,58,167,973,63,2607,471,149,67,35230,388,317,41,139,897,11,8,789,164,132,7791,679,13,6788,3657,115,8163,5716,1152,2391,549,897,755,2655,276,600,5,95,482,541,1816,237,222,23,1559,203,1655,435,134
"1.29.23",2138,0,98,486,140,22,1521,57,238,2962,58,167,973,63,2607,471,149,67,35230,388,317,41,139,897,11,8,789,164,132,7791,679,13,6788,3657,115,8163,5716,1152,2391,549,897,755,2655,276,600,5,95,482,541,1816,237,222,23,1559,203,1655,435,134
"1.30.23",2138,0,98,486,140,22,1521,57,238,2962,58,167,973,63,2607,471,149,67,35230,388,317,41,139,897,11,8,789,164,132,7791,679,13,6788,3657,115,8163,5716,1152,2391,549,897,755,2655,276,600,5,95,482,541,1816,237,222,23,1559,203,1655,435,134
"1.31.23",2138,0,98,486,140,22,1521,57,238,2962,58,167,973,63,2607,471,149,67,35281,388,317,41,139,897,11,8,789,164,132,7791,679,13,6788,3657,115,8163,5716,1152,2391,549,897,755,2655,276,600,5,95,482,541,1816,237,222,23,1559,203,1655,435,134
"2.1.23",2138,0,98,486,140,22,1521,57,238,2962,58,167,973,63,2607,471,149,67,35294,388,317,41,139,897,11,8,789,164,132,7791,679,13,6788,3675,115,8163,5716,1152,2391,549,897,755,2655,276,600,5,95,482,541,1816,237,222,23,1559,203,1655,435,134
"2.2.23",2153,0,98,486,140,22,1522,58,240,2969,58,169,974,63,2609,470,151,66,35308,388,317,41,142,903,11,8,790,165,132,7848,679,14,6789,3675,115,8170,5728,1152,2395,549,905,758,2672,277,600,5,95,482,544,1827,237,222,24,1562,203,1661,436,134
"2.3.23",2153,0,98,486,140,22,1522,58,240,2969,58,169,974,63,2609,470,151,66,35325,388,317,41,142,903,11,8,790,165,132,7848,679,14,6789,3675,115,8170,5728,1152,2395,549,905,758,2672,277,600,5,95,482,544,1827,237,222,24,1562,203,1661,436,134
"2.4.23",2153,0,98,486,140,22,1522,58,240,2969,58,169,974,63,2609,470,151,66,35325,388,317,41,142,903,11,8,790,165,132,7848,679,14,6789,3675,115,8170,5728,1152,2395,549,905,758,2672,277,600,5,95,482,544,1827,237,222,24,1562,203,1661,436,134
"2.5.23",2153,0,98,486,140,22,1522,58,240,2969,58,169,974,63,2609,470,151,66,35325,388,317,41,142,903,11,8,790,165,132,7848,679,14,6789,3675,115,8170,5728,1152,2395,549,905,758,2672,277,600,5,95,482,544,1827,237,222,24,1562,203,1661,436,134
"2.6.23",2153,0,98,486,140,22,1522,58,240,2969,58,169,974,63,2609,470,151,66,35355,388,317,41,142,903,11,8,790,165,132,7848,679,14,6789,3675,115,8170,5728,1152,2395,549,905,758,2672,277,600,5,95,482,544,1827,237,222,24,1562,203,1661,436,134
"2.7.23",2153,0,98,486,140,22,1522,58,240,2969,58,169,974,63,2609,470,151,66,35040,388,317,41,142,903,11,8,790,165,132,7848,679,14,6789,3675,115,8170,5728,1152,2395,549,905,758,2672,277,600,5,95,482,544,1827,237,222,24,1562,203,1661,436,134
"2.8.23",2153,0,98,486,140,22,1522,58,240,2969,58,169,974,63,2609,470,151,66,35040,388,317,41,142,903,11,8,790,165,132,7848,679,14,6789,3687,115,8170,5728,1152,2395,549,905,758,2672,277,600,5,95,482,544,1827,237,222,24,1562,203,1661,436,134
"2.9.23",2162,0,99,486,140,22,1523,58,243,2979,58,169,974,63,2613,471,151,66,35132,388,317,41,142,903,11,8,794,165,132,7893,680,14,6813,3687,115,8170,5745,1154,2396,552,909,759,2681,276,600,5,95,482,549,1838,238,222,24,1567,203,1662,436,134
"2.10.23",2162,0,99,486,140,22,1523,58,243,2979,58,169,974,63,2613,471,151,66,35132,388,317,41,142,903,11,8,794,165,132,7893,680,14,6813,3687,115,8170,5745,1154,2396,552,909,759,2681,276,600,5,95,482,549,1838,238,222,24,1567,203,1662,436,134
"2.11.23",2162,0,99,486,140,22,1523,58,243,2979,58,169,974,63,2613,471,151,66,35132,388,317,42,142,903,11,8,794,165,132,7893,680,14,6813,3687,115,8170,5745,1154,2396,552,909,759,2681,276,600,5,95,482,549,1838,238,222,24,1567,203,1662,436,134
"2.12.23",2162,0,99,486,140,22,1523,58,243,2979,58,169,974,63,2613,471,151,66,35132,388,317,42,142,903,11,8,794,165,132,7893,680,14,6813,3687,115,8170,5745,1154,2396,552,909,759,2681,276,600,5,95,482,549,1838,238,222,24,1567,203,1662,436,134
"2.13.23",2162,0,99,486,140,22,1523,58,243,2979,58,169,974,63,2613,471,151,66,35132,388,317,42,142,903,11,8,794,165,132,7893,680,14,6813,3687,115,8170,5745,1154,2396,552,909,759,2681,276,600,5,95,482,549,1838,238,222,24,1567,203,1662,436,134
"2.14.23",2162,0,99,486,140,22,1523,58,243,2979,58,169,974,63,2613,471,151,66,35132,388,317,42,142,903,11,8,794,165,132,7893,680,14,6813,3687,115,8170,5745,1154,2396,552,909,759,2681,276,600,5,95,482,549,1838,238,222,24,1567,203,1662,436,134
"2.15.23",2162,0,99,486,140,22,1523,58,243,2979,58,169,974,63,2613,471,151,66,35132,388,317,42,142,903,11,8,794,165,132,7893,680,14,6813,3701,115,8170,5745,1154,2396,552,909,759,2681,276,600,5,95,482,549,1838,238,222,24,1567,203,1662,436,134
"2.16.23",2174,0,99,484,140,22,1542,59,243,2983,58,169,974,63,2615,473,155,66,35250,388,317,42,143,903,11,8,796,165,132,7908,682,14,6827,3701,115,8171,5759,1164,2415,559,912,760,2688,278,600,5,95,481,548,1842,238,222,24,1567,203,1666,439,134
"2.17.23",2174,0,99,484,140,22,1542,59,243,2983,58,169,974,63,2615,473,155,66,35250,388,317,42,143,903,11,8,796,165,132,7908,682,14,6827,3701,115,8171,5759,1164,2415,559,912,760,2688,278,600,5,95,481,548,1842,238,222,24,1567,203,1666,439,134
"2.18.23",2174,0,99,484,140,22,1542,59,243,2983,58,169,974,63,2615,473,155,66,35250,388,317,42,143,903,11,8,796,165,132,7908,682,14,6827,3701,115,8171,5759,1164,2415,559,912,760,2688,278,600,5,95,481,548,1842,238,222,24,1567,203,1666,439,134
"2.19.23",2174,0,99,484,140,22,1542,59,243,2983,58,169,974,63,2615,473,155,66,35250,388,317,42,143,903,11,8,796,165,132,7908,682,14,6827,3701,115,8171,5759,1164,2415,559,912,760,2688,278,600,5,95,481,548,1842,238,222,24,1567,203,1666,439,134
"2.20.23",2174,0,99,484,140,22,1542,59,243,2983,58,169,974,63,2615,473,155,66,35250,388,317,42,143,903,11,8,796,165,132,7908,682,14,6827,3701,115,8171,5759,1164,2415,559,912,760,2688,278,600,5,95,481,548,1842,238,222,24,1567,203,1666,439,134
"2.21.23",2174,0,99,484,140,22,1542,59,243,2983,58,169,974,63,2615,473,155,66,35250,388,317,42,143,903,11,8,796,165,132,7908,682,14,6827,3701,115,8171,5759,1164,2415,559,912,760,2688,278,600,5,95,481,548,1842,238,222,24,1567,203,1666,439,134
"2.22.23",2174,0,99,484,140,22,1542,59,243,2983,58,169,974,63,2615,473,155,66,35250,388,317,42,143,903,11,8,796,165,132,7908,682,14,6827,3705,115,8171,5759,1164,2415,559,912,760,2688,278,600,5,95,481,548,1842,238,222,24,1567,203,1666,439,134
"2.23.23",2174,0,99,487,140,22,1552,60,244,2991,58,169,974,63,2619,478,155,67,35366,388,317,42,144,903,11,8,797,165,133,7936,682,15,6837,3705,116,8170,5768,1168,2417,561,912,761,2699,276,600,5,95,481,552,1843,238,222,24,1567,203,1671,442,134
"2.24.23",2174,0,99,487,140,22,1552,60,244,2991,58,169,974,63,2619,478,155,67,35366,388,317,42,144,903,11,8,797,165,133,7936,682,15,6837,3705,116,8170,5768,1168,2417,561,912,761,2699,276,600,5,95,481,552,1843,238,222,24,1567,203,1671,442,134
"2.25.23",2174,0,99,487,140,22,1552,60,244,2991,58,169,974,63,2619,478,155,67,35366,388,317,42,144,903,11,8,797,165,133,7936,682,15,6837,3705,116,8170,5768,1168,2417,561,912,761,2699,276,600,5,95,481,552,1843,238,222,24,1567,203,1671,442,134
"2.26.23",2174,0,99,487,140,22,1552,60,244,2991,58,169,974,63,2619,478,155,67,35366,388,317,42,144,903,11,8,797,165,133,7936,682,15,6837,3705,116,8170,5768,1168,2417,561,912,761,2699,276,600,5,95,481,552,1843,238,222,24,1567,203,1671,442,134
"2.27.23",2174,0,99,487,140,22,1552,60,244,2991,58,169,974,63,2619,478,155,67,35366,388,317,42,144,903,11,8,797,165,133,7936,682,15,6837,3705,116,8170,5768,1168,2417,561,912,761,2699,276,600,5,95,481,552,1843,238,222,24,1567,203,1671,442,134
"2.28.23",2174,0,99,487,140,22,1552,60,244,2991,58,169,974,63,2619,478,155,67,35366,388,317,42,144,903,11,8,797,165,133,7936,682,15,6837,3705,116,8170,5768,1168,2417,561,912,761,2699,276,600,5,95,481,552,1843,238,222,24,1567,203,1671,442,134
"3.1.23",2174,0,99,487,140,22,1552,60,244,2991,58,169,974,63,2619,478,155,67,35366,388,317,42,144,903,11,8,797,165,133,7936,682,15,6837,3719,116,8170,5768,1168,2417,561,912,761,2699,276,607,5,95,481,552,1843,238,222,24,1567,203,1671,442,134
"3.2.23",2184,0,99,487,140,22,1556,60,244,2994,58,169,975,63,2622,481,155,66,35453,388,317,42,143,903,11,8,800,170,133,7957,682,15,6842,3719,116,8170,5785,1174,2420,561,912,761,2715,276,607,5,95,482,554,1845,238,222,24,1577,203,1677,443,134
"3.3.23",2184,0,99,487,140,22,1556,60,244,2994,58,169,975,63,2622,481,155,66,35453,388,317,42,143,903,11,8,800,170,133,7957,682,15,6842,3719,116,8170,5785,1174,2420,561,912,761,2715,276,607,5,95,482,554,1845,238,222,24,1577,203,1677,443,134
"3.4.23",2184,0,99,487,140,22,1556,60,244,2994,58,169,975,63,2622,481,155,66,35453,388,317,42,143,903,11,8,800,170,133,7957,682,15,6842,3719,116,8170,5785,1174,2420,561,912,761,2715,276,607,5,95,482,554,1845,238,222,24,1577,203,1677,443,134
"3.5.23",2184,0,99,487,140,22,1556,60,244,2994,58,169,975,63,2622,481,155,66,35453,388,317,42,143,903,11,8,800,170,133,7957,682,15,6842,3719,116,8170,5785,1174,2420,561,912,761,2715,276,607,5,95,482,554,1845,238,222,24,1577,203,1677,443,134
"3.6.23",2184,0,99,487,140,22,1556,60,244,2994,58,169,975,63,2622,481,155,66,35453,388,317,42,143,903,11,8,800,170,133,7957,682,15,6842,3719,116,8170,5785,1174,2420,561,912,761,2715,276,607,5,95,482,554,1845,238,222,24,1577,203,1677,443,134
"3.7.23",2184,0,99,487,140,22,1556,60,244,2994,58,169,975,63,2622,481,155,66,35453,388,317,42,143,903,11,8,800,170,133,7957,682,15,6842,3719,116,8170,5785,1174,2420,561,912,761,2715,276,607,5,95,482,554,1845,238,222,24,1577,203,1677,443,134
"3.8.23",2184,0,99,487,140,22,1556,60,244,2994,58,169,975,63,2622,481,155,66,35453,388,317,42,143,903,11,8,800,170,133,7957,682,15,6842,3719,116,8170,5785,1174,2420,561,912,761,2715,276,607,5,95,482,554,1845,238,222,24,1577,203,1677,443,134
"3.9.23",2192,0,99,487,140,22,1559,60,245,3001,58,170,978,63,2625,481,157,66,35545,388,317,42,143,903,11,8,804,170,133,7971,682,15,6853,3719,117,8170,5799,1178,2421,561,912,763,2727,276,607,5,96,482,556,1845,241,234,24,1578,203,1679,443,135
