"Date","Alameda","Alpine","Amador","Butte","Calaveras","Colusa","Contra Costa","Del Norte","El Dorado","Fresno","Glenn","Humboldt","Imperial","Inyo","Kern","Kings","Lake","Lassen","Los Angeles","Madera","Marin","Mariposa","Mendocino","Merced","Modoc","Mono","Monterey","Napa","Nevada","Orange","Placer","Plumas","Riverside","Sacramento","San Benito","San Bernardino","San Diego","San Francisco","San Joaquin","San Luis Obispo","San Mateo","Santa Barbara","Santa Clara","Santa Cruz","Shasta","Sierra","Siskiyou","Solano","Sonoma","Stanislaus","Sutter","Tehama","Trinity","Tulare","Tuolumne","Ventura","Yolo","Yuba"
"1.22.20",0,0,0,0,0,0,0,0,0,0,0,0,0,0,0,0,0,0,0,0,0,0,0,0,0,0,0,0,0,0,0,0,0,0,0,0,0,0,0,0,0,0,0,0,0,0,0,0,0,0,0,0,0,0,0,0,0,0
"1.23.20",0,0,0,0,0,0,0,0,0,0,0,0,0,0,0,0,0,0,0,0,0,0,0,0,0,0,0,0,0,0,0,0,0,0,0,0,0,0,0,0,0,0,0,0,0,0,0,0,0,0,0,0,0,0,0,0,0,0
"1.24.20",0,0,0,0,0,0,0,0,0,0,0,0,0,0,0,0,0,0,0,0,0,0,0,0,0,0,0,0,0,0,0,0,0,0,0,0,0,0,0,0,0,0,0,0,0,0,0,0,0,0,0,0,0,0,0,0,0,0
"1.25.20",0,0,0,0,0,0,0,0,0,0,0,0,0,0,0,0,0,0,0,0,0,0,0,0,0,0,0,0,0,0,0,0,0,0,0,0,0,0,0,0,0,0,0,0,0,0,0,0,0,0,0,0,0,0,0,0,0,0
"1.26.20",0,0,0,0,0,0,0,0,0,0,0,0,0,0,0,0,0,0,0,0,0,0,0,0,0,0,0,0,0,0,0,0,0,0,0,0,0,0,0,0,0,0,0,0,0,0,0,0,0,0,0,0,0,0,0,0,0,0
"1.27.20",0,0,0,0,0,0,0,0,0,0,0,0,0,0,0,0,0,0,0,0,0,0,0,0,0,0,0,0,0,0,0,0,0,0,0,0,0,0,0,0,0,0,0,0,0,0,0,0,0,0,0,0,0,0,0,0,0,0
"1.28.20",0,0,0,0,0,0,0,0,0,0,0,0,0,0,0,0,0,0,0,0,0,0,0,0,0,0,0,0,0,0,0,0,0,0,0,0,0,0,0,0,0,0,0,0,0,0,0,0,0,0,0,0,0,0,0,0,0,0
"1.29.20",0,0,0,0,0,0,0,0,0,0,0,0,0,0,0,0,0,0,0,0,0,0,0,0,0,0,0,0,0,0,0,0,0,0,0,0,0,0,0,0,0,0,0,0,0,0,0,0,0,0,0,0,0,0,0,0,0,0
"1.30.20",0,0,0,0,0,0,0,0,0,0,0,0,0,0,0,0,0,0,0,0,0,0,0,0,0,0,0,0,0,0,0,0,0,0,0,0,0,0,0,0,0,0,0,0,0,0,0,0,0,0,0,0,0,0,0,0,0,0
"1.31.20",0,0,0,0,0,0,0,0,0,0,0,0,0,0,0,0,0,0,0,0,0,0,0,0,0,0,0,0,0,0,0,0,0,0,0,0,0,0,0,0,0,0,0,0,0,0,0,0,0,0,0,0,0,0,0,0,0,0
"2.1.20",0,0,0,0,0,0,0,0,0,0,0,0,0,0,0,0,0,0,0,0,0,0,0,0,0,0,0,0,0,0,0,0,0,0,0,0,0,0,0,0,0,0,0,0,0,0,0,0,0,0,0,0,0,0,0,0,0,0
"2.2.20",0,0,0,0,0,0,0,0,0,0,0,0,0,0,0,0,0,0,0,0,0,0,0,0,0,0,0,0,0,0,0,0,0,0,0,0,0,0,0,0,0,0,0,0,0,0,0,0,0,0,0,0,0,0,0,0,0,0
"2.3.20",0,0,0,0,0,0,0,0,0,0,0,0,0,0,0,0,0,0,0,0,0,0,0,0,0,0,0,0,0,0,0,0,0,0,0,0,0,0,0,0,0,0,0,0,0,0,0,0,0,0,0,0,0,0,0,0,0,0
"2.4.20",0,0,0,0,0,0,0,0,0,0,0,0,0,0,0,0,0,0,0,0,0,0,0,0,0,0,0,0,0,0,0,0,0,0,0,0,0,0,0,0,0,0,0,0,0,0,0,0,0,0,0,0,0,0,0,0,0,0
"2.5.20",0,0,0,0,0,0,0,0,0,0,0,0,0,0,0,0,0,0,0,0,0,0,0,0,0,0,0,0,0,0,0,0,0,0,0,0,0,0,0,0,0,0,0,0,0,0,0,0,0,0,0,0,0,0,0,0,0,0
"2.6.20",0,0,0,0,0,0,0,0,0,0,0,0,0,0,0,0,0,0,0,0,0,0,0,0,0,0,0,0,0,0,0,0,0,0,0,0,0,0,0,0,0,0,0,0,0,0,0,0,0,0,0,0,0,0,0,0,0,0
"2.7.20",0,0,0,0,0,0,0,0,0,0,0,0,0,0,0,0,0,0,0,0,0,0,0,0,0,0,0,0,0,0,0,0,0,0,0,0,0,0,0,0,0,0,0,0,0,0,0,0,0,0,0,0,0,0,0,0,0,0
"2.8.20",0,0,0,0,0,0,0,0,0,0,0,0,0,0,0,0,0,0,0,0,0,0,0,0,0,0,0,0,0,0,0,0,0,0,0,0,0,0,0,0,0,0,0,0,0,0,0,0,0,0,0,0,0,0,0,0,0,0
"2.9.20",0,0,0,0,0,0,0,0,0,0,0,0,0,0,0,0,0,0,0,0,0,0,0,0,0,0,0,0,0,0,0,0,0,0,0,0,0,0,0,0,0,0,0,0,0,0,0,0,0,0,0,0,0,0,0,0,0,0
"2.10.20",0,0,0,0,0,0,0,0,0,0,0,0,0,0,0,0,0,0,0,0,0,0,0,0,0,0,0,0,0,0,0,0,0,0,0,0,0,0,0,0,0,0,0,0,0,0,0,0,0,0,0,0,0,0,0,0,0,0
"2.11.20",0,0,0,0,0,0,0,0,0,0,0,0,0,0,0,0,0,0,0,0,0,0,0,0,0,0,0,0,0,0,0,0,0,0,0,0,0,0,0,0,0,0,0,0,0,0,0,0,0,0,0,0,0,0,0,0,0,0
"2.12.20",0,0,0,0,0,0,0,0,0,0,0,0,0,0,0,0,0,0,0,0,0,0,0,0,0,0,0,0,0,0,0,0,0,0,0,0,0,0,0,0,0,0,0,0,0,0,0,0,0,0,0,0,0,0,0,0,0,0
"2.13.20",0,0,0,0,0,0,0,0,0,0,0,0,0,0,0,0,0,0,0,0,0,0,0,0,0,0,0,0,0,0,0,0,0,0,0,0,0,0,0,0,0,0,0,0,0,0,0,0,0,0,0,0,0,0,0,0,0,0
"2.14.20",0,0,0,0,0,0,0,0,0,0,0,0,0,0,0,0,0,0,0,0,0,0,0,0,0,0,0,0,0,0,0,0,0,0,0,0,0,0,0,0,0,0,0,0,0,0,0,0,0,0,0,0,0,0,0,0,0,0
"2.15.20",0,0,0,0,0,0,0,0,0,0,0,0,0,0,0,0,0,0,0,0,0,0,0,0,0,0,0,0,0,0,0,0,0,0,0,0,0,0,0,0,0,0,0,0,0,0,0,0,0,0,0,0,0,0,0,0,0,0
"2.16.20",0,0,0,0,0,0,0,0,0,0,0,0,0,0,0,0,0,0,0,0,0,0,0,0,0,0,0,0,0,0,0,0,0,0,0,0,0,0,0,0,0,0,0,0,0,0,0,0,0,0,0,0,0,0,0,0,0,0
"2.17.20",0,0,0,0,0,0,0,0,0,0,0,0,0,0,0,0,0,0,0,0,0,0,0,0,0,0,0,0,0,0,0,0,0,0,0,0,0,0,0,0,0,0,0,0,0,0,0,0,0,0,0,0,0,0,0,0,0,0
"2.18.20",0,0,0,0,0,0,0,0,0,0,0,0,0,0,0,0,0,0,0,0,0,0,0,0,0,0,0,0,0,0,0,0,0,0,0,0,0,0,0,0,0,0,0,0,0,0,0,0,0,0,0,0,0,0,0,0,0,0
"2.19.20",0,0,0,0,0,0,0,0,0,0,0,0,0,0,0,0,0,0,0,0,0,0,0,0,0,0,0,0,0,0,0,0,0,0,0,0,0,0,0,0,0,0,0,0,0,0,0,0,0,0,0,0,0,0,0,0,0,0
"2.20.20",0,0,0,0,0,0,0,0,0,0,0,0,0,0,0,0,0,0,0,0,0,0,0,0,0,0,0,0,0,0,0,0,0,0,0,0,0,0,0,0,0,0,0,0,0,0,0,0,0,0,0,0,0,0,0,0,0,0
"2.21.20",0,0,0,0,0,0,0,0,0,0,0,0,0,0,0,0,0,0,0,0,0,0,0,0,0,0,0,0,0,0,0,0,0,0,0,0,0,0,0,0,0,0,0,0,0,0,0,0,0,0,0,0,0,0,0,0,0,0
"2.22.20",0,0,0,0,0,0,0,0,0,0,0,0,0,0,0,0,0,0,0,0,0,0,0,0,0,0,0,0,0,0,0,0,0,0,0,0,0,0,0,0,0,0,0,0,0,0,0,0,0,0,0,0,0,0,0,0,0,0
"2.23.20",0,0,0,0,0,0,0,0,0,0,0,0,0,0,0,0,0,0,0,0,0,0,0,0,0,0,0,0,0,0,0,0,0,0,0,0,0,0,0,0,0,0,0,0,0,0,0,0,0,0,0,0,0,0,0,0,0,0
"2.24.20",0,0,0,0,0,0,0,0,0,0,0,0,0,0,0,0,0,0,0,0,0,0,0,0,0,0,0,0,0,0,0,0,0,0,0,0,0,0,0,0,0,0,0,0,0,0,0,0,0,0,0,0,0,0,0,0,0,0
"2.25.20",0,0,0,0,0,0,0,0,0,0,0,0,0,0,0,0,0,0,0,0,0,0,0,0,0,0,0,0,0,0,0,0,0,0,0,0,0,0,0,0,0,0,0,0,0,0,0,0,0,0,0,0,0,0,0,0,0,0
"2.26.20",0,0,0,0,0,0,0,0,0,0,0,0,0,0,0,0,0,0,0,0,0,0,0,0,0,0,0,0,0,0,0,0,0,0,0,0,0,0,0,0,0,0,0,0,0,0,0,0,0,0,0,0,0,0,0,0,0,0
"2.27.20",0,0,0,0,0,0,0,0,0,0,0,0,0,0,0,0,0,0,0,0,0,0,0,0,0,0,0,0,0,0,0,0,0,0,0,0,0,0,0,0,0,0,0,0,0,0,0,0,0,0,0,0,0,0,0,0,0,0
"2.28.20",0,0,0,0,0,0,0,0,0,0,0,0,0,0,0,0,0,0,0,0,0,0,0,0,0,0,0,0,0,0,0,0,0,0,0,0,0,0,0,0,0,0,0,0,0,0,0,0,0,0,0,0,0,0,0,0,0,0
"2.29.20",0,0,0,0,0,0,0,0,0,0,0,0,0,0,0,0,0,0,0,0,0,0,0,0,0,0,0,0,0,0,0,0,0,0,0,0,0,0,0,0,0,0,0,0,0,0,0,0,0,0,0,0,0,0,0,0,0,0
"3.1.20",0,0,0,0,0,0,0,0,0,0,0,0,0,0,0,0,0,0,0,0,0,0,0,0,0,0,0,0,0,0,0,0,0,0,0,0,0,0,0,0,0,0,0,0,0,0,0,0,0,0,0,0,0,0,0,0,0,0
"3.2.20",0,0,0,0,0,0,0,0,0,0,0,0,0,0,0,0,0,0,0,0,0,0,0,0,0,0,0,0,0,0,0,0,0,0,0,0,0,0,0,0,0,0,0,0,0,0,0,0,0,0,0,0,0,0,0,0,0,0
"3.3.20",0,0,0,0,0,0,0,0,0,0,0,0,0,0,0,0,0,0,0,0,0,0,0,0,0,0,0,0,0,0,0,0,0,0,0,0,0,0,0,0,0,0,0,0,0,0,0,0,0,0,0,0,0,0,0,0,0,0
"3.4.20",0,0,0,0,0,0,0,0,0,0,0,0,0,0,0,0,0,0,0,0,0,0,0,0,0,0,0,0,0,0,1,0,0,0,0,0,0,0,0,0,0,0,0,0,0,0,0,0,0,0,0,0,0,0,0,0,0,0
"3.5.20",0,0,0,0,0,0,0,0,0,0,0,0,0,0,0,0,0,0,0,0,0,0,0,0,0,0,0,0,0,0,0,0,0,0,0,0,0,0,0,0,0,0,0,0,0,0,0,0,0,0,0,0,0,0,0,0,0,0
"3.6.20",0,0,0,0,0,0,0,0,0,0,0,0,0,0,0,0,0,0,0,0,0,0,0,0,0,0,0,0,0,0,0,0,0,0,0,0,0,0,0,0,0,0,0,0,0,0,0,0,0,0,0,0,0,0,0,0,0,0
"3.7.20",0,0,0,0,0,0,0,0,0,0,0,0,0,0,0,0,0,0,0,0,0,0,0,0,0,0,0,0,0,0,0,0,0,0,0,0,0,0,0,0,0,0,0,0,0,0,0,0,0,0,0,0,0,0,0,0,0,0
"3.8.20",0,0,0,0,0,0,0,0,0,0,0,0,0,0,0,0,0,0,0,0,0,0,0,0,0,0,0,0,0,0,0,0,0,0,0,0,0,0,0,0,0,0,0,0,0,0,0,0,0,0,0,0,0,0,0,0,0,0
"3.9.20",0,0,0,0,0,0,0,0,0,0,0,0,0,0,0,0,0,0,0,0,0,0,0,0,0,0,0,0,0,0,0,0,0,0,0,0,0,0,0,0,0,0,1,0,0,0,0,0,0,0,0,0,0,0,0,0,0,0
"3.10.20",0,0,0,0,0,0,0,0,0,0,0,0,0,0,0,0,0,0,0,0,0,0,0,0,0,0,0,0,0,0,0,0,0,0,0,0,0,0,0,0,0,0,0,0,0,0,0,0,0,0,0,0,0,0,0,0,0,0
"3.11.20",0,0,0,0,0,0,0,0,0,0,0,0,0,0,0,0,0,0,1,0,0,0,0,0,0,0,0,0,0,0,0,0,0,1,0,0,0,0,0,0,0,0,0,0,0,0,0,0,0,0,0,0,0,0,0,0,0,0
"3.12.20",0,0,0,0,0,0,0,0,0,0,0,0,0,0,0,0,0,0,0,0,0,0,0,0,0,0,0,0,0,0,0,0,0,0,0,0,0,0,1,0,0,0,0,0,0,0,0,0,0,0,0,0,0,0,0,0,0,0
"3.13.20",0,0,0,0,0,0,0,0,0,0,0,0,0,0,0,0,0,0,0,0,0,0,0,0,0,0,0,0,0,0,0,0,0,0,0,0,0,0,0,0,0,0,0,0,0,0,0,0,0,0,0,0,0,0,0,0,0,0
"3.14.20",0,0,0,0,0,0,0,0,0,0,0,0,0,0,0,0,0,0,0,0,0,0,0,0,0,0,0,0,0,0,0,0,0,0,0,0,0,0,0,0,0,0,1,0,0,0,0,0,0,0,0,0,0,0,0,0,0,0
"3.15.20",0,0,0,0,0,0,0,0,0,0,0,0,0,0,0,0,0,0,0,0,0,0,0,0,0,0,0,0,0,0,0,0,0,0,0,0,0,0,0,0,1,0,0,0,0,0,0,0,0,0,0,0,0,0,0,0,0,0
"3.16.20",0,0,0,0,0,0,0,0,0,0,0,0,0,0,0,0,0,0,0,0,0,0,0,0,0,0,0,0,0,0,0,0,0,0,0,0,0,0,0,0,0,0,0,0,0,0,0,0,0,0,0,0,0,0,0,0,0,0
"3.17.20",0,0,0,0,0,0,0,0,0,0,0,0,0,0,0,0,0,0,0,0,0,0,0,0,0,0,0,0,0,0,0,0,0,0,0,0,0,0,0,0,0,0,2,0,0,0,0,0,0,0,0,0,0,0,0,0,0,0
"3.18.20",0,0,0,0,0,0,0,0,0,0,0,0,0,0,0,0,0,0,0,0,0,0,0,0,0,0,0,0,0,0,0,0,2,2,0,0,0,0,1,0,0,0,2,0,0,0,0,0,0,0,0,0,0,0,0,0,0,0
"3.19.20",0,0,0,0,0,0,0,0,0,0,0,0,0,0,0,0,0,0,1,0,0,0,0,0,0,0,0,0,0,0,0,0,1,0,0,0,0,0,0,0,0,0,2,0,0,0,0,0,0,0,0,0,0,0,0,0,0,0
"3.20.20",0,0,0,0,0,0,1,0,0,0,0,0,0,0,0,0,0,0,0,0,0,0,0,0,0,0,0,0,0,0,0,0,0,1,1,0,0,0,0,0,0,0,0,0,0,0,0,0,0,0,0,0,0,0,0,0,0,0
"3.21.20",0,0,0,0,0,0,0,0,0,0,0,0,0,0,0,0,0,0,0,0,0,0,0,0,0,0,1,0,0,0,0,0,0,0,0,0,0,0,0,0,0,0,2,0,0,0,0,0,1,0,0,0,0,0,0,0,0,0
"3.22.20",1,0,0,0,0,0,0,0,0,0,0,0,0,0,0,0,0,0,3,0,0,0,0,0,0,0,0,0,0,0,0,0,2,0,0,0,0,0,0,0,0,0,3,0,0,0,0,0,0,0,0,0,0,0,0,0,0,0
"3.23.20",0,0,0,0,0,0,1,0,0,0,0,0,0,0,0,0,0,0,2,0,0,0,0,0,0,0,0,0,0,0,0,0,0,0,0,0,1,0,0,0,0,0,0,0,0,0,0,0,0,0,0,0,0,0,0,0,0,0
"3.24.20",1,0,0,0,0,0,0,0,0,0,0,0,0,0,0,0,0,0,4,0,0,0,0,0,0,0,0,0,0,0,0,0,0,0,0,0,0,1,0,0,1,0,4,0,0,0,0,0,0,0,0,0,0,0,0,1,0,0
"3.25.20",1,0,0,0,0,0,0,0,0,0,0,0,0,0,0,0,0,0,2,0,0,0,0,0,0,0,0,0,0,1,0,0,0,1,0,1,1,0,0,0,3,0,3,0,1,0,0,0,0,0,0,0,0,0,0,0,1,0
"3.26.20",1,0,0,0,0,0,0,0,0,0,0,0,0,0,0,0,0,0,8,0,0,0,0,0,0,0,0,0,0,0,0,0,2,0,0,0,1,0,1,0,0,0,0,0,0,0,0,0,0,0,0,0,0,0,0,0,0,0
"3.27.20",0,0,0,0,0,0,0,0,0,0,0,0,0,0,1,0,0,0,5,1,0,0,0,0,0,0,0,0,0,2,0,0,0,1,0,1,0,1,0,0,2,0,5,0,0,0,0,0,0,0,0,0,0,0,0,1,0,0
"3.28.20",8,0,0,0,0,0,2,0,0,0,0,0,0,0,0,0,0,0,0,1,0,0,0,0,0,0,1,0,0,1,1,0,7,8,1,2,3,4,5,0,10,0,29,0,1,0,0,0,1,0,0,0,0,0,0,2,1,0
"3.29.20",0,0,0,0,0,0,0,0,0,0,0,0,0,0,0,0,0,0,6,0,0,0,0,0,0,0,0,0,0,0,0,0,0,0,0,0,1,0,0,0,0,0,0,1,0,0,0,0,0,0,0,0,0,1,0,0,0,0
"3.30.20",0,0,0,0,0,0,0,0,0,0,0,0,0,0,0,0,0,0,12,0,0,0,0,0,0,0,0,0,0,0,0,0,0,0,0,0,0,0,0,0,0,0,0,0,0,0,0,0,0,0,0,0,0,0,0,0,0,0
"3.31.20",0,0,0,0,0,0,0,0,0,0,0,0,0,0,0,0,0,0,10,0,1,0,0,0,0,0,0,0,0,3,0,0,0,0,0,1,0,0,0,0,0,0,0,0,0,0,0,0,0,0,0,0,0,0,0,0,0,0
"4.1.20",0,0,0,0,0,0,0,0,0,0,0,0,0,0,0,0,0,0,10,0,0,0,0,0,0,1,0,0,0,3,0,0,0,0,0,0,2,0,0,0,0,0,0,0,0,0,0,0,0,0,1,0,0,0,0,1,0,0
"4.2.20",0,0,0,0,0,0,0,0,0,0,0,0,0,0,0,0,0,0,14,0,0,0,0,0,0,0,0,0,0,3,0,0,0,0,0,3,6,0,1,0,0,1,0,0,0,0,0,0,0,0,0,0,0,0,0,0,0,0
"4.3.20",0,0,0,0,0,0,1,0,0,1,0,0,0,0,1,0,0,0,11,0,5,0,0,0,0,0,0,1,1,0,0,0,0,0,0,3,1,0,1,0,0,0,0,0,0,0,0,1,0,0,0,0,0,2,0,1,0,0
"4.4.20",0,0,0,0,0,0,0,0,0,0,0,0,1,0,0,0,0,0,4,0,0,0,0,0,0,0,0,1,0,1,0,0,1,0,0,2,1,0,0,0,0,0,0,0,1,0,0,0,0,0,0,0,0,1,0,0,0,0
"4.5.20",0,0,0,0,0,0,1,0,0,0,0,0,0,0,0,0,0,0,39,0,0,0,0,0,0,0,0,0,0,0,1,0,2,0,0,0,1,0,0,1,2,0,0,0,0,0,0,0,0,0,0,0,0,0,0,0,0,0
"4.6.20",1,0,0,0,0,0,1,0,0,0,0,0,0,0,0,0,0,0,15,0,1,0,0,1,0,0,0,0,0,0,0,0,0,1,0,0,1,0,0,0,1,1,0,0,0,0,0,0,0,0,1,0,0,1,0,0,0,0
"4.7.20",1,0,0,0,0,0,0,0,0,2,0,0,1,0,0,0,0,0,22,0,0,0,0,0,0,0,0,0,0,1,0,0,8,3,0,6,0,0,2,0,2,0,0,0,0,0,0,0,0,0,0,0,0,0,0,0,0,0
"4.8.20",1,0,0,0,0,0,0,0,0,0,0,0,0,0,0,0,0,0,29,0,0,0,0,0,0,0,1,0,0,2,1,0,3,3,0,3,12,1,0,0,0,0,0,0,0,0,0,1,0,0,0,0,0,1,0,1,1,0
"4.9.20",2,0,0,0,0,0,0,0,0,0,0,0,0,0,1,0,0,0,25,0,0,0,0,2,0,0,0,0,0,0,0,0,1,0,0,5,5,1,2,0,1,0,0,0,0,0,0,0,0,0,0,0,0,3,0,2,0,0
"4.10.20",4,0,0,0,0,0,3,0,0,0,0,0,0,0,0,0,0,0,19,0,0,0,0,0,0,0,0,0,0,0,0,0,1,3,0,0,4,2,0,0,1,0,0,0,0,0,0,0,0,1,0,0,0,1,0,0,0,1
"4.11.20",2,0,0,0,0,0,2,0,0,1,0,0,0,0,0,0,0,0,2,0,0,0,0,0,0,0,0,0,0,1,0,0,3,1,0,1,4,1,1,0,1,0,0,0,0,0,0,0,0,1,0,0,0,0,0,0,0,0
"4.12.20",0,0,0,0,0,0,0,0,0,0,0,0,0,0,0,0,0,0,25,0,0,0,0,0,0,0,0,0,0,1,0,0,1,0,0,2,1,0,0,0,0,0,0,0,0,0,0,0,0,0,0,0,0,1,0,0,0,0
"4.13.20",0,0,0,0,0,0,0,0,0,0,0,0,0,0,0,0,0,0,53,0,0,0,0,0,0,0,0,0,0,0,1,0,1,0,0,0,0,1,1,0,0,0,4,0,0,0,0,0,0,2,0,0,0,0,0,0,0,0
"4.14.20",7,0,0,0,0,0,0,0,0,2,0,0,0,0,0,1,0,0,38,0,2,0,0,0,0,0,0,0,0,0,0,0,5,4,0,7,2,2,1,0,3,0,5,1,0,0,0,0,0,0,0,1,0,1,0,2,0,0
"4.15.20",8,0,0,0,0,0,2,0,0,1,0,0,0,0,0,0,0,0,45,0,1,0,0,0,0,0,0,0,0,3,1,0,2,3,0,8,6,2,0,0,0,0,6,0,0,0,0,0,0,0,0,0,0,2,0,2,0,0
"4.16.20",1,0,0,0,0,0,0,0,0,0,0,0,0,0,0,0,0,0,52,0,0,0,0,0,0,0,0,0,0,3,1,0,3,0,0,9,7,0,0,0,1,1,1,0,0,0,0,0,0,0,0,0,0,2,0,0,1,0
"4.17.20",1,0,0,0,0,0,1,0,0,0,0,0,0,0,0,0,0,0,40,0,0,0,0,0,0,0,0,0,0,3,1,0,5,0,0,3,3,3,0,0,2,0,4,0,0,0,0,0,0,0,0,0,0,1,0,0,1,0
"4.18.20",0,0,0,0,0,0,2,0,0,0,0,0,0,0,0,0,0,0,79,0,0,0,0,0,0,0,0,0,0,4,0,0,6,0,0,1,7,0,0,0,0,0,5,0,0,0,0,0,0,0,0,0,0,0,0,0,0,0
"4.19.20",1,0,0,0,0,0,3,0,0,0,0,0,0,0,0,0,0,0,24,0,0,0,0,0,0,0,1,0,0,0,0,0,0,0,0,0,1,0,0,0,0,0,2,0,0,0,0,0,0,0,0,0,0,0,0,0,0,0
"4.20.20",1,0,0,0,0,0,2,0,0,0,0,0,0,0,0,0,0,0,19,0,0,0,0,0,0,0,0,0,0,1,0,0,5,0,0,5,0,0,0,0,0,1,3,0,0,0,0,0,0,0,0,0,0,3,0,0,0,0
"4.21.20",4,0,0,0,0,0,0,0,0,0,0,0,0,0,0,0,0,0,44,0,0,0,0,0,0,0,0,0,0,0,0,0,7,1,0,8,1,1,3,0,3,1,7,0,0,0,0,1,0,0,0,0,0,3,0,1,3,0
"4.22.20",0,0,0,0,0,0,0,0,0,0,0,0,1,0,1,0,0,0,69,0,1,0,0,0,0,0,0,0,0,1,0,0,8,3,0,3,24,1,0,0,6,1,4,0,1,0,0,0,0,1,0,0,0,0,0,1,0,0
"4.23.20",0,0,0,0,0,0,1,0,0,0,0,0,1,0,0,0,0,0,65,0,0,0,0,0,0,0,0,0,0,2,0,0,2,5,0,5,4,0,0,0,2,0,0,0,0,0,0,0,0,0,0,0,0,2,0,1,0,0
"4.24.20",4,0,0,0,0,0,0,0,0,0,0,0,2,0,0,0,0,0,53,0,0,0,0,0,0,0,0,0,0,0,0,0,9,0,0,1,2,1,4,0,1,0,3,0,0,0,0,0,0,0,0,0,0,2,0,0,0,0
"4.25.20",2,0,0,0,0,0,1,0,0,0,0,0,0,1,0,0,0,0,45,0,1,0,0,0,0,0,0,0,0,2,0,0,6,0,0,2,9,0,0,0,3,1,1,0,0,0,0,0,0,0,0,0,0,1,0,0,0,0
"4.26.20",0,0,0,0,0,0,1,0,0,0,0,0,0,0,0,0,0,0,21,0,0,0,0,0,0,0,0,0,0,1,0,0,2,0,0,0,0,1,1,0,0,0,3,0,0,0,0,0,0,1,0,0,0,0,0,1,0,0
"4.27.20",1,0,0,0,0,0,0,0,0,0,0,0,0,0,1,0,0,0,28,0,0,0,0,0,0,0,0,0,0,0,0,0,5,0,0,0,0,0,0,0,0,0,3,0,0,0,0,0,0,1,0,0,0,0,0,0,1,0
"4.28.20",2,0,0,0,0,0,0,0,0,0,0,0,0,0,0,0,0,0,58,0,0,0,0,0,0,0,1,0,0,3,0,0,13,0,0,7,2,0,0,0,2,0,1,0,0,0,0,0,0,3,0,0,0,2,0,0,1,0
"4.29.20",5,0,0,0,0,0,0,0,0,0,0,0,0,0,1,0,0,0,54,0,1,0,0,0,0,0,0,0,0,2,0,0,3,0,0,2,7,0,0,0,2,0,2,0,0,0,0,0,0,1,0,0,0,0,0,1,1,0
"4.30.20",0,0,0,0,0,0,0,0,0,0,0,0,0,0,1,0,0,0,55,0,0,0,0,0,0,0,0,0,0,1,0,0,8,2,0,5,0,3,0,0,2,0,3,0,0,0,0,1,1,1,0,0,0,1,0,0,5,0
"5.1.20",3,0,0,0,0,0,3,0,0,0,0,0,0,0,1,0,0,0,63,0,0,0,0,0,0,0,0,0,0,5,0,0,8,0,0,2,4,3,0,0,0,0,1,0,0,0,0,0,0,0,0,0,0,1,0,0,2,0
"5.2.20",0,0,0,0,0,0,0,0,0,1,0,0,0,0,0,0,0,0,35,0,0,0,0,0,0,0,0,0,0,2,0,0,5,0,0,1,10,0,0,0,0,0,3,0,0,0,0,0,0,2,0,0,0,3,0,1,0,0
"5.3.20",1,0,0,0,0,0,0,0,0,0,0,0,0,0,0,0,0,0,22,0,0,0,0,0,0,0,1,0,0,0,0,0,2,0,0,0,5,1,1,0,1,0,1,0,0,0,0,0,1,0,0,0,0,5,0,0,0,0
"5.4.20",1,0,0,0,0,0,0,0,0,0,0,0,0,0,0,0,0,0,26,0,0,0,0,0,0,0,0,0,0,5,0,0,8,1,0,0,0,1,0,0,0,0,3,0,0,0,0,0,0,0,0,0,0,0,0,0,0,0
"5.5.20",2,0,0,0,0,0,1,0,0,0,0,0,0,0,3,0,0,0,58,0,1,0,0,0,0,0,0,0,0,12,0,0,14,4,0,5,5,0,0,0,3,0,5,0,0,0,0,0,0,1,0,0,0,0,0,0,0,0
"5.6.20",0,0,0,0,0,0,0,0,0,0,0,0,0,0,0,0,0,0,54,0,0,0,0,0,0,0,0,0,0,0,0,0,2,1,0,6,14,1,2,0,1,1,3,0,0,0,0,0,0,3,0,0,0,0,0,0,0,0
"5.7.20",1,0,0,0,0,0,0,0,0,0,0,0,0,0,2,0,0,0,49,0,0,0,0,0,0,0,0,0,0,0,0,0,7,1,0,5,0,1,0,0,1,0,0,0,0,0,0,0,0,0,0,0,0,1,0,0,0,0
"5.8.20",2,0,0,0,0,0,0,0,0,0,0,0,1,0,2,0,0,0,52,0,0,0,0,0,0,0,0,0,0,2,0,0,11,1,0,4,7,0,0,0,4,0,1,0,0,0,0,0,0,1,0,0,0,2,0,0,0,0
"5.9.20",1,0,0,0,0,0,2,0,0,0,0,0,0,0,0,0,0,0,45,0,0,0,0,0,0,0,0,0,0,3,0,0,2,1,0,2,4,1,0,0,3,2,0,0,0,0,0,0,0,1,0,0,0,4,0,0,0,0
"5.10.20",0,0,0,0,0,0,0,0,0,0,0,0,0,0,0,0,0,0,16,0,0,0,0,0,0,0,0,0,0,2,0,0,10,0,0,0,6,1,1,0,0,0,1,0,0,0,0,0,0,1,0,0,0,0,0,0,2,0
"5.11.20",0,0,0,0,0,0,1,0,0,0,0,0,2,0,0,0,0,0,39,0,0,0,0,0,0,0,0,0,0,0,0,0,10,0,0,3,0,0,1,0,1,0,0,0,0,0,0,0,0,1,0,0,0,2,0,0,0,0
"5.12.20",3,0,0,0,0,0,0,0,0,1,0,0,0,0,2,0,0,0,46,0,0,0,0,0,0,0,0,1,0,1,0,0,7,0,0,7,15,0,0,0,0,0,2,0,0,0,0,0,0,1,0,0,0,3,0,1,2,0
"5.13.20",4,0,0,0,0,0,0,0,0,1,0,0,2,0,0,0,0,0,44,0,0,0,0,0,0,0,0,0,0,3,0,0,6,1,0,9,0,0,1,0,0,0,1,0,0,0,0,0,0,1,0,0,0,2,0,5,0,0
"5.14.20",2,0,0,0,0,0,0,0,0,2,0,0,2,0,4,0,0,0,51,0,0,0,0,0,0,0,1,0,0,0,0,0,8,2,0,9,10,1,0,0,1,1,2,1,0,0,0,0,0,0,0,0,0,1,0,0,0,0
"5.15.20",3,0,0,0,0,0,1,0,0,2,0,0,1,0,3,1,0,0,42,0,0,1,0,2,0,0,1,0,0,4,0,0,9,0,0,4,0,0,1,0,1,0,1,0,0,0,0,0,0,0,0,0,0,6,0,0,0,0
"5.16.20",0,0,0,0,0,0,0,0,0,0,0,0,0,0,1,0,0,0,40,0,0,0,0,0,0,0,0,0,0,2,0,0,10,0,0,2,9,0,0,0,0,0,0,0,0,0,0,0,0,0,0,0,0,2,0,0,0,0
"5.17.20",0,0,0,0,0,0,0,0,0,0,0,0,0,0,0,0,0,0,28,0,0,0,0,0,0,0,0,0,0,2,0,0,2,1,0,0,0,0,0,0,0,0,0,0,0,0,0,0,0,0,0,0,0,0,0,2,0,0
"5.18.20",1,0,0,0,0,0,0,0,0,0,0,0,0,0,0,0,0,0,19,0,0,0,0,0,0,0,0,0,0,0,0,0,8,1,0,1,0,0,1,0,0,0,2,0,0,0,0,0,0,1,0,0,0,0,0,0,0,0
"5.19.20",4,0,0,0,0,0,0,0,0,1,0,0,0,0,0,0,0,0,73,0,0,0,0,0,0,0,0,0,0,0,0,0,12,0,0,2,13,1,0,0,3,0,1,0,0,0,0,0,0,0,0,0,0,5,0,1,0,0
"5.20.20",1,0,0,0,0,0,0,0,0,2,0,0,0,0,0,0,0,0,60,0,0,0,0,1,0,0,0,0,0,10,0,0,0,0,0,3,8,0,0,0,3,0,0,0,0,0,0,0,0,2,0,0,0,3,0,1,0,0
"5.21.20",0,0,0,0,0,0,3,0,0,3,0,0,0,0,0,0,0,0,43,0,0,0,0,0,0,0,0,0,0,14,0,0,14,0,0,6,0,0,0,0,0,0,0,0,0,0,0,0,0,0,0,0,0,2,0,1,0,0
"5.22.20",2,0,0,0,0,0,0,0,0,0,0,2,0,0,2,0,0,0,37,0,0,0,0,0,0,0,0,0,0,6,1,0,4,0,0,6,11,3,0,0,0,0,1,0,0,0,0,0,0,0,0,0,0,0,0,0,0,0
"5.23.20",0,0,0,0,0,0,0,0,0,1,0,0,0,0,2,0,0,0,39,0,0,0,0,0,0,0,0,0,0,12,0,0,1,0,0,2,8,0,0,0,0,0,0,0,0,0,0,1,0,0,0,0,0,0,0,0,0,0
"5.24.20",1,0,0,0,0,0,1,0,0,1,0,0,0,0,0,0,0,0,14,0,0,0,0,0,0,0,0,0,0,1,0,0,0,0,0,0,0,0,0,0,0,0,0,0,0,0,0,0,0,0,0,0,0,1,0,0,0,0
"5.25.20",0,0,0,0,0,0,0,0,0,0,0,0,0,0,0,0,0,0,10,0,0,0,0,0,0,0,0,0,0,2,0,0,0,0,0,0,0,0,0,0,0,0,0,0,0,0,0,0,0,0,0,0,0,2,0,0,0,0
"5.26.20",0,0,0,0,0,0,0,0,0,0,0,0,0,0,0,0,0,0,29,0,0,0,0,1,0,0,0,0,0,0,0,0,0,0,0,0,0,0,0,0,0,0,0,0,0,0,0,0,0,1,0,0,0,0,0,0,0,0
"5.27.20",2,0,0,0,0,0,0,0,0,5,0,0,0,0,7,1,0,0,56,0,0,0,0,0,0,0,0,0,0,3,0,0,15,0,0,8,0,0,1,0,0,0,1,0,0,0,0,0,0,1,0,0,0,1,0,0,0,0
"5.28.20",0,0,0,0,0,0,0,0,0,4,0,0,0,0,1,0,0,0,40,0,0,0,0,0,0,0,2,0,0,6,0,0,5,0,0,8,11,0,0,0,0,0,0,0,0,0,0,1,0,0,0,0,0,2,0,0,0,0
"5.29.20",2,0,0,0,0,0,0,0,0,0,0,0,0,0,0,0,0,0,53,0,0,0,0,0,0,0,0,0,0,3,0,0,9,0,0,5,0,1,0,0,0,0,1,0,0,0,0,0,0,0,0,0,0,1,0,0,2,0
"5.30.20",0,0,0,0,0,0,0,0,0,0,0,0,0,0,1,0,0,0,45,0,0,0,0,0,0,0,0,0,0,1,0,0,3,0,0,2,9,0,0,0,0,0,0,0,0,0,0,0,0,1,0,0,0,1,0,0,0,0
"5.31.20",2,0,0,0,0,0,0,0,0,0,0,0,0,0,0,0,0,0,23,0,0,0,0,0,0,0,0,0,0,1,0,0,5,0,0,0,0,2,0,0,0,0,1,0,0,0,0,0,0,0,0,0,0,1,0,0,0,0
"6.1.20",0,0,0,1,0,0,0,0,0,2,0,0,0,0,0,1,0,0,24,0,0,0,0,0,0,0,0,0,0,0,0,0,1,1,0,4,0,0,1,0,0,0,0,0,0,0,0,11,0,0,0,0,0,2,0,0,0,0
"6.2.20",1,0,0,0,0,0,0,0,0,1,0,0,5,0,1,1,0,0,62,0,0,0,0,0,0,0,0,0,0,3,0,0,8,0,0,0,0,0,0,0,0,1,2,0,0,0,0,1,0,1,0,0,0,2,0,0,0,0
"6.3.20",0,0,0,0,0,0,0,0,0,1,0,0,0,0,1,1,0,0,41,1,0,0,0,0,0,0,0,0,0,8,0,0,5,0,0,1,7,0,0,0,0,0,0,0,1,0,0,0,0,2,0,0,0,2,0,0,0,0
"6.4.20",0,0,0,0,0,0,0,0,0,0,0,0,0,0,5,0,0,0,43,0,0,0,0,0,0,0,0,0,0,7,0,0,6,0,0,4,7,0,1,0,0,1,0,0,0,0,0,1,0,0,0,0,0,2,0,0,0,0
"6.5.20",3,0,0,0,0,0,0,0,0,3,0,0,0,0,0,0,0,0,37,0,3,0,0,0,0,0,0,0,0,9,0,0,4,1,0,5,5,0,0,0,0,0,0,0,0,0,0,0,0,1,0,0,0,0,0,0,0,0
"6.6.20",0,0,0,0,0,0,0,0,0,3,0,0,0,0,0,0,0,0,55,0,0,0,0,0,0,0,0,0,0,2,0,0,0,0,0,2,8,0,1,0,0,0,0,0,0,0,0,0,0,1,0,0,0,0,0,0,0,0
"6.7.20",0,0,0,0,0,0,1,0,0,0,0,0,0,0,0,0,0,0,21,0,0,0,0,0,0,0,0,0,0,1,0,0,0,0,0,0,0,0,0,0,0,0,2,0,0,0,0,0,0,0,0,0,0,0,0,0,0,0
"6.8.20",1,0,0,0,0,0,3,0,0,1,0,0,2,0,2,0,0,0,11,0,0,0,0,0,0,0,0,0,0,0,0,0,2,0,0,0,0,0,3,0,0,0,0,0,0,0,0,0,0,1,0,0,0,1,0,0,0,0
"6.9.20",0,0,0,0,0,0,1,0,0,1,0,0,15,0,0,0,0,0,54,0,0,0,0,0,0,0,1,0,0,8,0,0,7,0,0,3,0,1,1,0,0,0,1,0,0,0,0,0,0,1,0,0,0,0,0,4,0,0
"6.10.20",4,0,0,0,0,0,1,0,0,2,0,1,0,0,4,0,0,0,58,0,0,0,0,0,0,0,0,0,0,13,0,0,7,0,0,2,9,0,0,0,0,0,2,0,0,0,0,0,0,1,0,0,0,4,0,0,0,0
"6.11.20",1,0,0,0,0,0,0,0,0,0,0,0,0,0,0,0,0,0,50,0,0,0,0,0,0,0,0,0,0,4,0,0,0,1,0,2,3,0,2,0,0,1,0,0,0,0,0,0,0,1,0,0,0,0,0,0,0,0
"6.12.20",1,0,0,0,0,0,0,0,0,2,0,0,0,0,2,0,0,0,16,0,0,0,0,0,0,0,0,0,0,8,0,0,3,0,0,2,0,0,0,0,1,0,0,0,0,0,0,0,0,0,0,0,0,0,0,1,0,0
"6.13.20",3,0,0,0,0,0,0,0,0,1,0,0,0,0,0,0,0,0,60,0,0,0,0,0,0,0,0,0,0,7,0,0,0,0,0,1,11,0,0,0,0,1,0,0,0,0,0,0,0,0,0,0,0,1,0,2,0,0
"6.14.20",0,0,0,0,0,0,0,0,0,0,0,0,0,0,0,0,0,0,13,0,0,0,0,0,0,0,1,0,0,4,0,0,0,0,0,0,0,1,0,0,0,2,0,0,0,0,0,0,0,1,0,0,0,0,0,0,0,0
"6.15.20",0,0,0,0,0,0,0,0,0,0,0,0,0,0,0,0,0,0,19,0,0,0,0,0,0,0,0,0,0,0,0,0,0,0,0,0,1,0,0,0,0,0,0,0,0,0,0,0,0,0,0,0,0,0,0,0,0,0
"6.16.20",1,0,0,0,0,0,2,0,0,2,0,0,0,0,1,0,0,0,34,0,0,0,0,0,0,0,0,0,0,12,0,0,0,0,0,1,3,1,4,0,2,0,0,0,0,0,0,0,0,0,0,0,0,0,0,0,0,0
"6.17.20",4,0,0,0,0,0,0,0,0,6,0,0,0,0,3,1,0,0,32,1,0,0,0,0,0,0,0,0,0,10,0,0,6,3,0,0,0,0,0,0,1,2,0,0,0,0,0,2,0,1,0,0,0,10,0,0,0,0
"6.18.20",1,0,0,0,0,0,8,0,0,1,0,0,0,0,1,1,0,0,35,0,0,0,0,0,0,0,0,0,0,7,0,0,22,0,0,1,8,1,0,0,0,0,3,0,0,0,0,0,0,1,0,0,0,1,0,0,0,0
"6.19.20",1,0,0,0,0,0,1,0,0,4,0,0,0,0,0,1,0,0,38,0,0,0,0,1,0,0,0,0,0,7,0,0,6,1,0,0,1,0,1,0,3,2,2,0,0,0,0,0,0,0,0,0,0,0,0,0,0,0
"6.20.20",0,0,0,0,0,0,0,0,0,6,0,0,1,0,2,0,0,0,47,0,0,0,0,0,0,0,0,0,0,10,0,0,4,0,0,3,6,0,0,0,0,0,0,0,0,0,0,0,0,1,0,0,0,4,0,0,0,0
"6.21.20",2,0,0,0,0,0,6,0,0,0,0,0,1,0,0,2,0,0,9,0,0,0,0,0,0,0,0,0,0,2,0,0,0,0,0,0,0,0,0,0,0,0,0,0,0,0,0,0,0,0,0,0,0,0,0,2,0,0
"6.22.20",0,0,0,0,0,0,0,0,0,0,0,0,0,0,0,2,0,0,16,0,0,0,0,0,0,0,0,0,0,0,0,0,1,0,0,0,0,0,0,0,0,0,1,0,0,0,0,0,0,1,0,0,0,0,0,0,0,0
"6.23.20",0,0,0,0,0,0,0,0,0,0,0,0,0,0,0,3,0,0,34,0,0,0,0,0,0,0,0,0,0,4,1,0,3,0,0,0,3,1,0,0,0,1,0,0,0,0,0,0,0,1,0,0,0,0,0,1,0,0
"6.24.20",2,0,0,0,0,0,6,0,0,4,0,0,0,0,3,0,0,0,36,0,0,0,0,0,0,0,0,0,0,26,0,0,4,0,0,10,6,0,1,0,1,0,0,0,0,0,0,0,0,2,0,0,0,5,0,2,0,0
"6.25.20",7,0,0,0,0,0,5,0,0,0,0,0,6,0,1,1,0,0,40,0,0,0,0,2,0,0,0,0,0,7,0,0,17,0,0,3,5,0,1,0,0,3,1,0,0,0,0,0,1,1,0,0,0,1,0,0,0,0
"6.26.20",2,0,0,1,0,0,1,0,0,3,0,0,0,0,1,1,0,0,22,0,0,0,0,0,0,0,0,0,0,17,0,0,3,0,0,1,6,1,2,0,1,0,0,0,0,0,0,0,0,4,0,0,0,0,0,0,0,0
"6.27.20",3,0,0,0,0,0,0,0,0,0,0,0,1,0,0,0,0,0,16,0,0,0,0,0,0,0,0,0,0,0,0,0,2,0,0,0,2,0,0,0,0,0,1,0,0,0,0,0,0,1,0,0,0,0,0,0,0,0
"6.28.20",0,0,0,0,0,0,1,0,0,0,0,0,0,0,2,0,0,0,20,0,0,0,0,0,0,0,1,1,0,3,1,0,0,0,0,2,1,1,0,0,1,0,0,0,0,0,0,0,0,3,0,0,0,0,0,0,0,0
"6.29.20",0,0,0,0,0,0,2,0,0,0,0,0,0,0,1,2,0,0,26,0,0,0,0,0,0,0,1,0,0,4,0,0,0,0,0,0,0,0,0,0,0,0,0,0,0,0,0,0,0,2,0,0,0,0,0,0,0,0
"6.30.20",2,0,0,0,0,0,0,0,0,1,0,0,0,0,2,10,0,0,40,0,0,0,0,0,0,0,1,0,0,10,0,0,17,0,0,4,4,0,0,0,0,0,0,0,2,0,0,0,1,0,0,0,0,0,0,0,0,0
"7.1.20",0,0,0,0,0,0,1,0,0,1,0,0,1,0,6,0,0,0,34,0,0,0,0,0,0,0,0,0,0,5,0,0,8,0,0,4,5,0,2,0,0,2,2,0,0,0,0,0,0,3,0,0,0,11,0,0,0,0
"7.2.20",2,0,0,0,0,0,1,0,0,2,0,0,1,0,1,1,0,0,52,0,0,0,0,0,0,0,0,0,0,9,0,0,1,6,0,7,7,0,2,1,23,0,1,0,0,0,0,0,0,0,0,0,0,4,0,0,0,0
"7.3.20",2,0,0,0,0,0,1,0,0,3,0,0,0,0,3,0,0,0,0,0,0,0,0,0,0,0,0,0,0,6,0,0,14,1,0,9,10,0,0,0,0,0,1,0,0,0,0,1,2,2,0,0,0,2,0,2,1,0
"7.4.20",0,0,0,0,0,0,2,0,0,1,0,0,0,0,1,0,1,0,0,0,0,0,0,0,0,0,0,0,0,3,0,0,2,0,0,1,0,0,1,0,0,0,0,0,1,0,0,0,0,1,0,0,0,1,0,0,1,0
"7.5.20",0,0,0,0,0,0,0,0,0,0,0,0,0,0,1,0,0,0,30,0,0,0,0,0,0,0,0,0,0,3,0,0,0,0,0,0,0,0,0,0,0,0,1,0,0,0,0,0,0,0,0,0,0,0,0,0,0,0
"7.6.20",0,0,0,0,0,0,3,0,0,0,0,0,0,0,0,2,0,0,47,0,0,0,0,0,0,0,0,0,0,0,0,0,3,0,0,2,0,0,0,0,0,0,3,0,0,0,0,0,0,0,0,0,0,1,0,0,0,0
"7.7.20",0,0,0,1,0,0,1,0,0,2,0,1,4,0,2,0,0,0,48,0,0,0,0,0,0,0,2,0,0,3,0,0,22,5,0,5,12,0,2,0,0,0,0,0,0,0,0,0,0,2,0,0,0,1,0,2,0,0
"7.8.20",1,0,0,0,0,0,0,0,0,2,0,0,25,0,3,0,0,0,61,0,0,0,0,1,0,0,0,0,0,7,0,0,9,4,0,19,7,0,2,0,0,1,0,0,0,0,0,1,1,1,0,0,0,1,0,1,0,0
"7.9.20",4,0,0,1,0,0,2,0,0,4,0,0,11,0,2,0,0,0,47,0,3,0,0,0,0,0,0,0,0,26,0,0,21,1,0,11,9,0,5,1,0,0,0,0,0,0,0,0,4,5,0,0,0,8,0,0,1,0
"7.10.20",1,0,0,0,0,0,0,0,0,3,0,0,11,0,8,0,0,0,54,0,1,0,0,1,0,0,1,0,0,10,0,0,4,0,0,1,5,0,1,1,0,0,0,0,0,0,0,0,0,2,0,0,0,4,0,1,0,0
"7.11.20",1,0,0,0,0,0,1,0,0,2,0,0,11,0,0,0,0,0,51,0,0,0,0,0,0,0,0,0,0,9,0,0,5,3,0,2,2,0,5,0,1,0,0,0,0,0,0,0,0,2,0,0,0,0,0,1,0,0
"7.12.20",0,0,0,0,0,0,1,0,0,0,0,0,0,0,0,1,0,0,14,0,0,0,0,0,0,0,0,0,0,2,0,0,4,1,0,2,0,0,0,1,0,0,0,0,0,0,0,0,0,3,0,0,0,0,0,1,0,0
"7.13.20",0,0,0,0,0,0,0,0,0,0,0,0,0,0,1,3,0,0,15,0,0,0,0,0,0,0,0,0,0,1,0,0,3,0,0,1,0,0,0,0,0,0,0,0,0,0,0,0,1,0,0,0,0,0,0,0,0,0
"7.14.20",3,0,0,0,0,0,2,0,0,3,0,0,0,0,0,0,0,0,73,0,0,0,0,0,0,0,0,0,0,9,0,0,2,2,0,3,14,0,3,0,0,0,0,0,0,0,0,2,0,2,0,0,0,6,0,0,0,0
"7.15.20",2,0,0,0,0,0,0,0,0,3,0,0,1,0,0,0,0,0,46,0,0,0,0,0,0,0,0,1,0,22,0,0,21,4,0,1,12,0,0,1,1,0,0,0,1,0,0,0,0,2,0,0,0,0,0,0,0,0
"7.16.20",0,0,0,0,0,0,1,0,0,0,0,0,3,0,7,0,0,0,46,4,0,0,0,0,0,0,0,0,0,11,0,0,9,0,0,4,17,2,7,0,1,0,0,0,1,0,0,0,0,6,0,0,0,7,0,0,2,0
"7.17.20",7,0,0,0,0,0,2,0,0,3,0,0,7,0,0,0,0,0,59,1,0,0,0,0,0,0,0,0,0,3,0,0,3,4,0,1,0,0,4,0,0,1,0,0,0,0,0,1,1,5,0,0,0,3,0,1,1,0
"7.18.20",2,0,0,0,0,0,2,0,0,2,0,0,4,0,0,0,0,0,36,0,0,0,0,3,0,0,0,0,0,25,0,0,1,0,0,14,13,0,7,0,0,0,0,0,0,0,0,0,0,7,0,0,0,1,0,1,0,0
"7.19.20",0,0,0,0,0,0,0,0,0,0,0,0,0,0,0,0,0,0,12,1,0,0,0,0,0,0,0,0,0,0,0,0,0,2,0,1,0,0,0,0,0,0,0,0,0,0,0,0,2,3,0,0,0,0,0,0,0,0
"7.20.20",0,0,0,0,0,0,2,0,0,0,1,0,0,0,0,0,0,0,8,0,0,0,0,0,0,0,1,0,0,0,0,0,0,2,0,1,0,1,4,0,1,0,0,0,0,0,0,0,0,3,0,0,0,0,0,0,0,0
"7.21.20",4,0,0,1,0,0,1,0,1,1,0,0,4,0,0,1,0,0,51,0,0,0,0,0,0,0,1,0,0,19,0,0,2,3,0,5,9,0,2,1,0,0,0,0,1,0,0,1,0,3,0,0,0,0,0,3,4,0
"7.22.20",3,0,0,0,0,0,0,0,0,3,0,0,6,0,10,0,0,0,60,0,2,0,0,0,0,0,0,0,0,8,1,0,29,4,0,5,18,0,3,0,1,0,1,0,0,0,0,2,0,3,0,0,0,0,0,1,0,0
"7.23.20",2,0,0,0,0,2,0,0,0,2,0,0,4,0,0,1,0,0,48,3,0,0,0,7,0,0,1,0,0,22,0,0,18,2,0,21,7,2,9,0,1,1,0,0,0,0,0,0,1,4,0,0,0,1,0,0,1,0
"7.24.20",5,0,0,0,0,0,2,0,0,3,0,0,3,0,8,0,0,0,37,3,0,0,0,1,0,0,0,1,0,13,0,0,1,2,0,17,12,0,7,1,0,0,0,1,0,0,0,0,2,9,0,0,0,0,0,4,0,0
"7.25.20",0,0,0,0,1,0,4,0,0,2,0,0,3,0,0,0,0,0,51,1,0,0,0,0,0,0,0,0,0,6,0,0,24,3,0,8,0,0,11,0,0,0,0,0,0,0,0,0,0,4,0,0,0,4,0,2,0,0
"7.26.20",0,0,0,0,0,0,0,0,0,0,0,0,0,0,0,0,0,0,9,0,0,0,0,0,0,0,0,0,0,2,0,0,10,1,0,6,9,0,0,0,0,0,0,0,0,0,0,0,0,3,0,0,0,0,0,5,0,0
"7.27.20",0,0,0,2,0,0,0,0,0,0,0,0,0,0,0,0,0,0,15,0,0,1,0,0,0,0,0,0,0,2,0,0,2,0,0,1,0,0,0,1,0,0,0,0,0,0,0,0,0,10,0,0,0,0,0,1,0,0
"7.28.20",4,0,0,0,0,0,3,0,0,8,0,0,1,0,12,2,0,0,51,1,0,0,0,0,0,0,1,0,0,15,2,0,1,3,0,11,0,1,12,0,1,1,0,0,0,0,0,0,0,3,0,0,0,0,0,0,1,0
"7.29.20",0,0,0,0,0,0,1,0,0,0,0,0,2,0,0,2,0,0,92,0,11,0,0,2,0,0,2,1,0,6,0,0,10,5,0,5,19,0,13,2,0,0,0,0,0,0,0,0,6,6,4,0,0,0,0,0,0,0
"7.30.20",5,0,0,0,0,0,4,0,0,8,0,0,4,0,4,0,0,0,41,0,5,0,1,5,0,0,0,0,1,17,0,0,7,4,0,10,6,3,7,1,1,21,4,0,0,0,0,0,0,6,0,0,0,5,0,1,1,0
"7.31.20",2,0,0,0,0,0,1,0,0,0,0,0,4,0,1,2,0,0,65,1,4,0,0,0,0,0,0,0,0,14,0,0,9,6,0,7,3,1,16,0,0,6,1,0,0,0,0,0,1,2,0,0,0,7,0,2,1,0
"8.1.20",1,0,0,2,0,0,3,0,0,16,0,0,1,0,4,2,0,0,45,0,0,0,0,0,0,0,4,1,0,31,0,0,10,9,0,6,0,0,12,1,0,1,0,0,0,0,0,0,2,2,0,0,0,4,0,2,0,0
"8.2.20",0,0,0,0,0,0,2,0,0,2,0,0,1,0,0,0,0,0,24,0,0,0,0,0,0,0,0,0,0,2,1,0,31,1,0,3,4,0,0,1,0,0,1,0,0,0,0,0,4,5,0,0,0,0,0,0,0,0
"8.3.20",1,0,0,0,0,0,2,0,0,0,0,0,4,0,0,0,0,0,9,0,0,0,0,0,0,0,0,0,0,0,1,0,5,0,0,1,0,0,0,0,0,0,0,0,1,0,0,0,0,3,0,0,0,0,0,1,0,0
"8.4.20",3,0,0,1,0,1,2,0,0,3,0,0,2,0,7,0,0,0,58,0,0,0,0,0,0,0,4,0,0,2,1,0,3,4,0,51,3,0,0,0,1,2,3,0,0,0,0,0,0,4,0,0,0,4,0,1,0,0
"8.5.20",1,0,0,3,0,0,0,0,0,5,0,0,0,0,1,0,0,0,67,0,0,0,0,0,0,0,0,0,0,12,1,0,18,5,0,9,0,0,10,0,0,2,1,0,0,0,0,0,0,5,0,0,0,0,0,0,0,0
"8.6.20",7,0,0,0,0,0,2,0,0,2,0,0,0,0,0,0,0,0,42,0,0,0,0,0,0,0,1,0,0,32,2,0,20,2,0,12,15,0,4,0,1,2,2,0,0,0,0,0,0,3,0,0,0,3,1,5,0,0
"8.7.20",4,0,2,0,0,1,2,0,1,10,0,0,1,0,8,1,0,0,50,1,0,0,0,0,0,0,0,0,0,7,0,0,29,7,0,8,0,6,20,0,0,1,2,1,0,0,0,2,1,4,0,0,0,0,0,4,0,0
"8.8.20",0,0,0,2,0,0,3,0,0,12,0,0,1,0,11,1,1,0,48,2,1,0,0,21,0,0,0,0,0,16,0,0,13,6,0,7,3,0,17,1,0,0,1,0,1,0,0,0,7,6,1,0,0,0,0,1,6,0
"8.9.20",0,0,0,0,0,0,1,0,0,0,0,0,0,0,0,1,0,0,10,0,0,0,0,0,0,0,1,0,0,6,0,0,5,1,0,48,7,0,0,0,0,0,0,0,0,0,0,0,0,2,0,0,0,0,0,0,0,0
"8.10.20",0,0,0,0,0,0,0,0,0,0,0,0,0,0,0,0,0,0,21,0,0,0,0,0,0,0,0,0,0,0,1,0,2,1,0,0,1,0,0,0,0,0,1,0,0,0,0,0,1,5,0,0,0,0,0,0,1,0
"8.11.20",0,0,1,0,0,1,1,0,0,4,0,0,0,0,12,0,0,0,1,0,0,0,8,14,0,0,2,3,0,0,3,0,6,14,0,5,0,0,11,0,0,4,1,0,0,0,0,0,3,10,0,0,0,6,0,3,0,0
"8.12.20",11,0,5,0,0,0,3,0,0,7,0,0,2,0,0,0,0,0,113,1,0,0,0,1,0,0,2,0,0,19,1,0,31,7,0,5,8,0,2,0,0,4,0,1,0,0,0,0,2,4,0,0,0,10,0,0,0,0
"8.13.20",3,0,0,0,0,0,2,0,0,7,0,0,3,0,4,2,0,0,1,2,0,0,0,0,0,0,0,0,0,24,1,0,18,8,0,2,6,3,8,1,0,0,0,0,0,0,0,0,0,2,1,0,0,0,0,2,0,0
"8.14.20",3,0,1,0,0,0,1,0,0,7,1,0,15,0,17,4,0,0,102,1,2,0,0,1,0,0,3,0,0,20,0,0,6,15,0,3,14,0,15,1,1,3,0,0,0,0,0,0,0,4,0,0,0,0,0,0,0,0
"8.15.20",0,0,0,0,0,0,1,0,0,3,0,0,3,0,0,0,0,0,31,0,0,0,0,0,0,0,3,0,0,20,1,0,19,7,0,8,0,0,4,0,0,2,0,0,0,0,0,0,0,6,0,0,0,0,0,0,1,0
"8.16.20",0,0,0,0,0,0,2,0,0,0,0,0,0,0,0,2,0,0,8,0,0,0,0,0,0,0,0,0,0,1,1,0,0,0,0,1,4,3,0,0,0,0,0,0,0,0,0,0,0,4,0,0,0,0,0,0,1,0
"8.17.20",0,0,0,0,0,0,1,0,0,0,0,0,0,0,0,0,0,0,19,0,0,0,0,0,0,0,0,0,0,0,0,0,6,0,0,1,0,0,0,1,0,1,0,0,0,0,0,0,1,3,0,0,0,0,0,0,0,0
"8.18.20",2,0,0,1,0,0,0,0,0,1,0,0,1,0,12,0,0,0,67,2,1,0,0,0,0,0,0,0,0,5,0,0,1,3,1,44,0,0,10,0,1,1,1,0,0,0,0,0,0,6,0,0,0,1,0,0,0,0
"8.19.20",3,0,0,0,0,0,1,1,0,9,0,0,3,0,12,1,0,0,52,2,0,0,0,0,0,0,1,0,0,18,0,0,5,7,0,13,12,0,6,1,0,0,5,0,0,0,0,0,6,6,0,0,0,5,0,1,0,0
"8.20.20",3,0,2,2,0,0,2,0,0,7,0,0,4,0,1,0,0,0,54,1,0,0,1,1,0,0,2,0,0,23,2,0,5,2,0,4,6,0,1,0,1,0,1,0,0,0,0,0,0,1,0,0,0,0,0,2,0,0
"8.21.20",3,0,0,1,0,0,5,0,0,4,0,0,8,0,9,1,0,0,45,0,2,0,0,1,0,0,2,0,0,26,0,0,5,6,0,3,8,8,4,0,0,5,0,0,0,0,0,1,3,4,0,0,0,0,0,5,0,0
"8.22.20",0,0,2,3,0,0,4,0,0,3,0,0,6,0,2,0,0,0,46,1,0,0,0,0,0,0,1,0,0,14,0,0,21,2,0,51,8,0,4,1,0,4,0,0,0,0,0,0,0,5,0,0,0,5,0,1,0,0
"8.23.20",0,0,0,1,0,0,0,0,0,0,0,0,0,1,0,0,0,0,8,0,1,0,0,0,0,0,0,0,0,1,1,0,2,4,0,0,0,0,0,0,0,0,1,0,0,0,0,0,0,9,1,0,0,1,0,0,0,0
"8.24.20",0,0,0,0,0,0,0,0,0,0,0,0,0,0,0,0,0,0,13,0,6,0,0,0,0,0,0,0,0,0,0,0,20,6,0,1,0,1,0,0,0,0,1,0,0,0,0,0,0,3,0,0,0,0,0,0,0,0
"8.25.20",0,0,0,1,0,0,3,0,0,15,1,0,7,0,11,0,0,0,47,0,0,0,0,0,0,0,1,0,0,15,0,0,6,16,0,7,5,0,1,0,0,0,2,1,1,0,0,2,0,4,0,0,0,1,0,0,3,0
"8.26.20",1,0,0,1,0,0,1,0,0,5,0,0,10,0,0,2,0,0,58,0,0,0,0,5,0,0,0,0,0,6,1,0,6,6,0,16,3,0,3,0,1,0,4,0,0,0,0,0,1,5,0,0,0,8,0,1,0,0
"8.27.20",1,0,0,0,0,1,1,0,0,17,0,0,8,0,5,0,0,0,38,1,6,0,0,1,0,0,1,0,3,29,0,0,12,10,0,8,5,2,5,0,0,2,1,0,0,0,0,0,0,9,0,0,0,0,0,2,1,0
"8.28.20",3,0,0,0,0,0,0,0,0,10,0,0,6,0,17,0,0,0,31,0,1,0,1,2,0,0,1,0,0,9,0,0,9,2,0,3,3,0,0,0,0,0,2,0,0,0,0,0,0,2,0,0,0,4,0,1,0,0
"8.29.20",13,0,0,1,0,0,1,0,0,9,0,0,9,1,13,0,0,0,27,0,1,0,2,2,0,0,0,0,0,19,0,0,8,8,1,1,3,0,21,1,1,1,1,0,0,0,0,0,2,5,0,0,0,0,0,5,0,0
"8.30.20",0,0,0,0,0,0,0,1,0,0,0,0,0,0,0,0,0,0,10,0,2,0,0,0,0,0,1,0,1,4,0,0,1,9,0,0,3,0,3,0,0,0,0,0,0,0,0,0,0,2,1,0,0,0,0,0,0,0
"8.31.20",0,0,0,0,0,0,0,0,0,0,0,0,0,0,0,0,0,0,15,2,1,0,2,0,0,0,2,0,0,1,1,0,3,3,0,0,0,0,0,0,0,1,0,0,0,0,0,0,0,1,0,0,0,1,0,0,0,0
"9.1.20",0,0,0,0,0,0,0,0,0,0,0,0,0,0,6,0,0,0,45,6,0,0,0,24,0,0,0,0,0,8,0,0,7,2,0,31,6,0,3,0,0,0,2,0,0,0,0,0,0,2,0,0,0,4,0,0,0,0
"9.2.20",10,0,1,1,0,0,0,0,0,1,0,0,5,0,0,2,0,0,49,0,0,0,0,0,0,0,0,0,0,19,0,0,5,11,0,8,7,1,11,0,0,0,2,0,0,0,0,2,2,2,0,0,0,3,0,3,3,0
"9.3.20",15,0,2,0,0,0,0,0,0,21,0,0,0,0,2,0,0,0,54,2,0,0,1,2,0,0,0,0,0,11,1,0,20,12,0,6,5,0,19,0,0,2,2,0,0,0,0,0,0,2,1,0,0,0,0,1,0,0
"9.4.20",1,0,0,1,0,0,5,0,0,8,0,0,12,0,2,2,0,0,45,0,0,0,0,0,0,0,0,0,0,24,1,0,14,9,0,0,1,1,5,0,0,0,1,0,0,0,0,1,23,3,0,0,0,3,0,2,0,0
"9.5.20",3,0,0,2,0,0,9,0,0,10,0,0,1,0,0,0,0,0,23,0,0,0,0,0,0,0,0,0,0,9,0,0,0,2,0,25,3,0,10,2,2,0,0,0,0,0,0,0,0,1,0,0,0,2,0,4,0,0
"9.6.20",2,0,0,0,0,0,0,0,0,0,0,0,0,0,0,6,0,0,5,0,0,0,0,0,0,0,0,0,0,2,1,0,3,1,0,0,3,0,0,0,1,0,0,0,0,0,0,0,0,2,0,0,0,0,0,0,0,0
"9.7.20",0,0,0,0,0,0,0,0,0,0,0,0,0,0,0,0,0,0,25,0,0,0,0,0,0,0,1,0,0,0,0,0,0,5,0,0,0,0,0,0,0,0,17,0,0,0,0,0,0,2,0,0,0,0,0,0,0,0
"9.8.20",7,0,0,6,0,0,0,0,0,0,0,0,0,0,0,0,2,0,6,0,1,0,0,0,0,0,2,0,0,3,0,0,0,2,1,31,1,1,2,0,0,0,2,0,0,0,0,0,7,0,0,0,0,0,0,0,0,0
"9.9.20",1,0,0,1,0,0,0,0,0,0,0,0,0,0,1,0,0,0,54,0,0,0,0,2,0,0,0,0,0,9,0,0,12,0,0,10,13,0,0,1,0,1,0,0,0,0,0,0,0,6,0,0,0,0,0,3,0,0
"9.10.20",3,0,0,0,0,0,0,0,0,7,0,0,2,8,10,0,0,0,38,0,0,0,0,2,0,0,0,0,0,4,1,0,10,7,0,1,4,3,1,0,0,3,3,0,0,0,0,5,0,2,0,0,0,1,0,1,0,0
"9.11.20",6,0,0,0,0,0,0,0,0,6,0,0,3,1,15,0,0,0,43,0,1,0,1,0,0,0,2,0,0,12,0,0,8,4,2,4,5,0,2,0,2,3,3,0,0,0,0,0,0,4,0,0,0,1,0,1,0,0
"9.12.20",9,0,0,0,2,0,1,0,0,1,0,0,0,0,4,0,0,0,26,0,0,0,0,3,0,0,0,0,0,12,1,0,9,9,0,25,4,1,5,0,0,1,3,0,1,0,0,1,3,5,0,0,0,3,0,0,0,0
"9.13.20",0,0,0,0,0,0,0,0,0,0,0,0,0,0,6,0,0,0,11,2,1,0,0,0,0,0,0,0,0,0,0,0,0,0,0,0,0,0,0,0,0,0,8,0,1,0,0,0,0,2,0,0,0,0,0,0,0,0
"9.14.20",0,0,0,0,0,0,0,0,1,0,0,0,0,0,0,0,0,0,23,0,0,0,0,0,0,0,0,0,0,0,0,0,5,0,0,0,0,0,1,1,0,0,2,0,0,0,0,1,7,1,0,0,0,0,0,2,0,0
"9.15.20",20,0,0,1,2,0,6,0,1,0,0,0,4,0,1,0,0,0,42,0,7,0,1,2,0,0,1,0,0,12,0,0,5,5,0,8,8,0,4,3,0,0,5,0,0,0,0,1,2,3,0,1,0,0,0,3,0,0
"9.16.20",6,0,0,0,4,0,3,0,0,0,0,0,0,0,7,0,2,0,30,0,0,0,0,4,0,0,0,0,0,6,1,0,9,5,1,3,6,0,8,0,0,3,1,0,0,0,0,0,0,3,0,0,0,4,0,2,0,0
"9.17.20",6,0,0,0,0,0,1,0,0,10,0,1,4,0,0,0,2,0,21,0,4,0,0,1,0,0,0,0,0,4,1,0,7,8,0,0,6,5,7,0,0,0,1,0,0,0,0,0,10,7,0,0,0,0,0,0,0,0
"9.18.20",2,0,0,0,0,0,1,0,0,4,0,0,2,0,10,2,0,0,6,0,0,0,0,8,0,0,2,0,0,8,0,0,9,6,0,63,3,0,7,0,0,0,0,1,0,0,0,1,0,0,0,0,0,1,0,3,0,0
"9.19.20",2,0,0,0,1,0,1,0,0,3,0,0,1,0,4,2,0,0,0,2,0,0,0,1,0,0,1,0,0,4,0,0,4,5,1,1,39,0,1,0,0,0,0,0,0,0,0,0,3,3,0,0,0,1,0,0,0,0
"9.20.20",0,0,0,1,0,0,3,0,0,0,0,0,0,0,0,0,0,0,23,0,2,0,0,0,0,0,0,0,0,1,0,0,0,5,0,0,0,0,0,0,0,3,0,0,1,0,0,0,0,2,0,0,0,0,0,0,0,0
"9.21.20",0,0,0,2,0,0,0,0,0,0,0,0,0,0,0,0,0,0,13,0,1,0,0,0,0,0,1,0,0,0,0,0,6,3,1,0,0,0,0,0,0,0,0,0,1,0,0,0,0,3,0,0,0,0,0,0,0,0
"9.22.20",12,0,0,2,1,0,1,0,0,7,0,0,0,1,3,0,1,0,35,0,0,0,0,4,0,0,1,0,0,22,0,0,9,6,0,0,0,0,2,3,0,1,0,0,1,0,0,2,0,3,0,0,0,3,0,3,0,4
"9.23.20",6,0,0,0,0,0,2,0,0,2,0,0,0,0,3,0,0,0,22,1,1,0,0,2,0,0,0,0,0,26,1,0,3,5,0,2,0,0,13,0,0,1,6,1,1,0,0,2,5,2,0,0,0,3,1,1,1,0
"9.24.20",3,0,0,0,0,0,0,0,0,4,0,0,0,0,1,0,0,0,32,0,0,0,0,1,0,0,0,0,0,6,0,0,7,2,1,15,0,4,5,0,0,2,2,0,1,0,0,0,0,3,0,0,0,1,0,1,0,0
"9.25.20",3,0,0,0,0,0,2,0,0,10,0,0,0,1,6,1,0,0,33,0,5,0,0,0,0,0,1,0,0,22,0,0,11,1,0,0,0,1,5,0,0,0,3,0,0,0,0,0,2,0,0,0,0,0,0,0,0,0
"9.26.20",3,0,0,1,0,0,0,0,0,4,0,1,0,0,2,1,1,0,16,0,1,0,0,1,0,0,0,0,0,10,1,0,7,3,0,0,0,0,0,0,0,0,5,0,2,0,0,1,0,2,0,0,0,3,0,0,0,2
"9.27.20",0,0,0,0,0,0,1,0,0,0,0,0,0,0,0,0,0,0,10,0,0,0,0,0,0,0,1,0,0,2,0,0,1,1,0,0,0,0,0,0,0,0,1,0,1,0,0,0,0,0,0,0,0,0,0,1,0,0
"9.28.20",0,0,0,0,0,0,0,0,0,0,0,0,0,0,0,0,0,0,1,0,0,0,0,0,0,0,0,0,0,0,0,0,7,1,0,0,0,0,0,0,0,0,0,0,1,0,0,0,1,0,0,0,0,0,0,0,0,0
"9.29.20",4,0,0,0,0,0,14,0,0,5,0,0,0,0,0,0,1,0,36,0,0,0,0,0,0,0,1,0,0,33,0,0,10,2,1,24,0,4,5,0,0,0,31,1,2,0,0,0,0,3,0,0,0,0,0,6,0,1
"9.30.20",6,0,0,0,0,0,2,0,0,1,0,0,3,0,1,1,0,0,25,0,0,0,0,0,0,0,0,0,0,19,1,0,12,4,0,6,0,2,7,0,1,1,0,0,0,0,0,0,0,1,0,1,0,4,0,0,0,0
"10.1.20",3,0,0,1,0,0,0,0,0,2,0,0,38,0,1,0,0,0,34,0,1,0,1,2,0,0,1,0,0,0,2,0,3,4,0,3,0,4,10,0,0,3,3,0,1,0,0,1,0,1,0,0,0,1,0,1,0,0
"10.2.20",0,0,0,1,0,0,2,0,0,6,0,0,2,0,10,0,0,0,16,1,0,0,0,1,0,0,0,0,0,13,1,0,0,3,0,7,0,0,3,0,0,0,0,0,1,0,0,0,0,2,0,0,0,3,0,0,0,0
"10.3.20",3,0,0,0,0,0,0,0,0,5,0,0,0,0,5,1,0,0,16,1,0,0,0,0,0,0,1,0,0,5,1,0,3,1,0,3,2,0,2,0,0,0,4,0,0,0,0,0,4,0,0,0,0,0,0,2,1,0
"10.4.20",0,0,0,0,0,0,1,0,0,0,0,0,0,0,0,0,0,0,5,0,0,0,0,1,0,0,0,0,0,0,0,0,0,1,0,0,5,0,0,0,0,0,7,0,1,0,0,0,0,1,0,0,0,0,0,1,0,1
"10.5.20",0,0,0,0,0,0,2,0,0,0,0,0,0,0,0,0,0,0,7,0,0,0,0,3,0,0,0,0,0,1,0,0,6,0,0,0,0,0,0,1,0,0,3,0,0,0,0,0,1,0,1,0,0,0,0,0,0,0
"10.6.20",0,0,0,1,0,0,3,0,0,4,0,1,0,0,1,1,0,0,27,0,0,0,0,0,0,0,0,0,0,2,1,0,6,4,0,9,3,5,1,0,1,0,1,2,0,0,0,0,0,1,0,0,0,2,0,1,0,1
"10.7.20",9,0,0,0,0,0,6,0,0,1,0,0,3,0,0,0,0,0,28,0,3,0,0,1,0,0,3,0,0,3,0,0,3,10,1,3,7,0,1,0,1,0,0,2,0,0,0,1,0,0,0,0,0,2,1,0,0,0
"10.8.20",0,0,0,4,0,0,3,0,0,3,0,0,0,0,0,0,0,0,17,0,1,0,1,0,0,0,0,0,0,14,0,0,3,2,0,5,6,0,0,0,0,0,3,0,0,0,0,0,2,0,0,0,0,1,1,1,0,0
"10.9.20",4,0,0,0,0,0,1,0,0,1,0,0,0,0,5,0,0,1,15,0,0,0,0,1,0,0,0,0,0,10,0,0,8,3,0,9,2,5,3,0,0,0,5,0,3,0,0,0,1,1,0,0,0,3,0,0,0,0
"10.10.20",0,0,0,3,1,0,4,0,0,4,0,0,0,0,2,0,0,0,27,0,1,0,1,1,0,0,0,0,0,24,0,0,2,9,0,4,4,2,0,0,0,0,2,0,0,0,0,0,0,0,0,0,0,0,0,0,0,0
"10.11.20",0,0,0,0,0,0,0,0,0,0,0,0,0,0,1,0,1,0,3,0,0,0,0,0,0,0,2,0,1,1,0,0,0,0,0,0,1,0,0,0,0,0,6,0,0,0,0,0,0,2,0,0,0,0,0,0,0,0
"10.12.20",0,0,0,0,0,0,0,0,0,0,0,0,0,0,0,0,0,0,2,0,0,0,0,0,0,0,0,0,0,0,0,0,0,0,0,0,0,0,0,0,0,0,7,0,0,0,0,2,0,3,0,0,0,0,0,0,0,0
"10.13.20",0,0,0,0,0,0,1,0,0,3,0,0,0,0,2,0,0,0,17,0,0,0,0,0,0,0,1,1,0,0,0,0,0,0,1,0,14,0,0,0,0,0,0,0,1,0,0,0,0,0,0,0,0,0,0,0,0,0
"10.14.20",0,0,0,0,0,0,2,0,0,0,0,0,0,0,9,0,2,0,22,0,2,0,0,1,0,0,0,0,0,19,0,0,7,6,0,2,4,1,6,0,2,0,0,0,0,0,0,0,0,1,0,0,0,1,0,1,0,0
"10.15.20",0,0,0,0,1,0,1,0,0,1,0,0,0,0,0,0,0,0,22,0,0,0,0,0,0,0,1,0,1,31,0,0,5,2,0,4,3,3,0,0,20,0,0,0,0,0,0,0,0,0,0,0,0,2,0,0,0,0
"10.16.20",0,0,0,0,0,0,0,0,0,2,0,0,0,0,2,0,0,0,21,3,0,0,0,1,0,0,0,0,0,10,1,0,1,5,0,2,18,0,2,0,1,1,2,6,0,0,0,0,0,0,0,0,0,1,0,0,0,0
"10.17.20",0,0,0,1,0,0,0,0,0,3,0,0,0,0,2,0,1,0,8,0,0,0,0,0,0,0,1,0,0,8,0,0,3,3,0,28,4,0,0,0,0,2,4,0,0,0,0,2,1,0,0,2,0,0,0,0,0,0
"10.18.20",0,0,0,0,0,0,0,0,0,0,0,0,0,0,0,0,0,0,13,0,0,0,0,0,0,0,0,0,0,0,0,0,0,0,0,1,0,0,0,0,1,0,3,0,0,0,0,0,0,0,0,0,0,0,0,0,0,0
"10.19.20",0,0,0,0,0,0,2,0,0,1,0,0,0,0,0,0,0,0,1,0,1,0,0,0,0,0,0,0,0,1,0,0,2,1,0,2,0,0,0,0,0,0,0,0,0,0,0,0,1,2,0,0,0,1,0,0,0,0
"10.20.20",0,0,0,1,0,0,2,0,0,0,0,0,0,0,3,0,0,0,35,0,1,0,0,1,0,0,1,1,0,2,7,0,3,2,0,9,0,0,1,0,1,0,6,3,0,0,0,0,0,0,0,0,0,0,0,0,0,0
"10.21.20",0,0,0,0,0,0,2,0,0,2,0,0,1,0,2,0,0,0,32,0,1,0,0,0,0,0,2,0,0,11,0,0,3,5,0,32,0,11,5,0,0,0,3,1,1,0,0,2,3,0,0,0,0,1,0,1,2,0
"10.22.20",0,0,0,0,0,0,0,0,0,5,0,0,2,0,1,1,0,0,12,0,0,0,0,0,0,0,1,1,0,11,1,0,1,2,1,8,0,0,0,0,0,0,2,0,0,0,0,0,1,1,0,0,0,1,0,1,0,0
"10.23.20",0,0,0,0,0,0,1,0,0,3,0,0,0,0,0,0,0,0,18,0,0,0,0,0,0,0,2,0,0,6,0,0,0,4,0,1,0,0,0,0,0,0,1,0,0,0,0,0,0,3,0,0,0,2,0,1,0,0
"10.24.20",0,0,0,0,0,0,0,0,0,0,0,0,0,0,0,0,0,0,15,0,0,0,0,1,0,0,1,0,0,4,0,0,9,0,0,3,0,0,0,0,0,1,1,0,0,0,0,1,1,1,0,0,0,0,0,0,0,0
"10.25.20",0,0,0,0,0,0,1,0,0,0,0,0,0,0,0,0,0,0,4,0,0,0,0,0,0,0,0,0,0,3,0,0,1,0,0,0,1,0,0,0,1,0,0,0,0,0,0,0,0,0,0,0,0,1,0,0,0,0
"10.26.20",0,0,0,0,0,0,0,0,0,0,0,0,0,0,0,0,0,0,7,0,2,0,0,0,0,0,0,0,0,0,0,0,5,0,0,0,0,1,0,0,0,0,0,0,2,0,0,2,0,0,0,0,0,0,0,0,0,0
"10.27.20",1,0,0,0,0,0,1,0,0,1,0,0,0,0,4,1,0,0,27,0,22,0,0,0,0,0,1,1,0,7,0,0,5,5,0,1,7,2,1,0,0,3,2,0,0,0,0,15,0,1,0,0,0,0,0,0,0,0
"10.28.20",0,0,0,0,0,0,0,0,0,2,0,0,0,0,0,0,0,0,13,0,0,0,0,0,0,0,1,0,1,13,0,0,3,5,0,0,4,5,2,0,1,2,8,0,0,0,0,0,0,0,0,0,0,1,0,0,2,0
"10.29.20",1,0,0,1,0,0,3,0,0,1,0,0,1,0,2,0,1,0,4,0,0,0,0,0,0,0,3,0,0,1,1,0,2,1,0,0,4,0,0,0,0,1,2,0,0,0,0,1,0,0,0,0,0,2,0,0,0,0
"10.30.20",0,0,0,0,5,0,0,0,0,1,0,0,0,0,1,0,0,0,12,1,0,0,0,0,0,0,0,0,0,7,0,0,13,0,0,2,3,0,2,0,2,0,1,1,1,0,0,6,0,2,0,0,0,0,0,0,0,0
"10.31.20",15,0,0,0,0,0,0,0,0,5,0,1,0,0,1,0,0,0,15,0,0,0,0,1,0,0,1,0,0,8,0,0,2,0,0,1,3,0,0,0,1,2,1,0,0,0,0,0,0,0,0,0,0,0,1,0,0,0
"11.1.20",3,0,0,0,0,0,1,0,0,0,0,0,0,0,0,0,1,0,3,0,0,0,0,1,0,0,0,0,0,1,0,0,0,1,0,0,0,0,0,0,0,0,7,0,0,0,0,0,0,2,0,0,0,0,0,1,0,0
"11.2.20",0,0,0,0,0,0,0,0,0,0,0,0,0,0,0,0,0,0,2,0,0,0,0,0,0,0,0,0,0,0,2,0,2,0,0,0,0,0,0,0,1,0,1,0,2,0,0,0,0,2,0,1,0,0,0,0,1,0
"11.3.20",0,0,0,0,1,0,0,0,0,6,0,0,1,0,1,0,0,0,21,0,5,0,1,1,0,0,1,0,0,0,0,0,4,2,0,2,10,1,0,0,1,2,6,0,1,0,0,1,2,1,0,0,0,0,0,0,0,0
"11.4.20",0,0,0,0,0,0,1,0,0,0,0,1,0,0,1,0,0,0,21,0,0,0,0,0,0,0,2,0,0,7,0,0,10,0,0,10,3,0,0,0,6,0,0,0,0,0,0,0,0,1,0,0,0,0,0,0,1,0
"11.5.20",1,0,0,0,0,0,1,0,0,3,0,0,2,0,2,0,0,0,22,0,0,0,0,2,0,0,0,0,0,3,0,0,3,2,0,5,0,0,2,0,0,1,9,0,0,0,0,0,3,0,0,0,0,2,0,0,0,0
"11.6.20",0,0,0,0,2,0,0,0,0,0,0,0,1,0,1,0,0,0,18,0,0,0,0,2,0,0,0,0,0,9,0,0,3,2,0,5,3,0,0,0,0,0,0,0,0,0,0,0,4,1,0,0,0,0,0,0,0,0
"11.7.20",4,0,0,0,0,0,2,0,0,5,0,0,0,0,0,1,0,0,12,0,0,0,0,0,0,1,2,0,0,3,0,0,4,1,0,3,1,0,3,0,1,1,8,0,0,0,0,0,0,2,0,1,0,3,2,0,0,0
"11.8.20",0,0,0,0,0,0,0,0,0,0,0,0,0,0,0,0,0,0,2,0,0,0,0,0,0,0,0,0,0,3,0,0,0,0,0,0,0,0,0,0,0,0,0,0,0,0,0,0,0,0,0,0,0,0,0,0,0,0
"11.9.20",0,0,0,0,0,0,1,0,0,0,0,0,0,0,0,0,0,0,5,0,0,0,0,0,0,0,0,0,0,0,0,0,1,1,0,0,30,0,0,0,0,0,0,0,0,0,0,0,1,0,0,0,0,0,0,0,0,0
"11.10.20",0,0,0,1,0,0,0,0,0,0,0,0,0,0,0,1,0,0,25,0,2,0,0,0,0,0,2,0,0,3,0,0,13,3,0,0,0,0,3,1,0,0,0,0,0,0,0,0,0,1,0,0,0,1,0,2,1,0
"11.11.20",5,0,0,0,0,0,0,0,0,3,0,0,2,1,0,0,0,0,16,0,0,0,0,0,0,0,0,0,0,2,0,0,2,1,0,0,0,0,1,0,0,0,3,0,1,0,0,0,0,3,0,0,0,0,0,0,0,0
"11.12.20",3,0,0,0,0,0,0,0,0,0,0,0,1,0,1,0,0,0,3,0,0,0,0,1,0,0,0,1,0,6,2,0,1,0,0,1,0,0,0,0,0,0,1,0,1,0,0,0,1,3,0,0,0,0,0,0,0,0
"11.13.20",2,0,0,0,0,0,1,0,0,2,0,0,0,0,2,0,0,1,25,0,0,0,0,1,0,0,4,1,0,2,1,0,10,4,0,1,0,0,1,1,0,0,1,0,1,0,0,0,0,2,0,0,0,0,0,13,2,0
"11.14.20",1,0,0,0,0,0,0,0,0,1,0,0,5,0,0,0,0,0,21,0,0,0,0,2,0,0,1,0,0,2,0,0,1,8,0,0,0,7,1,0,0,1,1,0,0,0,0,0,3,2,0,0,0,0,0,1,0,0
"11.15.20",1,0,0,0,0,0,0,0,0,0,1,0,0,0,0,0,0,0,2,0,0,0,0,1,0,0,2,0,0,2,0,0,1,2,0,1,0,0,2,0,0,0,2,0,2,0,0,0,0,2,0,0,0,0,0,0,2,0
"11.16.20",0,0,0,0,0,0,0,0,0,0,0,0,0,0,0,0,1,1,6,0,1,0,1,0,0,0,0,0,0,0,0,0,5,0,0,1,0,0,0,0,0,0,1,0,0,0,0,0,1,5,0,0,0,0,0,0,3,0
"11.17.20",3,0,0,1,0,0,0,0,0,1,0,0,0,0,0,0,0,1,25,0,0,0,0,0,0,0,1,0,0,0,0,0,0,4,0,2,0,0,3,0,0,1,0,0,0,0,0,0,0,2,0,0,0,0,0,1,0,0
"11.18.20",1,0,0,0,0,0,2,0,0,2,0,0,2,0,5,0,0,0,37,0,0,0,0,4,0,0,0,0,0,2,1,0,8,3,0,18,7,0,1,0,0,0,2,0,1,0,0,0,0,1,1,1,0,1,0,0,1,0
"11.19.20",1,0,0,1,0,0,1,0,0,4,0,0,1,0,0,0,0,0,28,0,0,0,0,1,0,0,0,0,0,9,1,0,15,5,0,9,7,0,0,0,0,0,3,0,0,0,0,0,1,2,0,1,0,0,0,1,1,0
"11.20.20",3,0,0,0,0,0,1,0,0,2,0,0,4,0,3,0,0,0,32,0,0,0,0,0,0,0,2,0,0,3,1,0,3,3,0,5,8,0,0,0,0,0,7,0,2,0,0,0,2,1,0,0,0,5,0,1,2,0
"11.21.20",0,0,0,1,0,0,0,0,0,2,0,0,2,0,5,0,0,0,32,2,0,0,0,2,0,0,0,0,0,11,0,0,2,0,0,2,6,0,0,0,1,1,2,0,1,0,0,1,0,2,0,0,0,2,0,2,1,0
"11.22.20",0,0,0,0,0,0,0,0,0,6,0,0,0,0,0,0,0,0,9,0,1,0,0,0,0,0,1,0,0,3,0,0,2,6,0,2,2,0,0,0,0,0,1,0,1,0,0,0,1,4,0,0,0,1,0,2,0,0
"11.23.20",0,0,0,0,0,0,0,0,0,0,0,0,0,0,0,0,0,0,18,0,0,0,0,0,0,0,1,0,0,0,0,0,6,1,0,0,0,0,0,0,0,0,1,0,0,0,0,0,1,1,1,0,0,1,0,0,0,0
"11.24.20",0,0,0,2,0,0,0,0,0,5,0,0,0,0,2,0,0,0,45,1,0,0,0,2,0,0,1,0,0,2,1,0,5,12,0,2,16,0,0,0,0,1,3,0,2,0,1,0,2,4,0,0,0,0,0,0,1,0
"11.25.20",3,0,0,1,0,0,3,0,0,1,0,0,0,0,1,0,0,0,42,0,0,0,0,1,0,0,0,0,0,3,1,0,18,6,0,0,4,0,0,0,0,0,4,0,2,0,0,1,0,2,0,0,0,3,0,0,0,0
"11.26.20",0,0,0,1,0,0,1,0,0,6,0,0,0,0,0,0,0,0,37,0,0,0,0,0,0,0,0,1,0,0,0,0,2,6,0,0,0,0,0,2,0,1,4,1,4,0,0,0,0,2,1,0,0,1,0,0,0,0
"11.27.20",3,0,0,0,0,0,0,0,0,0,0,0,1,0,0,0,0,0,24,0,0,0,0,0,0,1,0,0,0,18,0,0,0,0,0,0,8,0,0,0,0,1,3,0,1,0,0,0,0,4,0,0,0,0,0,0,3,0
"11.28.20",6,0,0,0,0,0,0,0,0,0,0,0,0,0,0,0,0,0,19,0,0,0,0,0,0,0,5,0,0,0,2,0,0,0,0,0,1,0,0,0,0,0,0,0,0,0,0,0,0,2,0,0,0,0,0,0,1,0
"11.29.20",1,0,0,0,0,0,0,0,0,0,0,0,0,0,0,0,0,0,16,0,0,0,0,0,0,0,1,0,0,0,2,0,2,5,0,0,0,0,0,0,0,0,2,0,1,0,0,0,1,1,1,0,0,0,0,0,0,0
"11.30.20",0,0,0,0,0,0,0,0,0,0,1,0,0,0,0,0,0,0,17,0,1,0,0,0,0,0,0,0,0,0,0,0,4,1,0,0,0,4,0,0,0,0,0,0,2,0,0,0,0,4,0,0,0,0,0,1,1,0
"12.1.20",3,0,0,0,0,0,0,0,0,5,2,0,0,0,1,1,1,0,46,0,0,1,0,0,0,0,2,1,0,0,0,0,2,3,0,0,22,0,0,4,0,0,1,1,1,0,0,0,0,4,1,0,0,0,0,6,5,0
"12.2.20",3,0,0,0,0,0,0,0,1,2,0,0,0,0,2,0,1,0,41,0,0,0,0,1,0,0,0,0,0,1,1,0,3,8,1,14,16,0,2,2,0,0,6,0,1,0,0,0,0,5,1,0,0,2,0,0,1,0
"12.3.20",2,0,0,0,0,0,1,0,1,9,1,0,3,0,1,1,0,0,44,1,0,0,0,4,0,0,4,0,1,8,0,0,10,17,0,43,5,4,3,0,3,1,7,1,1,0,1,0,1,3,2,0,0,0,0,1,0,0
"12.4.20",0,0,0,0,0,0,0,0,1,6,0,0,3,0,3,1,0,0,56,0,0,0,0,0,0,0,2,0,0,17,3,0,14,4,1,7,7,0,0,0,0,0,3,4,1,0,0,0,0,3,0,0,0,1,0,2,0,0
"12.5.20",0,0,1,1,0,0,5,0,1,3,0,0,0,0,1,2,0,1,43,1,0,0,0,3,0,0,0,2,0,15,2,0,2,7,1,0,8,0,1,2,2,0,6,8,1,0,0,0,0,8,0,0,0,2,0,2,3,0
"12.6.20",0,0,0,1,0,0,0,0,0,1,0,0,2,0,0,0,0,0,23,0,0,0,0,0,0,0,3,0,0,15,4,0,5,13,0,0,7,0,7,1,0,0,8,0,3,0,0,1,0,3,1,0,0,3,0,0,0,0
"12.7.20",1,0,0,0,0,0,0,0,0,0,0,0,0,0,0,0,0,0,27,0,0,0,0,0,0,0,2,0,1,0,0,0,9,0,0,5,0,0,0,0,0,0,2,1,0,0,0,1,0,6,3,0,0,1,0,0,0,0
"12.8.20",3,0,0,3,0,0,0,0,0,3,0,1,0,0,1,0,0,0,70,0,1,1,0,1,0,0,2,1,0,0,0,0,23,11,0,6,26,1,0,0,0,0,0,4,1,0,0,0,0,5,0,0,0,2,0,4,0,0
"12.9.20",1,0,2,0,0,1,3,0,0,4,0,0,4,0,6,2,0,0,71,0,1,0,1,2,0,0,9,0,0,0,3,0,29,10,1,4,15,1,1,2,0,1,5,2,1,0,0,1,0,4,0,0,0,4,1,6,5,0
"12.10.20",7,0,0,2,0,0,3,0,1,7,0,0,2,0,0,0,1,0,74,0,2,0,0,3,0,0,2,0,0,7,5,0,9,5,0,1,11,1,3,2,2,1,2,1,2,0,0,0,3,4,3,0,1,3,0,1,0,0
"12.11.20",5,0,0,1,0,0,6,0,0,10,0,0,7,1,4,2,0,0,51,0,1,0,0,0,0,0,5,0,0,22,3,0,21,5,0,7,23,1,0,0,0,1,3,2,0,0,0,2,0,5,3,0,0,1,0,0,0,0
"12.12.20",4,0,0,0,0,0,0,0,0,9,0,0,2,0,0,2,0,0,71,0,0,0,0,2,0,0,1,0,0,18,2,0,6,4,0,8,14,2,0,1,0,0,4,4,0,0,0,1,0,4,2,0,0,3,0,0,0,0
"12.13.20",0,0,0,2,0,0,0,0,0,0,1,0,0,0,2,1,0,0,25,1,0,0,0,1,0,0,2,0,0,14,0,0,2,9,0,12,11,0,0,2,0,0,1,0,0,0,0,0,0,5,2,0,0,0,0,0,0,1
"12.14.20",1,0,0,0,0,0,0,0,0,1,0,0,0,0,0,0,0,0,47,0,0,0,0,0,0,0,2,0,0,0,0,0,7,9,0,14,0,4,0,0,1,0,3,0,2,0,0,0,0,11,1,0,0,0,0,0,0,0
"12.15.20",5,0,0,0,0,0,0,0,0,14,0,2,1,0,1,0,0,0,93,0,0,0,0,1,0,0,6,1,0,1,0,0,36,12,0,4,32,0,3,3,0,0,3,5,1,0,0,2,0,11,1,0,0,1,0,0,9,0
"12.16.20",5,0,0,1,0,0,11,0,0,10,0,0,8,0,0,2,0,0,134,2,1,0,0,0,0,0,2,0,2,23,1,0,40,12,1,52,23,0,10,3,1,0,18,4,0,0,0,1,3,8,3,0,1,10,3,1,0,0
"12.17.20",11,0,0,2,0,0,0,0,0,13,0,2,3,0,6,0,0,0,99,0,0,0,0,2,0,0,0,0,0,13,3,0,32,6,0,22,22,0,7,1,2,3,4,1,1,0,0,0,1,3,0,0,0,6,0,5,1,1
"12.18.20",7,0,1,3,0,0,7,0,1,16,0,1,2,1,3,0,0,0,87,1,0,0,0,3,0,0,2,0,0,3,5,0,37,15,1,5,14,2,5,3,1,1,12,4,0,0,0,0,2,7,0,0,0,12,1,1,4,0
"12.19.20",1,0,3,0,0,0,1,0,0,21,0,0,2,0,2,1,0,0,64,0,0,0,0,3,0,0,7,0,0,26,1,0,4,10,0,3,27,1,27,1,0,0,19,0,2,0,0,0,2,9,2,0,0,5,0,0,0,0
"12.20.20",0,0,0,0,0,0,0,0,0,0,0,0,0,0,0,0,0,1,53,0,0,0,0,0,0,0,1,0,0,15,0,0,5,9,0,25,0,0,1,0,3,0,8,1,3,0,0,0,0,7,2,0,0,0,0,1,0,0
"12.21.20",2,0,0,0,0,0,0,0,0,0,0,1,0,0,0,0,0,0,60,0,0,0,0,0,0,0,1,0,0,2,0,0,1,4,1,18,3,0,0,1,0,1,4,0,3,0,0,0,1,7,3,0,0,0,0,2,0,2
"12.22.20",16,0,0,4,0,0,0,0,2,6,0,0,3,0,1,2,0,1,96,0,0,0,0,3,0,0,2,0,1,2,0,0,34,13,2,24,28,0,5,5,1,1,0,3,1,0,0,0,4,6,0,0,0,2,0,1,4,0
"12.23.20",3,0,0,0,0,0,10,0,2,14,0,0,1,0,3,3,0,1,134,0,0,0,0,2,0,0,0,2,1,2,6,0,13,7,0,9,39,0,10,5,0,2,9,3,2,0,0,0,2,12,0,0,0,8,0,3,0,0
"12.24.20",4,0,0,0,0,0,0,0,2,9,0,0,3,0,0,3,0,0,140,0,1,0,0,9,0,0,4,1,0,1,10,0,26,9,0,24,32,1,9,3,0,1,12,7,0,0,0,0,1,7,1,0,0,5,0,8,0,2
"12.25.20",1,0,0,0,0,0,13,0,0,16,0,0,3,1,0,0,0,0,0,1,0,0,0,1,0,0,2,0,0,0,1,0,9,8,0,13,20,0,3,0,1,2,21,0,4,0,0,0,1,9,0,0,0,8,0,6,0,1
"12.26.20",9,0,0,1,0,0,0,0,2,0,0,1,0,0,0,0,1,1,136,0,0,0,0,0,0,0,0,0,0,63,0,0,9,11,0,5,0,2,4,0,0,0,6,0,1,0,0,0,0,6,1,0,0,0,0,0,0,1
"12.27.20",0,0,0,0,0,0,0,0,0,0,0,0,0,0,1,0,0,1,44,0,1,0,0,0,0,0,0,0,0,1,4,0,2,4,0,0,0,1,0,0,0,0,1,0,3,0,1,0,1,7,0,0,0,2,0,0,0,0
"12.28.20",0,0,0,0,0,0,0,0,0,0,0,2,0,1,16,0,0,0,79,0,1,0,0,0,0,0,0,0,0,0,0,0,19,2,0,1,2,0,0,0,2,0,0,0,3,0,0,0,0,7,1,0,0,4,0,0,0,0
"12.29.20",1,0,0,12,0,0,1,0,4,9,0,0,2,0,2,0,0,0,242,0,1,0,0,8,0,0,3,2,0,1,0,1,49,7,1,5,31,0,4,3,0,0,2,2,0,0,0,0,2,6,1,0,0,15,0,5,0,0
"12.30.20",21,0,1,5,0,0,12,0,5,23,0,3,5,1,6,0,1,0,262,1,2,0,0,4,0,0,1,0,0,27,1,0,15,27,4,34,37,4,12,9,1,6,40,2,2,0,0,0,4,4,1,0,0,11,0,16,4,0
"12.31.20",6,0,0,2,0,0,0,0,0,0,0,0,5,0,2,0,0,1,291,0,0,0,0,1,0,0,2,0,0,1,0,0,39,0,0,0,62,1,12,0,2,0,4,0,2,0,0,1,0,6,0,0,0,16,0,0,0,0
"1.1.21",0,0,0,0,0,0,14,0,0,6,0,0,1,0,0,0,1,0,193,1,0,0,0,3,0,0,3,0,0,0,6,0,32,1,0,0,58,4,11,5,2,3,15,0,7,0,0,0,0,6,1,0,0,8,1,2,3,1
"1.2.21",2,0,0,0,0,0,1,0,0,0,0,0,2,0,0,0,0,1,136,1,3,0,0,1,0,0,0,1,0,26,0,0,18,10,0,6,0,7,5,1,2,0,40,0,1,0,0,0,3,3,1,0,0,1,0,1,2,2
"1.3.21",0,0,0,0,0,0,0,0,0,2,0,0,0,0,0,0,0,0,85,0,0,0,0,0,0,0,0,0,0,0,0,0,0,1,0,0,0,0,0,0,0,0,0,0,3,0,0,0,0,8,0,0,0,0,0,0,0,0
"1.4.21",2,0,0,0,0,0,1,0,0,7,0,0,0,0,6,0,1,0,79,0,0,0,4,0,0,0,21,0,0,25,0,0,58,11,0,18,6,0,0,1,2,1,7,0,2,0,0,0,0,10,3,0,0,0,0,1,0,0
"1.5.21",19,0,0,2,0,0,0,0,5,15,0,0,1,0,0,0,0,0,237,0,0,0,2,0,0,0,1,0,0,0,0,1,3,18,0,0,56,2,1,10,0,7,2,7,3,0,0,0,0,5,3,0,0,0,0,9,5,0
"1.6.21",14,0,0,3,0,0,5,0,3,11,0,0,10,0,3,0,1,0,260,0,2,0,0,2,0,0,9,3,0,17,1,0,52,21,3,19,37,3,10,9,2,5,17,4,1,0,0,2,2,3,0,6,0,10,1,16,0,4
"1.7.21",16,0,0,2,0,0,18,0,1,13,0,0,0,0,2,0,0,0,205,9,0,0,0,2,0,0,0,0,2,29,10,0,35,10,1,32,47,3,16,3,1,10,29,7,1,0,0,1,4,9,6,0,0,17,0,8,1,0
"1.8.21",14,0,0,3,0,0,5,0,0,6,0,0,15,4,16,0,0,0,309,9,0,0,1,2,0,0,2,0,0,26,17,0,28,20,0,37,33,5,21,1,3,2,14,2,4,0,0,0,1,8,3,0,0,9,5,6,1,1
"1.9.21",3,0,0,3,0,0,12,0,0,2,0,0,2,1,3,0,0,0,227,0,1,0,0,1,0,0,11,4,0,43,1,0,17,14,1,11,53,28,14,2,1,8,19,1,5,0,0,1,1,7,1,0,0,5,7,12,0,1
"1.10.21",1,0,0,1,0,0,5,0,0,2,0,0,5,0,0,0,0,0,162,0,1,0,0,1,0,0,2,0,0,50,1,0,15,12,0,22,33,3,1,1,1,3,50,0,1,0,0,0,2,7,2,2,0,1,1,13,0,0
"1.11.21",2,0,0,0,0,0,0,0,0,0,0,0,0,0,0,0,0,1,136,0,1,0,0,0,0,0,2,0,0,29,0,0,6,9,0,3,0,0,0,4,0,0,19,0,1,0,0,0,1,4,0,0,0,0,0,1,0,0
"1.12.21",25,0,2,5,0,0,1,0,5,21,0,0,4,0,2,0,1,0,318,0,1,0,0,1,0,0,1,0,0,28,0,0,44,11,1,0,41,0,0,6,0,9,27,3,3,0,0,1,0,8,2,0,1,12,1,4,4,0
"1.13.21",13,0,0,2,0,0,4,0,2,8,0,0,6,0,6,0,0,0,266,0,4,0,0,2,0,0,1,0,0,31,9,0,12,11,0,20,54,0,13,8,1,7,7,0,2,0,0,3,1,4,0,0,0,13,0,14,2,0
"1.14.21",0,0,2,3,0,0,12,0,2,10,0,0,0,0,1,0,0,0,272,0,0,0,0,0,0,0,1,2,0,16,0,0,79,11,0,0,53,0,1,6,1,3,0,0,3,0,0,0,0,5,1,0,0,11,0,9,0,0
"1.15.21",0,0,0,0,0,0,13,0,2,18,0,0,0,0,7,23,1,0,260,0,0,0,0,0,0,0,1,0,0,82,1,0,101,16,0,0,32,4,9,2,0,7,31,0,0,0,1,0,16,4,1,0,0,2,0,6,0,0
"1.16.21",0,0,0,0,0,0,15,0,0,14,0,0,0,0,7,0,2,3,253,0,3,0,0,1,0,0,0,1,0,43,4,0,48,10,0,0,28,2,28,4,0,3,12,0,1,0,0,0,1,3,1,1,0,7,0,16,0,0
"1.17.21",0,0,0,0,0,0,4,0,0,11,0,0,0,1,0,0,0,0,91,0,0,0,0,0,0,0,1,0,0,47,4,0,28,12,0,16,38,11,4,5,0,6,22,0,3,0,0,0,0,5,1,0,0,7,0,7,0,1
"1.18.21",0,0,0,0,0,0,1,0,0,0,4,0,0,0,0,10,0,0,89,0,1,0,0,0,0,0,3,0,0,0,1,0,34,1,0,0,0,4,2,1,0,0,16,0,2,0,0,0,0,7,1,1,0,0,0,3,0,1
"1.19.21",0,0,0,0,0,0,0,0,0,0,0,0,0,0,0,2,1,0,185,1,4,0,1,0,0,0,1,0,1,110,0,0,17,7,0,2,6,2,0,3,0,1,18,0,1,0,0,1,0,6,2,0,0,0,1,4,0,0
"1.20.21",12,0,1,1,0,0,13,0,6,15,0,0,0,0,7,3,0,0,294,0,2,0,0,1,0,0,1,1,0,31,4,0,30,19,0,24,65,1,1,3,2,12,30,0,2,0,0,0,0,4,0,0,0,10,0,12,6,0
"1.21.21",37,0,0,0,0,0,17,0,5,17,0,1,0,0,11,12,1,0,246,0,2,0,0,2,0,0,4,0,0,38,4,0,61,12,8,31,48,4,23,5,0,5,22,9,0,0,0,0,7,6,0,0,0,10,0,25,0,0
"1.22.21",12,0,1,3,0,0,7,0,6,3,0,0,11,0,4,1,0,0,232,0,4,0,0,45,0,0,0,0,0,1,3,0,34,10,0,17,79,0,6,3,1,3,0,4,1,0,0,1,2,7,0,0,0,4,0,6,0,0
"1.23.21",29,0,0,0,0,1,2,0,2,18,0,0,13,1,3,0,0,0,290,0,0,0,0,13,0,0,0,3,0,78,0,0,23,14,0,73,43,2,24,4,2,8,24,4,0,0,0,0,0,3,0,1,0,2,0,12,0,1
"1.24.21",0,0,0,0,0,0,1,0,0,1,0,1,1,0,0,0,0,0,78,0,0,0,1,2,0,0,1,0,0,13,0,0,28,4,0,13,31,7,2,3,0,5,23,6,2,0,0,2,1,3,3,0,0,2,0,1,0,1
"1.25.21",0,0,0,0,0,0,0,0,0,2,0,0,3,0,1,0,0,0,52,0,0,1,2,0,0,0,1,0,0,66,0,0,28,6,0,12,0,13,0,0,0,0,34,0,0,0,0,0,0,5,0,0,0,1,0,0,0,0
"1.26.21",9,0,1,3,0,0,3,0,5,10,0,0,7,0,0,0,0,0,300,0,2,0,1,4,0,0,0,0,0,64,0,0,109,9,2,23,46,0,9,7,0,4,28,1,1,0,0,1,3,4,0,0,0,1,1,9,7,0
"1.27.21",26,0,0,2,0,0,16,0,5,15,1,0,6,0,9,8,0,0,283,0,1,0,0,6,0,0,13,3,0,71,5,0,33,15,2,49,44,0,6,2,3,9,13,9,1,0,0,2,1,3,0,0,0,4,2,20,3,1
"1.28.21",18,0,0,0,0,0,18,0,3,11,0,0,13,0,9,0,0,0,230,8,3,0,0,13,0,0,6,4,1,29,0,0,50,7,0,38,69,2,1,1,2,2,35,2,2,0,0,2,0,4,2,0,0,12,0,7,0,0
"1.29.21",8,0,1,0,0,0,4,0,4,13,0,0,4,0,7,2,0,0,226,0,2,0,0,6,1,0,3,2,1,107,5,0,27,20,1,38,37,17,4,4,0,7,54,3,2,0,0,2,6,3,2,0,0,11,4,9,0,0
"1.30.21",9,0,0,1,0,1,2,0,0,2,0,0,9,0,8,0,1,0,299,0,0,0,0,1,0,0,0,0,0,43,2,0,53,15,0,27,32,9,6,5,1,5,34,1,0,0,0,2,0,5,0,1,0,9,0,9,0,1
"1.31.21",7,0,0,1,0,0,0,0,0,30,0,1,0,0,0,3,0,0,118,0,0,0,1,2,0,0,1,0,0,44,0,0,13,2,0,34,16,7,13,1,0,1,23,0,0,0,0,0,0,6,2,0,0,3,3,9,0,0
"2.1.21",1,0,0,1,0,0,0,0,0,0,0,0,0,0,0,0,0,0,87,0,3,0,0,0,0,0,0,0,0,47,0,0,18,7,0,16,0,1,0,0,1,0,13,0,0,0,0,0,0,4,0,0,0,0,0,0,0,0
"2.2.21",11,0,1,0,0,0,5,0,1,15,0,0,5,0,2,0,0,1,220,0,1,0,1,3,2,0,0,1,0,53,0,0,77,9,2,72,10,0,1,2,5,7,6,1,1,0,0,0,4,6,0,0,0,7,0,12,7,1
"2.3.21",11,0,0,3,0,1,1,0,2,6,0,2,12,0,15,0,0,0,247,0,1,0,0,3,0,0,1,1,15,37,5,0,26,10,1,64,54,1,2,5,0,11,15,4,1,0,0,1,1,7,1,0,0,15,6,12,3,0
"2.4.21",19,0,0,3,0,0,13,0,0,99,0,1,9,0,9,15,1,0,231,1,2,0,0,2,0,0,0,1,2,50,0,0,35,10,0,101,55,1,3,5,1,7,40,2,0,0,0,1,1,8,2,0,0,16,0,11,0,0
"2.5.21",17,0,0,3,0,0,10,0,0,80,0,0,1,0,8,3,0,0,217,0,1,0,0,0,0,0,2,0,6,30,1,0,5,9,0,86,39,11,19,2,1,12,17,5,0,0,0,7,3,6,0,1,0,7,0,9,1,1
"2.6.21",6,0,0,0,0,0,6,0,0,13,0,0,10,0,1,0,0,0,187,0,1,0,0,1,0,0,1,0,0,33,0,0,8,6,1,69,35,9,4,1,5,3,18,0,0,0,0,2,5,5,0,0,0,1,3,6,0,0
"2.7.21",2,0,0,2,0,0,0,0,0,0,0,0,0,0,0,2,2,0,88,0,0,0,0,0,0,0,1,0,1,46,0,0,24,9,0,23,9,2,23,0,0,3,11,0,2,0,0,1,0,4,0,0,0,7,0,9,0,0
"2.8.21",0,0,0,0,0,0,1,0,0,0,0,1,0,3,0,3,0,1,99,0,0,0,0,0,0,0,0,0,0,25,0,0,34,1,0,0,0,0,0,0,0,0,6,0,0,0,0,0,2,2,0,0,0,2,0,4,0,0
"2.9.21",12,0,2,1,0,0,16,0,1,4,0,0,1,0,1,1,0,0,221,10,3,0,0,8,0,0,2,0,0,33,9,0,33,18,2,26,32,1,8,2,3,11,7,1,1,0,0,1,8,3,0,0,0,13,0,2,12,0
"2.10.21",8,0,0,2,0,0,7,0,0,36,0,0,10,0,4,1,0,0,152,0,2,0,0,5,0,0,3,0,3,35,0,0,40,10,1,83,51,2,17,0,10,8,26,3,0,0,0,6,4,2,1,1,0,10,0,13,0,3
"2.11.21",16,0,0,0,0,0,15,0,5,8,0,0,0,2,13,5,0,0,159,1,1,0,0,4,0,0,7,0,0,42,4,2,20,11,1,78,51,5,17,3,8,11,18,0,0,0,0,1,1,4,0,3,0,10,0,10,0,0
"2.12.21",14,0,3,0,0,0,15,0,0,18,0,0,7,0,0,0,0,0,126,0,0,0,0,4,0,0,2,0,0,0,6,0,44,9,0,53,24,3,4,5,1,2,36,5,0,0,0,9,3,2,0,1,0,4,1,15,1,0
"2.13.21",21,0,0,0,0,0,9,0,1,14,0,0,0,0,10,3,1,0,189,0,1,0,0,1,0,0,4,2,0,51,0,0,24,7,0,72,30,5,2,1,23,2,27,3,0,0,0,1,1,3,1,3,0,0,0,13,0,0
"2.14.21",0,0,1,0,0,0,2,0,1,0,0,0,0,0,0,0,1,0,75,0,0,0,1,0,0,0,1,0,0,33,0,0,9,2,0,30,28,8,2,0,0,3,12,2,0,0,0,0,0,2,1,0,0,5,0,11,0,0
"2.15.21",1,0,0,0,0,0,0,0,0,1,0,0,0,0,0,0,0,0,27,0,2,2,0,0,0,0,0,0,0,0,0,0,0,0,0,16,0,1,0,2,0,1,6,0,0,0,0,0,0,3,0,0,0,0,0,0,0,0
"2.16.21",1,0,0,9,0,0,0,0,0,5,0,0,0,0,0,1,0,0,121,66,2,0,0,0,0,0,1,9,0,40,0,0,0,1,0,33,5,0,0,2,0,0,3,0,0,0,0,0,3,1,0,0,0,1,0,2,0,0
"2.17.21",5,0,0,10,0,0,4,0,0,14,0,0,0,0,3,5,0,0,165,5,2,0,0,4,0,0,1,2,5,27,0,0,20,21,1,42,57,6,0,1,5,6,1,0,0,0,0,1,2,1,0,0,0,10,0,15,7,0
"2.18.21",10,0,0,1,0,1,5,0,0,16,0,0,6,0,37,0,2,0,133,11,2,0,0,0,0,0,3,0,14,41,2,0,19,8,1,46,36,7,3,0,0,3,13,1,0,0,0,1,0,6,1,0,0,2,3,13,1,0
"2.19.21",35,0,0,1,0,0,11,0,2,7,0,0,0,0,14,0,0,0,156,0,1,0,0,4,0,0,2,1,0,41,4,0,31,17,0,51,34,1,6,0,0,5,29,0,2,0,0,0,0,2,0,0,0,8,0,8,0,0
"2.20.21",8,0,0,0,0,0,12,1,0,11,0,0,0,0,20,1,0,0,131,3,1,0,1,3,0,0,0,0,0,44,0,0,18,1,0,86,19,12,13,0,0,4,15,0,0,0,0,0,0,4,1,0,0,3,1,4,0,0
"2.21.21",6,0,0,0,0,0,0,0,0,8,0,0,0,0,12,1,0,0,84,1,1,0,1,0,0,0,0,0,0,40,2,0,5,2,0,44,2,6,0,0,0,3,5,0,0,0,0,0,0,2,0,0,0,10,0,6,0,0
"2.22.21",1,0,0,0,0,0,0,0,0,2,0,0,0,0,10,1,0,0,21,1,1,0,0,0,0,0,2,0,0,38,0,0,3,5,0,12,0,0,0,0,0,0,1,0,4,0,0,0,0,1,1,0,0,2,0,0,0,0
"2.23.21",8,0,2,0,0,0,0,0,0,5,0,0,0,0,3,2,0,0,163,0,1,0,0,2,0,0,6,1,0,0,0,0,32,11,0,24,28,0,3,0,17,3,6,2,1,0,0,4,0,4,0,0,0,6,0,12,5,0
"2.24.21",12,0,0,2,10,0,0,2,2,13,0,0,5,0,0,0,0,0,928,1,0,0,0,2,0,0,3,0,0,0,1,0,4,5,0,77,12,1,15,3,1,3,13,7,0,0,0,4,0,1,1,1,0,2,0,29,0,1
"2.25.21",11,0,0,0,15,0,23,0,0,8,1,1,32,1,25,0,0,0,109,0,0,0,0,0,0,0,1,0,0,41,0,0,43,11,0,49,30,2,28,1,0,3,3,0,1,0,0,3,0,2,0,1,0,6,0,33,0,0
"2.26.21",13,0,1,2,0,0,0,0,0,14,0,0,3,1,15,0,0,0,135,5,0,0,0,0,0,0,1,0,0,93,0,0,7,4,0,52,0,5,23,0,13,2,23,0,0,0,1,4,0,0,0,0,0,5,0,14,0,0
"2.27.21",2,0,0,0,0,0,7,0,0,9,0,0,2,1,1,0,0,0,87,0,0,0,0,1,0,0,0,1,0,0,0,0,10,6,0,66,11,0,30,3,0,1,3,0,1,0,0,0,0,3,0,0,0,0,0,6,0,0
"2.28.21",0,0,0,0,0,0,1,0,0,5,0,0,3,0,24,1,0,0,107,0,0,0,0,0,0,0,1,0,0,0,0,0,0,2,0,68,13,4,0,0,1,2,1,0,0,0,0,1,0,0,0,0,0,10,0,4,0,2
"3.1.21",0,0,0,0,0,0,0,0,0,0,0,0,0,0,26,0,0,0,32,0,0,0,0,1,0,0,1,0,0,0,0,0,17,3,0,8,19,7,0,2,0,0,0,0,0,0,0,0,0,1,0,0,0,1,0,0,0,0
"3.2.21",8,0,0,2,2,0,0,0,0,5,0,0,1,0,25,0,0,0,102,0,0,0,0,4,0,0,1,0,0,0,0,0,41,10,2,1,14,0,11,2,3,3,2,0,0,0,0,1,0,2,0,0,0,2,0,5,1,0
"3.3.21",11,0,0,2,0,0,14,0,0,5,0,0,3,0,13,6,0,0,107,4,0,0,1,4,0,0,0,1,0,0,0,0,14,8,1,60,25,2,4,0,2,5,14,0,0,0,0,0,0,1,0,0,0,0,3,42,0,0
"3.4.21",9,0,0,1,0,0,0,0,0,7,0,1,6,0,9,1,2,0,104,5,1,0,0,3,0,0,0,2,0,31,0,0,31,7,0,93,17,0,14,2,3,2,3,1,0,0,0,1,0,2,1,1,0,1,0,9,0,0
"3.5.21",5,0,0,0,0,0,3,0,0,10,0,0,5,0,13,0,0,0,136,3,0,0,0,3,0,0,0,1,0,62,0,0,15,4,0,17,12,4,4,1,4,1,22,2,1,0,0,0,0,3,0,0,0,5,0,8,0,1
"3.6.21",2,0,0,0,0,0,8,0,0,8,0,0,7,0,5,0,0,0,99,0,0,0,0,0,0,0,2,0,0,98,0,0,0,6,0,17,14,5,5,1,3,0,4,0,1,0,0,1,3,1,0,0,0,0,0,9,0,0
"3.7.21",2,0,0,0,0,0,0,0,0,2,0,0,0,0,0,0,0,0,14,0,0,0,0,0,0,0,1,0,0,53,0,0,0,1,0,19,0,10,1,0,0,1,3,1,0,0,0,0,0,0,0,0,0,1,0,3,0,0
"3.8.21",0,0,0,0,0,0,0,0,0,0,0,0,5,0,0,2,0,0,12,0,0,0,0,0,0,0,0,0,0,26,0,0,2,1,0,1,5,1,0,0,6,2,4,0,0,0,0,0,0,4,0,0,0,1,0,1,0,0
"3.9.21",6,0,0,0,0,0,4,0,0,21,0,1,12,0,0,0,0,0,63,0,0,0,0,0,0,0,1,0,0,61,0,0,38,4,0,12,15,4,11,0,1,1,0,0,1,0,0,0,0,2,1,0,0,1,0,11,0,0
"3.10.21",9,0,0,0,0,1,2,0,2,8,0,0,0,0,6,0,0,0,112,1,1,0,0,2,0,0,0,0,0,33,0,0,1,10,0,18,8,0,6,2,2,1,3,3,1,0,0,1,2,3,0,0,0,1,1,15,0,0
"3.11.21",4,0,0,0,1,0,3,1,1,10,0,0,0,0,16,4,0,0,103,2,1,0,0,0,0,0,0,0,0,33,0,0,20,3,0,28,9,2,1,0,3,1,6,1,1,0,0,1,0,2,0,0,0,4,0,11,1,0
"3.12.21",0,0,2,0,0,0,0,0,2,8,0,0,2,0,18,2,1,0,88,0,1,0,1,2,0,0,0,0,0,29,0,0,12,5,0,48,0,0,0,0,0,0,1,2,0,0,0,0,0,0,0,0,0,1,0,10,0,0
"3.13.21",4,0,0,0,0,0,3,0,0,6,0,0,0,0,5,0,0,0,42,0,0,0,1,3,0,0,3,0,0,26,0,0,0,1,0,55,22,3,0,0,0,1,24,4,0,0,0,0,0,0,1,0,0,0,0,7,0,0
"3.14.21",0,0,0,0,0,0,0,0,0,1,0,0,8,0,1,0,0,0,25,0,0,0,0,1,0,0,1,0,0,31,0,0,0,1,0,24,8,0,0,0,1,0,6,1,0,0,0,0,0,0,0,1,0,2,0,4,0,0
"3.15.21",0,0,0,0,0,0,1,0,0,0,0,0,0,0,0,1,0,0,2,0,0,0,0,0,0,0,0,0,0,21,0,0,2,1,0,8,0,1,0,0,2,0,2,0,0,0,0,0,0,3,0,0,0,0,0,0,0,0
"3.16.21",9,0,0,0,0,0,4,0,2,2,2,1,4,0,5,0,0,0,45,0,0,0,0,0,0,0,1,0,1,0,1,0,37,3,0,28,10,0,6,1,0,2,0,0,2,0,0,0,5,2,0,0,0,3,0,6,0,0
"3.17.21",8,0,0,0,0,0,1,0,0,9,0,0,2,0,17,0,0,0,60,0,0,0,0,1,0,0,0,1,7,25,3,0,32,11,0,17,8,1,1,1,0,0,7,0,0,0,0,0,1,3,1,0,0,2,0,0,0,0
"3.18.21",4,0,0,0,0,0,2,0,0,20,0,1,4,0,16,2,0,0,85,0,1,0,1,2,0,0,1,1,0,11,0,0,32,4,0,27,8,4,5,0,0,1,3,0,2,0,0,1,0,2,0,1,0,0,0,2,1,0
"3.19.21",0,0,0,0,0,0,0,0,0,0,0,0,0,0,6,0,0,0,56,0,1,0,0,2,0,0,0,0,14,14,0,0,32,5,0,0,13,0,11,0,0,1,0,0,0,0,0,0,0,0,0,0,0,0,0,2,0,0
"3.20.21",0,0,0,0,0,0,0,0,0,5,0,0,0,0,11,1,0,0,56,0,0,0,0,0,0,0,0,0,1,26,0,0,11,2,0,0,0,0,0,1,0,0,0,0,0,0,0,0,17,2,0,0,0,0,0,2,0,0
"3.21.21",0,0,0,0,0,1,1,0,0,24,0,0,4,0,32,0,0,0,19,0,0,0,0,1,0,0,0,0,0,45,0,0,9,1,0,18,3,0,2,0,0,2,32,0,0,0,0,0,1,2,1,10,0,2,0,5,0,0
"3.22.21",0,0,0,0,0,0,0,0,0,0,0,0,0,0,19,0,0,0,18,0,1,0,0,0,0,0,0,0,0,1,0,0,0,4,0,13,0,1,0,0,4,0,5,1,1,0,0,0,0,1,0,0,0,0,0,0,0,0
"3.23.21",1,0,1,2,1,1,10,0,0,19,0,0,0,0,6,1,0,0,64,0,0,0,0,2,0,0,0,1,0,27,5,0,26,3,0,27,4,0,0,0,0,1,3,0,0,0,1,6,0,1,0,1,0,1,0,5,3,0
"3.24.21",9,0,0,0,0,0,5,0,0,10,0,0,0,0,20,0,0,0,86,0,0,0,0,0,0,0,0,0,0,11,2,0,23,4,0,36,11,0,14,0,0,0,3,1,0,0,0,0,0,3,0,3,0,0,0,12,0,0
"3.25.21",7,0,0,1,0,0,2,0,0,8,0,0,0,0,19,0,0,0,57,0,0,0,0,1,0,0,1,0,0,19,2,0,20,5,0,52,11,6,0,0,0,1,17,0,1,0,0,15,0,2,0,3,0,3,0,8,0,0
"3.26.21",2,0,0,3,0,0,4,0,0,8,0,0,2,0,28,2,0,0,34,0,0,0,0,3,0,0,2,0,0,19,7,0,31,4,0,66,5,4,6,0,0,0,0,0,0,0,0,12,0,2,0,0,0,2,0,1,0,0
"3.27.21",3,0,0,0,0,0,6,0,0,5,0,0,3,0,24,0,0,0,24,0,1,0,0,3,0,0,0,0,0,27,8,0,23,4,0,37,15,2,9,0,0,0,3,0,0,0,0,27,0,1,2,0,0,0,0,3,0,0
"3.28.21",1,0,0,0,0,0,0,0,0,0,0,0,0,0,25,0,0,0,23,0,0,0,0,0,0,0,0,0,0,14,0,0,0,1,0,7,7,0,0,0,0,0,0,0,0,0,0,0,0,0,0,0,0,2,0,0,0,0
"3.29.21",0,0,0,0,0,0,0,0,0,0,0,0,0,0,23,0,0,0,0,0,0,0,0,0,0,0,0,0,0,1,0,0,1,0,0,3,0,0,0,0,0,0,0,0,0,0,0,0,0,1,0,0,0,0,0,0,1,0
"3.30.21",0,0,0,2,0,0,0,0,0,3,0,1,2,0,8,0,0,0,8,15,0,0,0,1,0,0,0,0,0,14,4,0,21,2,0,8,8,0,21,1,1,2,2,0,0,0,1,0,1,0,0,0,0,0,0,2,0,0
"3.31.21",3,0,0,0,0,0,2,0,1,7,0,0,4,0,6,0,0,0,33,0,0,0,0,0,0,0,0,0,0,4,0,0,17,3,0,13,0,0,27,0,1,2,1,0,1,0,0,3,0,3,0,0,0,1,0,11,2,2
"4.1.21",1,0,0,0,0,0,2,0,0,0,0,0,0,1,11,0,0,0,47,1,0,0,0,2,0,0,1,0,0,11,3,0,22,2,0,48,0,14,3,1,0,0,0,0,1,0,0,2,0,3,0,0,0,1,0,8,0,0
"4.2.21",1,0,0,0,0,0,3,0,0,4,0,0,0,0,13,0,0,0,45,0,0,0,0,1,0,0,2,0,0,6,1,0,20,6,0,13,13,0,6,0,0,0,8,0,1,0,0,0,0,0,0,0,0,1,0,5,0,0
"4.3.21",1,0,0,0,0,0,0,0,0,2,0,0,0,0,4,0,0,0,28,0,0,0,0,1,0,0,0,0,0,0,1,0,24,4,0,5,0,1,0,0,0,0,11,0,1,0,0,0,0,1,0,0,0,0,0,1,1,0
"4.4.21",1,0,0,0,0,0,0,0,0,0,0,0,0,0,5,0,0,0,37,0,0,0,0,0,0,0,0,0,0,0,0,0,0,0,0,1,3,0,0,0,0,0,0,0,0,0,0,0,0,1,0,0,0,0,0,0,0,0
"4.5.21",0,0,0,0,0,0,0,0,0,0,0,0,0,0,5,0,0,0,0,0,0,0,0,0,0,0,0,0,0,11,0,0,0,2,0,2,12,0,0,0,0,0,0,0,0,0,0,0,0,1,0,0,0,0,0,0,0,0
"4.6.21",4,0,0,0,0,0,0,0,0,4,0,0,3,0,1,1,0,0,1,0,2,0,0,3,0,0,0,0,0,12,0,0,27,4,1,3,2,0,10,0,0,0,7,1,0,0,0,0,0,1,0,0,0,1,0,0,0,0
"4.7.21",1,0,1,0,0,0,1,0,0,1,0,0,0,0,1,3,0,0,42,1,1,0,0,0,0,0,0,2,0,7,0,0,21,7,0,5,3,4,0,0,0,1,0,0,0,0,0,1,0,2,0,0,0,1,0,3,0,0
"4.8.21",8,0,0,0,0,0,0,0,0,0,0,0,0,0,5,0,0,0,46,0,1,0,0,0,0,0,1,0,0,19,1,0,11,17,0,12,4,1,1,0,0,0,5,0,0,0,0,0,0,1,0,0,0,1,0,0,0,0
"4.9.21",5,0,0,0,0,0,2,0,0,3,0,0,4,0,6,0,0,0,41,0,0,0,1,5,0,0,2,0,0,16,1,0,29,3,0,22,8,3,2,0,0,0,18,0,0,0,0,0,0,0,0,0,0,3,0,1,0,0
"4.10.21",1,0,0,0,0,0,1,0,0,3,0,0,0,0,0,0,0,0,36,0,0,0,0,0,0,0,2,0,0,5,0,0,11,2,0,22,13,1,7,1,0,0,0,0,0,0,0,0,0,0,0,0,0,0,0,0,0,0
"4.11.21",0,0,0,0,0,0,0,0,0,0,0,0,0,0,0,0,0,0,26,0,0,0,0,0,0,0,0,0,0,8,0,0,0,0,0,3,8,0,0,0,3,0,0,0,1,0,0,0,0,1,0,0,0,0,0,0,0,0
"4.12.21",0,0,0,0,0,0,0,0,0,0,0,0,0,0,0,0,0,0,10,0,0,0,0,0,0,0,0,0,0,0,0,0,0,0,0,1,0,8,0,0,0,0,0,0,0,0,0,0,0,0,0,0,0,0,0,0,0,0
"4.13.21",1,0,0,3,0,0,0,0,0,3,0,0,1,0,2,0,0,0,2,0,0,0,0,0,0,0,1,0,0,10,2,0,12,3,0,28,2,0,0,0,0,0,0,0,0,0,3,1,0,1,0,0,0,1,0,0,0,0
"4.14.21",8,0,0,0,0,0,3,0,0,4,0,0,0,0,0,0,0,0,48,0,0,0,0,1,0,0,0,0,0,13,0,0,10,1,0,2,25,4,0,0,0,1,0,0,0,0,0,0,0,1,0,0,0,2,0,0,0,0
"4.15.21",0,0,0,0,0,0,0,0,0,2,0,0,0,0,5,0,0,0,26,0,0,0,0,1,0,0,0,0,0,7,1,0,5,0,1,21,5,0,0,0,0,1,4,0,0,0,0,0,0,2,3,0,0,2,0,2,0,0
"4.16.21",0,0,0,0,0,0,1,0,0,1,0,0,1,0,6,0,0,0,22,0,0,0,0,1,0,0,4,0,0,17,1,0,6,2,0,6,9,7,0,0,0,0,14,1,0,0,0,0,0,0,0,0,0,1,1,5,0,0
"4.17.21",0,0,0,0,0,0,0,0,0,3,0,0,0,0,5,0,0,0,27,0,0,0,0,3,0,0,5,0,0,5,0,0,2,0,0,5,12,6,0,1,0,0,3,0,1,0,0,0,0,0,0,0,0,0,0,2,2,0
"4.18.21",0,0,0,0,0,0,0,0,0,0,0,0,0,0,0,0,0,0,25,0,0,0,0,0,0,0,0,0,0,5,0,0,0,0,0,1,0,2,1,0,0,0,0,0,2,0,0,0,0,3,0,0,0,0,0,0,0,0
"4.19.21",0,0,0,0,0,0,0,0,0,0,0,0,0,0,0,0,0,0,0,0,0,0,0,0,0,0,0,0,0,0,0,0,0,0,0,5,0,4,0,0,2,0,0,0,0,0,0,0,0,0,0,0,0,1,0,0,0,0
"4.20.21",1,0,0,0,0,0,0,0,0,4,0,0,0,0,9,0,0,0,15,0,1,0,0,0,0,0,7,0,0,4,0,0,17,2,0,8,0,0,0,0,0,0,0,0,1,0,0,4,0,3,0,0,0,0,0,0,0,0
"4.21.21",1,0,0,0,0,0,0,0,0,4,0,0,0,0,2,0,0,0,34,0,0,0,0,1,0,0,14,0,0,2,0,0,0,5,0,3,7,0,6,1,0,0,2,0,1,0,1,1,7,0,1,1,0,0,0,0,0,0
"4.22.21",4,0,0,0,0,0,0,0,0,3,0,0,1,0,2,0,0,0,34,0,0,0,0,1,0,0,0,0,0,8,0,0,10,6,0,0,3,3,0,0,0,0,8,1,0,0,0,3,0,0,0,0,0,0,0,0,5,0
"4.23.21",3,0,0,0,0,0,3,0,0,5,0,0,0,0,10,1,0,0,26,0,0,0,0,0,0,0,0,0,0,8,0,0,1,1,0,0,0,0,0,0,0,1,11,0,0,0,0,0,0,0,0,0,0,0,0,0,0,0
"4.24.21",1,0,0,0,0,0,4,0,0,0,0,0,0,0,0,0,0,0,23,0,0,0,0,0,0,0,2,0,0,6,3,0,1,1,0,0,4,0,6,0,0,1,3,0,0,0,0,0,0,3,0,0,0,0,0,3,0,0
"4.25.21",0,0,0,0,0,0,0,0,0,0,0,0,0,0,0,0,0,0,17,0,0,0,0,0,0,0,0,0,0,9,0,0,1,0,0,0,4,0,0,0,1,0,0,0,0,0,0,0,0,3,0,0,0,0,0,0,0,0
"4.26.21",0,0,0,0,0,0,0,0,0,0,0,0,0,0,0,0,0,0,0,0,0,0,0,0,0,0,0,0,0,0,0,0,0,0,0,0,0,0,0,0,1,0,0,0,0,0,0,0,0,2,0,0,0,0,0,0,0,0
"4.27.21",3,0,0,0,0,0,2,0,0,1,0,0,0,0,0,0,0,0,2,4,0,0,0,0,0,0,0,1,0,6,0,0,4,2,0,3,0,1,0,0,1,0,1,0,0,0,0,1,0,3,0,0,0,1,0,1,0,0
"4.28.21",0,0,0,0,0,0,4,0,1,3,0,1,0,0,3,1,0,0,29,0,0,0,0,0,0,0,0,0,0,5,0,0,2,2,0,7,6,1,0,0,0,0,0,0,0,0,0,0,0,0,0,0,0,0,0,0,0,0
"4.29.21",3,0,0,0,0,0,0,0,0,1,0,0,0,0,1,0,0,0,39,0,1,0,0,1,0,0,0,0,0,4,1,0,2,2,0,27,2,3,0,0,0,0,15,0,1,0,0,0,0,0,0,0,0,0,0,2,0,0
"4.30.21",5,0,0,1,0,0,5,0,3,3,0,0,1,0,4,1,0,0,27,0,0,0,0,0,0,0,0,0,0,9,1,0,3,3,0,31,2,1,5,0,22,3,4,2,0,0,0,1,0,0,0,0,0,4,3,2,3,0
"5.1.21",2,0,0,1,0,0,0,0,0,8,0,0,0,0,1,0,0,0,20,0,0,0,0,0,0,0,0,0,0,8,0,0,0,6,0,12,4,3,19,0,31,2,0,0,0,0,0,0,0,1,0,0,0,0,0,1,0,0
"5.2.21",2,0,0,0,0,0,0,0,0,0,0,0,0,0,0,0,0,0,27,0,0,0,0,0,0,0,1,0,0,4,0,0,0,0,0,3,6,0,0,0,1,0,0,0,0,0,0,0,0,0,1,0,0,0,0,0,0,0
"5.3.21",0,0,0,0,0,0,0,0,0,0,0,0,0,0,0,0,0,0,0,0,0,0,0,0,0,0,0,0,0,0,0,0,0,0,0,4,0,0,0,0,1,0,0,0,0,0,0,0,0,2,0,0,0,0,0,0,0,0
"5.4.21",5,0,0,0,2,0,0,0,0,0,0,0,0,0,4,0,0,0,0,0,0,0,0,0,0,0,0,0,0,9,0,0,0,2,0,9,1,0,17,0,2,0,0,0,1,0,0,0,0,1,0,0,0,0,0,0,0,0
"5.5.21",1,0,0,0,0,0,3,0,1,2,0,0,0,0,3,0,0,0,11,0,0,0,0,0,0,0,0,0,0,1,0,0,2,3,0,9,3,2,3,1,0,0,4,0,0,0,0,0,0,0,0,0,0,0,2,0,1,0
"5.6.21",0,0,0,0,0,0,0,0,1,0,0,0,0,0,6,0,0,0,20,3,0,0,0,0,0,0,0,0,0,13,0,0,8,2,0,6,0,0,5,0,9,0,9,0,0,0,1,0,0,1,0,0,0,0,0,0,0,2
"5.7.21",2,0,0,1,0,0,1,2,0,4,0,0,0,0,0,0,0,0,14,0,0,0,0,2,0,0,0,0,0,8,0,0,4,0,0,14,2,0,1,0,0,0,1,0,0,0,1,0,0,2,0,4,0,1,0,3,0,0
"5.8.21",4,0,0,0,0,0,0,0,1,0,0,0,0,0,6,0,0,0,17,0,0,0,0,2,0,0,0,0,0,5,0,0,1,1,0,10,7,0,5,0,0,3,1,0,0,0,0,0,0,0,0,5,0,0,0,0,0,0
"5.9.21",0,0,0,0,0,0,2,0,0,0,0,0,1,0,0,0,0,0,14,0,0,0,0,0,0,0,0,0,0,3,0,0,0,2,0,0,0,0,0,0,0,0,0,0,0,0,0,1,0,0,0,0,0,0,0,0,0,0
"5.10.21",0,0,0,0,0,0,0,0,0,0,0,0,0,0,0,0,0,0,4,0,0,0,0,0,0,0,0,0,0,0,0,0,0,1,0,0,0,0,0,0,0,0,0,0,0,0,0,0,0,0,0,0,0,0,0,0,0,0
"5.11.21",6,0,0,0,0,0,0,0,0,2,0,1,0,0,0,0,0,0,4,0,0,0,0,1,0,0,0,0,0,9,0,0,2,3,0,0,0,0,0,0,1,0,2,0,0,0,0,0,0,1,1,0,0,0,0,0,1,0
"5.12.21",0,0,0,0,1,0,0,0,0,2,0,0,4,0,0,0,0,0,18,0,0,0,0,1,0,0,0,1,0,6,1,0,2,5,0,8,4,1,0,0,1,0,0,0,1,0,0,2,2,0,0,0,0,1,0,2,0,1
"5.13.21",0,0,0,0,0,0,0,0,0,0,0,0,3,0,1,0,0,0,19,0,0,0,0,0,0,0,0,0,0,3,0,0,2,5,0,7,0,0,1,0,0,0,8,1,1,0,1,0,1,1,0,1,0,0,0,2,0,0
"5.14.21",0,0,0,0,0,0,0,0,0,0,0,0,0,0,0,0,0,0,16,0,0,0,0,0,0,0,0,0,0,2,0,0,0,1,0,0,3,1,2,0,2,0,1,0,0,0,0,0,0,1,1,0,0,0,0,2,0,0
"5.15.21",0,0,0,0,0,0,0,0,0,2,0,5,0,0,2,0,0,0,18,0,0,0,0,0,0,0,0,0,0,2,1,0,0,1,0,2,5,1,0,0,0,3,2,0,0,0,1,1,0,0,0,0,0,0,0,3,1,2
"5.16.21",0,0,0,0,0,0,0,0,0,0,0,0,0,0,0,0,0,0,14,0,0,0,0,0,0,0,0,0,0,1,0,0,0,0,0,0,5,0,0,0,0,0,0,0,0,0,0,0,0,2,0,0,0,0,1,0,0,0
"5.17.21",0,0,0,0,0,0,0,0,0,0,0,0,0,0,0,0,0,0,5,0,0,0,0,0,0,0,0,0,0,0,0,0,0,1,0,0,0,0,0,0,0,0,0,0,0,0,0,0,0,0,0,0,0,0,0,0,0,0
"5.18.21",0,0,0,0,1,0,2,0,0,0,0,0,1,0,0,1,0,0,3,0,0,0,1,2,0,0,0,0,0,0,2,0,5,0,0,0,0,0,9,0,0,0,0,0,0,0,1,0,0,2,0,0,0,0,0,0,0,0
"5.19.21",0,0,0,0,0,1,0,0,0,3,0,0,2,0,3,0,0,0,10,0,0,0,0,0,0,0,0,0,0,3,0,0,4,0,0,1,4,0,1,0,1,0,0,0,0,0,0,0,0,0,0,0,0,0,0,2,0,0
"5.20.21",0,0,0,0,0,0,1,0,0,3,0,0,0,0,0,0,0,0,10,0,0,0,0,2,0,0,0,0,0,4,1,0,0,0,0,3,3,0,2,0,3,0,13,0,0,0,0,0,0,0,0,0,0,0,1,0,0,0
"5.21.21",0,0,0,0,0,0,1,0,0,2,0,0,0,0,1,0,0,0,25,0,0,0,0,1,0,0,0,0,0,4,0,0,0,3,0,16,0,0,0,0,0,0,0,0,0,0,0,1,0,0,0,0,0,0,0,2,2,0
"5.22.21",0,0,0,0,0,0,0,0,0,0,0,0,3,0,3,0,0,0,12,1,0,0,0,0,0,0,0,0,0,5,0,0,0,0,0,3,2,1,0,0,1,0,1,0,0,0,1,0,0,0,0,0,0,0,0,1,0,0
"5.23.21",0,0,0,0,0,0,0,0,0,0,0,0,0,0,0,0,0,0,12,0,0,0,0,0,0,0,0,0,0,2,0,0,0,0,0,0,0,0,0,0,0,0,0,0,1,0,0,0,0,0,0,0,0,0,0,0,0,0
"5.24.21",0,0,0,0,0,0,0,0,0,0,0,0,0,0,0,0,0,0,5,0,0,0,0,0,0,0,0,0,0,3,0,0,0,0,0,0,0,0,0,0,0,0,0,0,0,0,0,0,0,2,0,0,0,0,0,0,0,0
"5.25.21",0,0,0,0,1,0,0,0,0,3,0,0,0,0,2,0,1,0,4,1,0,0,0,0,0,0,0,0,0,4,0,0,1,1,0,8,2,0,16,0,2,0,2,0,0,0,1,2,0,3,0,0,0,0,1,0,0,0
"5.26.21",0,0,0,0,0,0,2,0,0,1,1,0,0,0,0,0,1,0,11,0,0,0,0,0,0,0,0,0,0,1,1,0,0,4,0,0,2,0,1,0,1,0,0,0,1,0,0,1,0,0,0,0,0,1,0,1,0,0
"5.27.21",0,0,0,0,0,0,1,0,0,2,0,0,1,0,1,0,0,0,111,0,1,0,0,0,0,0,0,0,0,1,0,0,0,5,0,1,1,0,0,0,0,0,21,0,0,0,0,0,0,0,0,0,0,1,0,0,0,0
"5.28.21",0,0,0,0,0,0,0,0,0,1,0,0,0,0,2,0,0,0,25,0,0,0,0,0,0,0,0,0,0,1,0,0,0,0,0,1,0,0,0,0,3,0,3,0,1,0,1,0,0,0,0,0,0,6,0,0,0,0
"5.29.21",0,0,0,0,0,0,0,0,0,1,0,0,0,0,1,0,0,0,9,0,0,0,0,1,0,0,0,0,0,4,0,0,0,1,0,0,0,3,0,0,0,0,0,0,0,0,2,0,1,1,0,0,0,0,0,0,0,0
"5.30.21",0,0,0,0,0,0,0,0,0,0,0,0,0,0,0,0,0,0,2,0,0,0,0,0,0,0,0,0,0,2,0,0,0,1,0,1,0,0,0,0,0,0,1,0,0,0,0,0,0,0,0,0,0,0,0,0,0,0
"5.31.21",0,0,0,0,0,0,0,0,0,0,0,0,0,0,0,0,0,0,1,0,0,0,0,0,0,0,0,0,0,0,0,0,0,0,0,0,0,0,0,0,3,0,0,0,0,0,0,0,0,0,0,0,0,0,0,0,0,0
"6.1.21",0,0,0,0,0,0,0,0,0,0,0,0,0,0,0,0,0,0,4,0,0,0,0,0,0,0,0,0,0,0,0,0,0,0,0,0,0,0,0,0,20,0,0,0,0,0,0,0,0,0,0,0,0,0,0,0,0,0
"6.2.21",0,0,0,0,0,0,1,0,0,1,1,0,2,0,5,0,0,0,3,0,0,0,0,2,0,0,0,0,0,3,0,0,2,5,0,2,4,0,0,0,2,0,1,0,0,0,0,0,0,0,0,0,0,0,0,0,0,0
"6.3.21",0,0,0,0,0,0,2,0,0,2,0,0,0,0,0,0,0,0,8,0,1,0,0,1,0,0,35,0,0,2,0,0,2,5,0,2,1,1,0,0,3,0,0,0,0,0,0,0,0,0,0,0,0,2,0,0,0,0
"6.4.21",0,0,0,0,0,0,0,0,0,3,0,0,0,0,2,0,0,0,11,0,0,0,0,0,0,0,0,0,0,3,0,0,5,0,0,6,2,0,0,0,11,0,7,0,0,0,0,0,1,0,0,0,0,0,0,0,0,0
"6.5.21",0,0,0,0,0,0,1,0,0,5,0,0,0,0,2,0,0,0,14,0,0,0,0,0,0,0,0,0,0,5,0,0,0,1,0,4,1,1,0,0,186,0,1,0,0,0,0,0,0,0,0,0,0,0,0,2,0,0
"6.6.21",0,0,0,0,0,0,0,0,0,0,0,0,0,0,0,0,0,0,11,0,0,0,0,0,0,0,0,0,0,5,0,0,0,0,0,1,0,0,0,0,0,0,0,0,0,0,0,1,0,1,0,0,0,0,0,0,0,0
"6.7.21",0,0,0,0,0,0,0,0,0,0,0,0,0,0,0,0,0,0,0,0,0,0,0,0,0,0,0,0,0,0,0,0,0,0,0,2,0,0,0,0,0,0,0,0,0,0,0,0,0,0,0,0,0,0,0,0,0,0
"6.8.21",0,0,0,0,0,0,0,0,0,0,0,0,0,0,1,0,0,0,2,0,0,0,0,2,0,0,0,0,0,5,0,0,0,0,0,3,0,0,2,0,0,0,2,0,0,0,0,1,0,0,0,0,0,0,0,1,0,1
"6.9.21",0,0,0,0,0,0,0,0,0,0,0,0,1,0,1,0,0,0,13,0,0,0,0,0,0,0,0,0,0,2,0,0,0,2,0,4,1,0,2,0,2,1,0,0,0,0,4,5,0,0,0,0,0,0,0,0,0,0
"6.10.21",0,0,0,0,0,0,0,0,0,0,0,0,0,0,0,0,0,0,6,0,0,0,1,0,0,0,0,0,0,2,0,0,0,1,0,0,1,0,1,0,0,0,7,0,0,0,0,1,0,1,0,0,0,0,0,0,0,0
"6.11.21",0,0,0,0,0,0,0,0,0,3,0,0,2,0,0,0,0,0,8,0,0,0,1,0,0,0,0,0,0,5,1,0,0,1,0,6,2,3,4,0,0,0,8,0,0,0,0,1,0,0,0,0,0,0,0,0,0,0
"6.12.21",0,0,0,0,0,0,0,0,0,0,0,0,0,0,0,0,0,0,0,0,0,0,0,0,0,0,0,0,0,4,1,0,1,0,0,0,2,0,1,0,0,0,2,0,0,0,0,0,0,0,0,0,0,0,0,2,0,0
"6.13.21",0,0,0,0,0,0,0,0,0,0,0,0,0,0,0,0,0,0,0,0,0,0,0,0,0,0,0,0,0,2,0,0,0,0,0,0,0,0,0,0,0,0,0,0,0,0,1,0,0,0,0,0,0,0,0,0,0,0
"6.14.21",0,0,0,0,0,0,0,0,0,0,0,0,0,0,0,0,0,1,0,0,0,0,0,0,0,0,0,0,0,0,3,0,0,2,0,2,0,0,0,0,0,0,0,0,0,0,0,0,0,0,0,0,0,0,0,0,0,0
"6.15.21",0,0,0,0,0,0,0,0,0,2,0,0,0,0,1,0,0,0,0,0,0,0,0,0,0,0,1,0,0,0,0,0,2,1,0,0,0,0,1,1,0,0,1,0,0,0,0,0,0,2,0,0,0,0,0,1,0,1
"6.16.21",0,0,0,0,0,0,0,0,0,0,0,0,0,0,0,0,0,0,0,0,0,0,0,2,0,0,0,0,0,2,0,0,2,3,0,7,0,0,0,0,0,0,1,0,0,0,0,0,0,0,0,0,0,1,0,0,0,0
"6.17.21",0,0,0,0,0,0,0,0,0,0,0,0,0,0,0,0,0,0,0,1,0,0,0,1,0,0,0,0,0,4,0,0,1,1,0,14,0,1,4,0,0,0,6,0,1,0,1,0,0,0,0,0,0,0,0,1,0,0
"6.18.21",0,0,0,0,0,0,0,0,0,0,0,0,0,0,1,0,0,0,4,0,0,0,0,0,0,0,11,0,0,0,0,0,0,3,0,15,1,0,0,0,0,0,0,0,0,0,0,0,0,0,0,0,0,0,0,1,0,0
"6.19.21",0,0,0,0,0,0,0,0,0,2,0,0,0,0,2,0,0,0,7,0,0,0,0,1,0,0,0,0,0,0,0,0,0,0,0,18,0,0,2,0,0,0,0,0,0,0,0,0,0,0,0,0,0,0,0,0,0,0
"6.20.21",0,0,0,0,0,0,0,0,0,0,0,0,0,0,0,0,0,0,3,0,0,0,0,0,0,0,0,0,0,3,0,0,0,0,0,1,0,0,0,0,0,0,0,0,0,0,0,0,0,0,0,0,0,0,0,0,0,0
"6.21.21",0,0,0,0,0,0,0,0,0,0,0,0,0,0,0,0,0,0,2,0,0,0,0,0,0,0,0,0,0,1,0,0,0,0,0,5,0,0,0,0,0,0,0,0,1,0,0,0,0,1,0,0,0,0,0,0,0,0
"6.22.21",0,0,0,0,0,0,0,0,0,0,0,0,0,0,0,0,0,0,3,0,0,0,0,0,0,0,0,0,0,0,1,0,0,1,0,23,0,0,0,0,0,0,2,1,0,0,1,1,0,1,0,0,0,1,0,1,0,0
"6.23.21",0,0,0,0,0,0,0,0,2,0,1,6,0,0,1,0,8,0,2,0,0,0,0,0,0,0,12,0,0,1,0,0,4,1,0,13,6,3,0,0,0,0,3,0,0,0,0,0,0,0,0,0,0,0,0,0,0,0
"6.24.21",0,0,0,0,0,0,0,0,0,3,0,1,0,0,0,0,3,0,11,0,2,0,0,1,0,0,12,0,0,2,0,0,11,1,0,12,1,0,3,0,0,0,5,0,1,0,0,0,0,1,0,0,0,0,0,0,0,0
"6.25.21",0,0,0,0,0,0,0,0,0,0,0,0,0,0,0,0,0,0,8,0,0,0,0,1,0,0,11,0,0,1,0,0,17,1,0,13,1,0,2,0,0,0,0,0,0,0,1,0,0,1,1,0,0,0,0,0,0,0
"6.26.21",0,0,0,0,0,0,0,0,0,0,0,0,0,0,0,0,0,0,3,0,0,0,0,2,0,0,0,0,0,2,0,0,15,2,0,17,1,0,1,0,0,0,0,0,0,0,0,0,0,3,0,0,0,0,0,0,0,0
"6.27.21",0,0,0,0,0,0,0,0,0,0,0,0,0,0,0,0,0,0,7,0,0,0,0,0,0,0,0,0,0,4,0,0,2,0,0,0,0,0,0,0,0,0,0,0,0,0,0,0,0,0,0,0,0,0,0,0,0,0
"6.28.21",0,0,0,0,0,0,0,0,0,0,0,0,0,0,1,0,0,0,3,0,0,0,0,0,0,0,0,0,0,0,0,0,0,0,0,0,0,0,0,0,0,0,0,0,0,0,0,0,0,0,0,0,0,0,0,0,0,0
"6.29.21",0,0,0,2,0,0,0,0,0,0,0,0,0,0,0,0,0,0,3,0,0,0,0,0,0,0,9,0,0,0,0,0,17,2,0,12,0,0,0,0,0,0,0,0,0,0,0,1,0,0,0,0,0,2,0,0,0,0
"6.30.21",0,0,0,0,0,0,1,0,0,0,0,0,0,0,1,0,0,0,2,0,0,0,0,0,1,0,21,0,0,1,0,0,11,0,0,35,0,0,0,0,0,0,0,0,0,0,0,0,0,0,0,0,0,1,0,0,0,0
"7.1.21",0,0,0,0,0,0,0,0,0,0,0,0,0,0,0,0,6,0,1,0,1,0,0,0,0,0,0,0,0,1,0,0,1,0,0,28,0,0,0,0,0,0,0,0,0,0,0,0,0,0,0,0,0,0,0,1,0,0
"7.2.21",0,0,0,0,0,0,0,0,0,0,0,0,0,0,1,0,0,0,7,0,0,0,0,0,0,0,0,0,0,1,0,0,0,0,0,0,0,0,0,0,0,0,0,0,0,0,0,0,0,0,0,0,0,0,0,0,0,0
"7.3.21",0,0,0,0,0,0,0,0,0,0,0,0,0,0,0,0,0,0,0,0,0,0,0,0,0,0,0,0,0,0,0,0,0,0,0,0,0,0,0,0,0,0,0,0,0,0,0,0,0,0,0,0,0,0,0,0,0,0
"7.4.21",0,0,0,0,0,0,0,0,0,0,0,0,0,0,0,0,0,0,0,0,0,0,0,0,0,0,0,0,0,0,0,0,0,0,0,0,0,0,0,0,0,0,0,0,0,0,0,0,0,0,0,0,0,0,0,0,0,0
"7.5.21",0,0,1,0,0,1,2,0,0,0,0,0,0,0,0,0,1,0,0,0,0,0,0,1,0,0,2,0,0,0,3,0,3,2,0,34,0,0,0,0,0,0,0,0,0,0,0,0,0,1,0,0,0,0,0,0,0,0
"7.6.21",0,0,0,0,0,0,0,0,0,0,0,0,0,0,0,0,0,0,16,0,0,0,0,0,0,0,0,0,0,3,0,0,0,0,0,19,2,0,0,0,0,0,0,0,1,0,0,0,0,0,0,0,0,0,0,0,0,0
"7.7.21",0,0,0,1,2,0,1,0,0,2,0,2,0,0,1,0,0,0,3,0,0,0,0,0,0,0,0,0,0,0,0,0,0,3,0,31,0,0,0,1,0,0,0,0,1,0,0,0,0,1,0,0,0,0,0,3,0,0
"7.8.21",0,0,0,0,0,0,0,0,0,1,0,0,0,0,0,0,0,0,6,0,0,0,0,0,0,0,5,0,0,3,0,0,2,0,0,30,1,0,1,0,0,0,0,0,0,0,0,0,0,0,0,0,0,0,0,3,0,1
"7.9.21",0,0,0,0,0,0,0,0,0,0,0,0,0,0,0,0,0,0,11,0,0,0,0,0,0,0,0,0,0,3,0,0,0,0,0,0,1,0,0,0,0,0,0,0,0,0,0,0,0,1,0,0,0,0,0,0,0,0
"7.10.21",0,0,0,0,0,0,0,0,0,0,0,0,0,0,0,0,0,0,0,0,0,0,0,0,0,0,0,0,0,0,0,0,0,0,0,0,0,0,0,0,0,0,0,0,0,0,0,0,0,1,0,0,0,0,0,0,0,0
"7.11.21",0,0,0,0,0,0,2,0,0,0,0,0,0,0,0,0,0,0,0,0,0,0,0,1,0,0,5,0,0,0,0,0,0,3,0,50,0,0,3,0,0,1,0,0,0,0,0,0,0,0,0,0,0,0,0,1,0,0
"7.12.21",0,0,0,0,0,0,0,0,0,0,0,0,0,0,3,0,0,0,16,0,0,0,0,0,0,0,0,0,0,1,0,0,0,0,0,4,1,0,0,0,0,0,0,0,1,0,0,0,0,0,0,0,0,0,0,0,0,0
"7.13.21",0,0,1,0,0,0,0,0,0,0,0,0,0,0,0,0,0,0,1,0,0,0,0,0,0,0,0,0,0,0,1,0,0,2,0,12,0,0,2,0,0,0,0,0,0,0,0,0,0,0,0,1,0,0,0,0,0,0
"7.14.21",0,0,0,0,0,0,0,0,0,0,0,1,1,0,1,0,0,0,10,0,0,0,0,0,0,0,0,0,0,0,0,0,1,1,0,10,0,0,0,0,0,0,0,0,0,0,0,0,0,1,0,0,0,0,0,0,0,0
"7.15.21",0,0,0,0,0,0,1,0,0,0,0,0,0,0,0,0,1,0,9,0,1,0,0,0,1,0,11,0,0,1,0,0,0,6,0,25,1,1,13,0,0,0,0,0,0,0,0,0,0,0,0,0,0,1,0,1,0,0
"7.16.21",0,0,0,0,0,0,0,0,0,0,0,0,0,0,1,0,0,0,4,0,0,0,0,0,0,0,0,0,0,0,0,0,0,0,0,0,0,0,0,0,0,0,0,0,0,0,0,0,0,0,0,0,0,0,0,0,0,0
"7.17.21",0,0,0,0,0,0,0,0,0,0,0,0,0,0,0,0,0,0,0,0,0,0,0,0,0,0,0,0,0,0,0,0,0,0,0,0,0,0,0,0,0,0,0,0,0,0,0,0,0,0,0,0,0,0,0,0,0,0
"7.18.21",0,0,0,0,0,0,1,0,0,1,0,0,0,0,0,0,0,0,1,3,0,0,0,0,0,0,0,0,0,0,0,0,1,2,0,15,0,0,1,1,0,0,0,0,0,0,2,0,2,0,0,1,0,1,0,0,0,0
"7.19.21",0,0,0,0,0,0,0,0,0,0,0,0,0,0,2,0,0,0,15,0,0,0,0,1,0,0,0,0,0,1,0,0,0,0,0,2,0,0,0,0,0,0,0,0,0,0,0,0,0,0,0,0,0,0,0,0,0,0
"7.20.21",0,0,0,1,0,0,0,0,1,5,0,0,0,0,0,0,0,0,2,1,0,0,0,1,0,0,0,0,0,0,0,0,0,0,0,0,0,0,2,0,0,1,0,0,0,0,0,0,1,0,0,0,0,0,0,0,0,0
"7.21.21",0,0,0,0,0,0,2,0,0,0,0,0,0,2,0,0,0,0,3,0,4,0,0,0,0,0,0,0,0,1,0,0,9,0,0,0,1,0,1,1,0,3,0,0,0,0,0,0,1,1,0,0,0,0,0,0,0,0
"7.22.21",0,0,0,0,0,0,3,0,0,0,0,0,0,0,0,0,0,0,6,0,0,0,0,0,0,0,6,0,0,0,0,0,0,2,0,1,1,1,2,0,0,0,0,0,1,0,0,0,0,0,1,0,0,0,0,0,1,0
"7.23.21",0,0,0,0,0,0,0,0,0,0,0,0,0,0,1,0,0,0,14,0,0,0,0,0,0,0,0,0,0,2,0,0,0,0,0,0,5,0,0,0,0,0,0,0,0,0,0,0,0,1,0,0,0,0,0,0,0,0
"7.24.21",0,0,0,0,0,0,0,0,0,0,0,0,0,0,0,0,0,0,1,0,0,0,0,0,0,0,0,0,0,0,0,0,0,0,0,0,0,0,0,0,0,0,0,0,0,0,0,0,0,1,0,0,0,0,0,0,0,0
"7.25.21",0,0,0,0,0,0,0,0,0,6,0,0,1,0,0,0,1,0,4,0,1,0,0,0,0,0,0,0,0,0,1,1,1,6,0,1,0,0,4,0,0,2,0,0,1,0,0,0,1,4,0,1,0,0,0,0,1,0
"7.26.21",0,0,0,0,0,0,0,0,0,0,0,0,0,0,2,0,0,0,15,0,0,0,0,0,0,0,0,0,0,1,0,0,0,1,0,0,0,0,0,0,0,0,0,0,1,0,0,0,0,1,0,0,0,0,0,0,0,0
"7.27.21",0,0,0,2,0,0,0,0,0,4,0,0,0,0,1,1,0,0,4,0,0,0,0,0,0,0,2,0,0,0,2,0,1,5,0,0,5,0,2,0,0,0,0,0,0,0,0,0,0,1,0,0,0,0,0,2,0,0
"7.28.21",0,0,0,0,0,0,2,0,0,0,0,0,0,0,0,0,0,0,11,0,0,0,0,1,0,0,1,0,0,1,0,0,0,4,0,0,0,0,1,0,0,0,0,0,0,0,0,0,0,0,11,0,0,0,0,0,0,0
"7.29.21",0,0,0,0,0,0,0,0,0,0,0,0,0,0,5,0,1,0,19,0,0,0,0,0,0,0,1,0,0,0,0,0,0,6,0,3,0,1,0,0,0,0,0,0,0,0,0,0,1,1,1,0,0,0,0,1,0,0
"7.30.21",0,0,0,0,0,0,0,0,0,0,0,0,0,0,0,0,0,0,14,0,0,0,0,0,0,0,0,0,0,1,0,0,0,0,0,0,0,0,0,0,0,0,0,0,0,0,0,0,0,0,0,0,0,0,0,0,0,0
"7.31.21",0,0,0,0,0,0,0,0,0,0,0,0,0,0,0,0,0,0,0,0,0,0,0,0,0,0,0,0,0,0,0,0,0,0,0,0,0,0,0,0,0,0,0,0,0,0,0,0,0,0,0,0,0,0,0,0,0,0
"8.1.21",0,0,0,0,0,0,4,0,0,0,0,0,0,0,0,1,0,0,0,0,0,0,0,0,0,0,0,0,0,0,0,0,8,7,0,8,0,0,18,1,0,2,80,0,0,0,0,0,1,0,0,0,0,0,0,0,0,0
"8.2.21",0,0,0,0,0,0,0,0,0,0,0,0,0,0,1,0,0,0,9,0,0,0,0,0,0,0,0,0,0,2,0,0,0,1,0,5,0,0,0,0,0,0,0,0,0,0,0,0,0,1,0,0,0,0,0,0,0,0
"8.3.21",0,0,0,0,0,0,0,0,1,0,0,0,2,0,1,0,0,0,5,0,4,0,0,2,0,0,0,0,0,0,0,0,0,4,0,12,5,0,0,3,0,0,0,0,0,0,1,0,0,0,0,0,0,0,0,2,0,0
"8.4.21",0,0,0,0,0,0,4,0,0,1,0,0,0,0,1,1,0,0,16,0,0,0,0,0,0,0,1,0,0,0,0,0,0,4,0,20,2,0,5,0,0,1,0,0,0,0,0,0,0,1,0,0,0,0,0,1,0,0
"8.5.21",0,0,0,1,0,0,0,0,0,0,0,0,0,0,0,0,0,0,19,0,0,0,0,1,0,0,1,1,0,0,0,0,0,3,0,0,1,2,2,0,0,0,2,0,0,0,0,0,0,1,0,0,0,0,0,0,3,0
"8.6.21",0,0,0,0,0,0,0,0,0,0,0,0,0,1,1,0,0,0,16,0,0,0,0,0,0,0,0,0,0,3,0,0,0,1,0,1,4,1,1,0,0,0,0,0,0,0,0,0,3,2,1,0,0,0,0,0,0,0
"8.7.21",0,0,0,0,0,0,0,0,0,0,0,0,0,0,0,0,0,0,16,0,0,0,0,0,0,0,0,0,0,2,0,0,0,4,0,9,1,0,0,0,0,0,3,0,1,0,0,0,0,0,1,0,0,0,0,0,0,0
"8.8.21",0,0,0,0,0,0,0,0,0,0,0,0,0,0,0,0,0,0,14,0,0,0,0,0,0,0,0,0,0,2,0,0,0,0,0,0,0,0,0,0,0,0,0,0,0,0,0,0,0,1,0,0,0,0,0,0,0,0
"8.9.21",0,0,0,0,0,0,0,0,0,0,0,0,0,0,0,0,0,0,7,0,0,0,0,0,0,0,0,0,0,0,0,0,0,4,0,0,0,0,0,0,0,0,0,0,0,0,0,0,0,2,0,0,0,0,0,0,0,0
"8.10.21",0,0,1,0,0,0,0,0,0,0,0,0,0,0,0,1,1,1,13,0,0,0,0,0,0,0,0,0,0,0,0,0,2,7,1,0,4,0,9,0,0,2,0,0,1,0,1,0,0,2,1,0,0,0,0,4,0,0
"8.11.21",0,0,0,0,0,0,3,0,2,4,0,0,0,0,4,0,1,0,27,0,0,0,0,2,0,0,0,0,0,2,0,0,6,2,0,1,3,0,0,0,0,0,0,0,3,0,0,0,0,2,0,0,0,0,0,0,0,1
"8.12.21",0,0,0,0,0,1,3,0,0,2,0,0,0,0,1,1,0,0,21,1,0,0,0,1,0,0,0,0,0,0,0,0,5,1,0,1,3,0,1,0,0,1,0,0,0,0,0,0,0,2,0,0,0,1,0,1,6,0
"8.13.21",0,0,0,0,0,0,2,0,0,0,0,0,0,0,0,1,0,0,20,0,0,0,0,0,0,0,0,0,0,3,0,0,6,0,0,4,0,2,2,1,0,1,0,0,0,0,0,0,0,3,0,0,0,0,0,0,1,0
"8.14.21",0,0,0,0,0,0,0,0,0,0,0,0,1,0,0,1,0,0,18,0,0,0,0,1,0,0,0,0,0,1,0,0,1,0,0,0,3,0,7,0,0,1,0,0,0,0,0,0,0,0,0,0,0,0,0,0,0,0
"8.15.21",0,0,0,0,0,0,0,0,0,0,0,0,0,0,0,0,0,0,19,0,0,0,0,0,0,0,0,0,0,2,0,0,0,3,0,0,0,0,0,0,0,0,0,0,1,0,0,0,0,2,0,0,0,0,0,0,0,0
"8.16.21",0,0,1,0,0,0,0,0,0,0,0,0,0,0,2,0,0,0,7,0,0,0,0,0,0,0,0,0,0,0,0,0,0,1,0,0,0,0,0,0,0,0,0,0,1,0,0,0,0,2,0,0,0,0,0,0,0,0
"8.17.21",0,0,0,0,2,0,0,0,0,2,0,0,0,0,0,0,0,0,17,0,0,1,2,1,1,0,1,0,0,0,6,0,0,12,0,1,0,0,1,3,0,0,0,0,0,0,0,1,0,2,0,0,0,0,0,1,0,0
"8.18.21",4,0,0,2,0,0,3,0,0,4,0,0,0,0,5,2,1,0,32,0,0,0,0,2,0,0,4,0,0,4,0,0,3,7,0,2,10,1,2,2,0,0,0,0,1,0,0,2,0,0,0,0,0,0,0,2,0,0
"8.19.21",0,0,0,3,0,0,1,0,0,0,0,0,1,0,2,0,0,1,35,0,0,0,0,2,0,0,6,0,0,4,1,0,4,20,0,14,5,3,0,1,0,2,0,0,2,0,0,2,3,1,3,0,0,0,0,5,0,0
"8.20.21",0,0,0,0,0,0,5,0,0,0,0,0,0,0,2,0,0,0,30,0,0,2,0,0,0,0,0,0,0,7,0,0,5,0,0,4,7,2,5,2,0,0,0,0,2,0,0,4,0,4,0,0,0,0,7,1,0,1
"8.21.21",0,0,0,0,0,0,0,0,0,0,0,0,1,0,0,1,0,0,29,0,0,0,0,2,0,0,0,2,0,3,1,0,0,8,0,2,2,0,2,0,0,1,0,0,0,0,0,4,0,3,0,1,0,1,0,2,1,0
"8.22.21",0,0,0,0,0,0,0,0,0,0,0,0,0,0,0,0,0,0,19,0,0,0,0,0,0,0,0,0,0,2,0,0,0,0,0,0,0,0,0,1,0,0,0,0,1,0,0,2,0,6,0,0,0,0,0,0,0,0
"8.23.21",0,0,0,0,0,0,0,0,0,0,0,0,0,0,3,0,0,0,9,0,0,0,0,0,0,0,0,0,0,0,0,0,4,0,0,0,0,0,1,0,0,0,0,0,1,0,0,0,0,0,0,0,0,0,0,0,0,0
"8.24.21",2,0,0,3,0,0,0,0,0,2,0,0,0,0,0,1,3,0,28,1,0,0,1,3,0,0,1,0,0,3,4,0,7,3,0,4,3,1,9,0,0,0,0,0,0,0,0,0,0,4,1,0,0,0,1,5,5,0
"8.25.21",0,0,3,0,0,0,6,0,0,0,0,0,0,0,4,0,2,0,35,0,0,0,1,1,0,0,0,2,0,6,1,0,5,15,0,9,8,4,2,2,0,1,0,1,3,0,0,3,0,4,0,1,0,9,0,0,0,0
"8.26.21",0,0,0,0,0,0,3,0,0,9,0,1,0,0,1,2,0,0,30,0,0,0,2,3,0,0,0,0,0,7,0,0,5,0,0,2,10,3,3,2,0,0,0,0,0,0,0,0,1,9,1,0,0,4,0,12,0,0
"8.27.21",0,0,0,0,0,0,6,3,0,4,0,0,2,0,5,0,0,0,32,0,0,0,0,0,0,0,0,0,0,5,1,0,7,11,0,3,8,0,11,2,0,1,0,0,2,0,0,1,5,4,0,3,0,0,0,0,0,0
"8.28.21",0,0,0,0,0,0,0,0,0,18,0,0,0,0,0,0,0,0,26,0,0,0,0,2,0,0,0,1,0,4,0,0,1,6,0,6,3,0,3,0,0,1,0,0,3,0,0,3,10,4,1,0,0,0,0,1,0,1
"8.29.21",0,0,0,0,0,0,0,0,0,0,0,0,0,0,0,0,0,0,5,0,0,0,0,0,0,0,0,0,0,16,0,0,0,0,0,0,0,0,1,0,0,0,0,0,0,0,0,0,0,4,0,0,0,0,0,1,0,0
"8.30.21",0,0,0,0,0,0,0,0,0,0,0,0,0,0,4,0,0,0,18,0,0,0,0,0,0,0,0,0,0,1,0,0,0,3,0,0,5,0,0,0,0,0,0,0,2,0,0,0,0,3,0,0,0,0,0,0,0,0
"8.31.21",1,0,0,2,0,0,0,8,0,9,0,0,0,0,3,0,0,1,21,0,0,0,4,1,0,0,0,0,0,2,5,0,4,16,0,2,3,0,12,2,0,0,0,0,0,0,0,0,0,7,0,1,0,0,14,0,3,0
"9.1.21",2,0,0,0,0,0,5,5,0,0,0,0,0,0,8,3,3,0,42,0,0,0,0,2,0,0,0,0,0,4,5,0,7,12,0,14,20,3,0,1,0,2,0,0,4,0,1,3,0,3,0,0,2,0,0,7,1,0
"9.2.21",2,0,0,0,3,0,9,0,0,3,0,0,1,0,5,0,1,2,40,0,0,0,2,8,0,0,0,0,0,7,0,0,10,7,0,5,1,3,0,0,0,3,0,0,1,0,0,1,0,6,2,0,1,2,0,0,0,0
"9.3.21",0,0,0,0,1,0,0,0,0,18,0,0,0,0,4,0,0,1,35,0,0,0,0,4,0,0,1,1,0,14,5,0,9,4,0,12,2,2,0,0,0,3,0,0,2,0,0,6,6,6,1,0,0,0,0,0,0,0
"9.4.21",0,0,0,2,0,0,5,0,0,6,0,0,0,0,0,0,0,0,33,2,0,0,0,1,0,0,0,1,0,3,2,0,1,10,0,12,3,0,8,2,0,0,0,0,2,0,0,0,0,2,0,2,0,2,0,1,0,0
"9.5.21",0,0,0,0,0,0,0,0,0,0,0,0,0,0,0,1,0,0,20,0,0,0,0,0,0,0,0,0,0,21,0,0,0,9,0,0,0,0,0,0,0,0,0,0,6,0,0,0,0,10,0,0,0,0,0,3,0,0
"9.6.21",0,0,0,0,0,0,0,0,0,0,0,0,0,0,0,0,0,0,11,0,0,0,0,0,0,0,1,0,0,0,0,0,12,0,0,5,8,0,0,1,0,0,0,0,4,0,0,0,0,2,0,0,0,0,0,0,0,0
"9.7.21",0,0,0,2,0,0,0,0,0,0,0,0,0,0,3,3,0,0,12,0,0,0,0,0,0,0,2,0,0,0,0,0,0,0,0,9,0,0,0,1,0,0,0,0,2,0,0,0,0,5,0,0,0,0,0,0,0,0
"9.8.21",4,0,3,0,0,0,9,1,0,3,0,0,0,0,1,0,1,0,37,3,0,0,0,3,0,0,11,0,0,12,0,0,17,16,0,4,4,0,13,7,0,1,0,0,1,0,1,2,2,4,5,1,0,2,1,3,4,0
"9.9.21",1,0,0,1,2,0,4,3,0,7,0,0,0,0,5,6,0,0,19,0,0,0,0,0,0,0,2,0,0,9,5,0,18,8,0,6,3,8,9,2,0,0,0,0,0,0,0,1,0,3,0,0,0,3,0,2,0,0
"9.10.21",0,0,0,1,0,0,4,0,0,8,0,0,0,0,5,1,0,0,78,0,0,0,0,5,0,0,1,0,0,4,1,0,19,21,0,5,12,5,3,3,0,2,0,0,1,0,0,2,8,6,1,2,1,4,0,6,0,7
"9.11.21",3,0,0,0,0,0,0,0,0,7,0,0,0,0,0,1,3,1,19,0,0,0,0,0,0,0,1,1,0,3,1,0,11,5,0,8,1,1,8,0,0,2,0,0,1,0,0,1,0,7,0,2,0,6,0,3,0,0
"9.12.21",0,0,0,0,0,0,0,0,0,0,0,0,0,0,0,0,0,0,0,0,0,0,0,0,0,0,0,0,0,4,0,0,0,4,0,9,0,0,0,0,0,0,0,0,4,0,0,0,0,1,0,0,0,0,0,0,0,0
"9.13.21",0,0,0,3,0,0,0,0,0,0,0,0,0,0,5,0,0,0,58,0,0,0,0,0,0,0,0,0,0,6,0,0,0,0,0,2,19,0,0,1,0,0,0,0,3,0,0,0,0,6,0,0,0,0,0,0,0,0
"9.14.21",7,0,1,1,1,0,0,4,4,3,0,0,1,0,4,3,1,0,25,2,0,0,4,5,0,1,0,0,0,4,6,0,17,18,0,24,5,0,15,4,0,1,0,0,3,0,0,1,1,6,4,1,0,0,0,0,0,0
"9.15.21",1,0,1,2,0,0,5,2,4,11,0,0,1,0,5,1,2,0,35,3,0,2,1,3,0,0,4,4,0,10,2,0,21,4,3,5,17,2,11,2,0,2,0,0,2,0,0,5,0,5,2,0,0,1,0,2,0,0
"9.16.21",1,0,0,2,0,0,4,0,0,1,4,27,0,0,4,1,2,0,27,0,0,0,1,3,0,0,0,0,0,11,2,0,17,15,0,4,11,0,1,4,0,0,0,1,2,0,0,0,0,5,1,3,0,4,0,1,0,0
"9.17.21",2,0,0,0,0,0,7,0,0,14,1,0,2,0,1,1,0,0,24,0,0,0,0,1,0,0,2,0,0,7,8,0,6,3,0,14,8,0,2,1,0,1,0,0,5,0,0,0,0,4,1,1,0,1,0,6,0,0
"9.18.21",0,0,1,0,0,0,0,0,0,7,0,0,0,0,0,4,0,1,29,0,0,0,0,2,0,0,1,0,0,2,2,0,10,17,0,13,4,0,5,2,0,2,0,0,0,0,0,0,0,4,0,0,0,1,0,4,0,0
"9.19.21",0,0,0,0,0,0,0,0,0,0,0,0,0,0,0,0,0,2,21,0,0,0,0,0,0,0,0,0,0,8,0,0,2,0,0,5,0,0,0,0,0,0,0,0,1,0,0,0,0,3,0,0,0,0,0,0,0,0
"9.20.21",0,0,0,1,0,0,0,0,0,0,0,0,0,0,0,0,0,0,3,0,0,0,0,1,0,0,0,0,0,0,0,0,0,0,0,1,3,0,0,0,0,0,0,0,3,0,0,0,0,4,0,0,0,0,0,0,0,0
"9.21.21",1,0,0,1,4,0,0,0,0,3,0,0,0,0,6,6,3,0,18,5,0,0,1,3,0,0,0,0,0,1,1,0,13,11,0,13,12,4,6,1,0,3,0,1,0,0,1,0,0,4,0,1,2,0,0,0,0,0
"9.22.21",1,0,0,3,0,0,0,1,0,16,0,0,0,0,4,1,3,2,41,0,0,0,2,2,0,0,1,0,0,8,2,1,13,16,0,8,6,1,5,1,0,1,0,2,6,0,5,0,0,2,0,1,0,0,0,2,0,0
"9.23.21",2,0,0,1,0,0,0,0,3,19,0,8,0,0,0,1,0,0,31,0,0,1,4,5,0,0,1,0,0,8,0,0,13,6,0,12,12,5,2,3,0,1,0,0,1,0,0,0,0,4,1,0,0,2,0,7,0,0
"9.24.21",0,0,0,0,0,0,0,0,0,0,0,0,0,0,7,0,0,0,30,0,0,0,0,0,0,0,0,0,0,13,0,0,0,0,0,0,7,0,0,0,0,0,0,0,2,0,0,0,0,2,0,0,0,0,0,0,0,0
"9.25.21",0,0,0,0,0,0,0,0,0,0,0,0,0,0,0,0,0,0,27,0,0,0,0,0,0,0,0,0,0,0,0,0,0,0,0,0,5,0,0,0,0,0,0,0,2,0,0,0,0,1,0,0,0,0,0,0,0,0
"9.26.21",2,0,0,2,0,1,0,2,2,12,1,3,1,0,0,0,2,1,14,0,0,0,0,2,0,0,4,0,0,0,3,0,21,22,0,5,0,7,5,1,0,0,0,0,2,0,1,2,1,4,1,2,0,6,0,9,0,2
"9.27.21",1,0,0,1,0,0,0,0,0,3,0,0,0,0,8,4,0,0,22,0,0,0,0,0,0,0,0,0,0,25,0,0,0,5,0,0,3,0,0,1,0,0,0,0,1,0,0,0,0,1,0,0,0,0,0,0,0,0
"9.28.21",6,0,2,2,2,0,5,2,1,6,0,0,1,0,0,0,0,1,12,4,0,0,4,3,0,0,0,1,0,9,0,0,10,10,2,0,0,5,6,1,0,1,0,0,3,0,0,2,0,3,0,0,1,1,0,5,0,2
"9.29.21",6,0,0,1,0,0,0,0,3,9,0,3,0,0,0,2,2,0,31,0,0,0,0,1,0,0,0,0,0,8,9,0,12,13,0,0,12,2,6,2,0,1,0,0,4,0,0,5,0,7,0,0,0,3,0,1,0,0
"9.30.21",4,0,0,1,0,0,4,0,0,7,0,0,0,0,4,2,0,1,28,0,0,0,0,0,0,0,0,0,0,6,2,0,9,0,0,0,12,5,1,0,0,1,0,0,3,0,0,0,12,4,5,5,0,0,0,4,3,0
"10.1.21",0,0,0,0,0,0,0,0,0,0,0,0,0,0,3,0,0,1,20,0,0,0,0,0,0,0,0,0,0,4,0,0,0,0,0,0,3,0,0,0,0,0,0,0,4,0,0,0,0,2,0,0,0,0,0,0,0,0
"10.2.21",0,0,0,0,0,0,0,0,0,0,0,0,0,0,0,0,0,0,17,0,0,0,0,0,0,0,0,0,0,0,0,0,0,0,0,0,0,0,0,0,0,0,0,0,4,0,0,0,0,4,0,0,0,0,0,0,0,0
"10.3.21",6,0,0,2,1,0,4,0,3,14,0,0,0,0,0,0,0,2,10,0,0,0,1,6,0,0,0,0,1,0,0,0,29,21,0,10,0,4,3,2,0,3,0,2,2,0,0,1,0,0,4,1,1,16,0,5,0,2
"10.4.21",0,0,0,0,0,0,0,0,0,0,0,0,0,0,6,2,0,0,26,0,0,0,0,0,0,0,0,0,0,11,0,0,0,0,0,0,9,0,0,0,0,0,0,0,2,0,0,0,0,3,0,1,0,0,0,0,0,0
"10.5.21",1,0,0,1,0,0,4,0,1,9,0,0,2,0,7,0,0,1,16,3,0,0,0,4,0,0,2,0,0,0,1,0,18,6,0,2,2,3,2,0,0,0,0,0,3,0,0,3,1,3,0,3,0,0,0,2,3,1
"10.6.21",3,0,1,1,2,0,12,0,0,21,0,0,1,0,6,5,0,0,31,0,0,0,2,1,0,0,4,0,0,7,8,0,11,15,0,0,12,0,7,0,0,2,0,1,4,0,0,3,0,7,0,1,0,2,0,3,2,0
"10.7.21",3,0,0,3,0,0,5,0,4,10,0,3,0,0,7,0,0,0,28,2,0,0,1,2,0,0,0,0,0,9,3,0,12,19,2,0,7,2,11,0,0,1,0,0,1,0,0,1,4,7,1,0,0,6,0,0,0,0
"10.8.21",0,0,0,0,0,0,0,0,0,0,0,0,0,0,9,0,0,0,30,0,0,0,0,0,0,0,0,0,0,12,0,0,0,0,0,0,2,0,0,0,0,0,0,0,1,0,0,0,0,2,0,0,0,0,0,0,0,0
"10.9.21",0,0,0,0,0,0,0,0,0,0,0,0,0,0,0,0,0,0,24,0,0,0,0,0,0,0,0,0,0,0,0,0,0,0,0,0,0,0,0,0,0,0,0,0,2,0,0,0,0,3,0,0,0,0,0,0,0,0
"10.10.21",2,0,0,3,0,0,2,0,2,17,0,4,2,0,0,0,0,1,4,1,0,0,0,1,0,0,3,0,0,0,11,0,8,18,0,0,0,0,12,1,0,1,0,0,2,0,0,0,3,4,0,3,0,8,0,2,0,0
"10.11.21",0,0,0,0,0,0,0,0,0,1,0,0,0,0,10,1,0,0,26,0,0,0,0,0,0,0,0,0,0,24,0,0,0,0,0,0,11,0,0,1,0,0,0,0,1,0,0,0,0,1,0,0,0,2,0,0,0,0
"10.12.21",0,0,1,3,0,0,0,0,2,6,0,1,0,0,4,3,0,0,8,5,0,2,0,1,0,0,2,1,0,5,0,0,0,0,0,6,13,0,9,0,0,0,0,1,2,0,0,0,0,2,3,1,0,2,0,0,0,1
"10.13.21",2,0,0,1,4,0,9,0,1,6,0,0,0,0,1,0,6,0,16,0,0,0,0,10,0,0,0,3,0,4,8,0,5,4,0,0,4,1,6,3,0,3,0,0,2,0,0,5,0,1,1,0,0,1,0,2,0,10
"10.14.21",5,0,1,3,1,0,13,2,0,3,0,2,2,0,3,2,1,0,17,0,0,0,0,0,0,0,0,0,0,5,0,0,12,10,0,3,10,1,12,0,0,3,0,0,3,0,0,0,0,3,0,1,0,6,0,2,0,2
"10.15.21",0,0,0,0,0,0,0,0,0,0,0,0,0,0,5,0,0,0,19,0,0,0,0,0,0,0,0,0,0,5,0,0,0,0,0,0,8,0,0,0,0,0,0,0,0,0,0,0,0,2,0,0,0,0,0,0,0,0
"10.16.21",0,0,0,0,0,0,0,0,0,0,0,0,0,0,0,0,0,0,0,0,0,0,0,0,0,0,0,0,0,0,0,0,0,0,0,0,4,0,0,0,0,0,0,0,4,0,0,0,0,4,0,0,0,0,0,0,0,0
"10.17.21",11,0,0,5,0,0,13,0,0,12,6,0,0,1,0,1,0,0,12,0,0,0,0,2,0,0,1,0,0,0,8,0,18,21,0,31,0,0,13,1,0,1,0,0,2,0,0,6,2,3,3,3,0,7,0,1,1,0
"10.18.21",0,0,0,0,0,0,0,0,0,0,0,0,0,0,10,0,0,1,33,0,0,0,0,0,0,0,0,0,0,10,0,0,0,0,0,0,6,0,0,0,0,0,0,0,2,0,0,0,0,5,0,0,0,0,0,0,0,0
"10.19.21",8,0,0,0,0,0,0,0,0,0,0,3,0,0,1,5,0,1,3,8,1,0,5,0,0,0,0,0,0,3,0,0,0,81,1,9,1,0,0,0,0,0,0,0,1,0,0,0,10,2,0,0,0,0,0,0,0,0
"10.20.21",7,0,0,3,0,0,9,1,0,10,1,1,0,0,16,2,0,1,27,0,0,0,0,1,0,0,0,0,0,7,4,2,12,9,0,21,8,0,0,1,0,0,0,0,1,0,4,1,0,4,2,1,0,0,0,1,0,0
"10.21.21",9,0,0,2,1,0,4,0,0,11,0,0,2,0,12,0,0,0,33,0,0,1,0,1,0,0,4,0,0,12,1,0,10,5,0,36,5,1,0,0,0,1,0,2,6,0,0,0,0,7,1,2,0,9,0,0,0,0
"10.22.21",0,0,0,3,0,0,0,0,0,10,0,1,0,1,4,3,1,0,21,0,0,0,0,0,0,0,0,0,0,12,4,0,11,1,0,29,0,3,0,1,0,0,0,1,4,0,0,0,2,1,0,0,0,11,1,1,0,0
"10.23.21",0,0,0,0,0,0,0,0,0,0,0,0,0,0,0,0,0,1,13,0,0,0,0,0,0,0,0,0,0,0,0,0,0,0,0,0,0,0,0,0,0,0,0,0,1,0,0,0,0,3,0,0,0,0,0,0,0,0
"10.24.21",0,0,0,0,0,0,0,0,0,0,0,0,0,0,0,0,0,1,9,0,0,0,0,0,0,0,0,0,0,0,0,0,0,0,0,0,0,0,0,0,0,0,0,0,2,0,0,0,0,4,0,0,0,0,0,0,0,0
"10.25.21",15,0,0,0,0,0,0,0,0,0,0,0,0,0,4,0,0,1,3,0,0,1,1,0,0,0,0,0,0,16,0,0,0,4,2,28,13,0,0,0,0,0,0,0,1,0,0,0,0,5,0,0,0,0,0,0,0,0
"10.26.21",3,0,0,0,1,0,9,0,0,18,0,0,0,0,0,10,0,0,27,2,0,0,0,2,0,0,0,0,0,6,2,0,15,9,0,34,2,0,19,3,0,2,0,0,5,0,0,3,0,2,1,1,0,8,0,0,0,0
"10.27.21",9,0,0,1,0,0,0,0,4,10,0,0,0,0,5,1,0,0,20,0,0,0,0,0,0,0,1,1,0,4,3,0,12,1,0,17,9,6,8,1,0,0,0,0,2,0,0,0,0,4,0,1,0,5,0,3,0,0
"10.28.21",5,0,0,0,0,0,1,0,1,6,0,1,0,0,10,0,0,0,5,0,3,0,0,0,0,0,0,0,0,4,0,0,13,3,1,6,0,0,5,4,0,2,0,0,3,0,0,2,0,0,1,1,0,0,0,2,2,0
"10.29.21",0,0,0,3,0,1,6,0,0,3,0,2,0,0,2,1,1,0,22,0,0,0,0,3,0,0,0,0,1,3,0,0,7,0,0,0,6,6,15,0,0,1,0,0,2,0,0,0,2,3,1,1,0,4,0,2,0,0
"10.30.21",0,0,0,0,0,0,0,0,0,0,0,0,0,0,0,0,0,0,2,0,0,0,0,0,0,0,0,0,0,0,0,0,0,0,0,0,0,0,0,0,0,0,0,0,1,0,0,0,0,3,0,0,0,0,0,0,0,0
"10.31.21",0,0,0,0,0,0,0,0,0,0,0,0,0,0,0,0,0,0,9,0,0,0,0,0,0,0,0,0,0,0,0,0,0,0,0,0,0,0,0,0,0,0,0,0,1,0,0,0,0,1,0,0,0,0,0,0,0,0
"11.1.21",0,0,0,4,0,0,1,0,0,16,0,4,0,0,4,1,0,0,7,0,0,0,1,3,0,0,8,0,0,5,1,0,16,7,0,33,5,0,4,2,0,1,0,0,2,0,0,4,0,0,1,2,0,7,0,4,0,1
"11.2.21",0,0,0,0,0,0,0,0,0,2,0,0,0,0,0,0,0,0,17,4,0,0,0,5,0,0,1,0,0,2,0,0,11,10,0,5,14,0,0,0,0,0,0,0,2,0,0,0,0,2,0,0,0,0,0,0,0,0
"11.3.21",9,0,2,1,0,0,0,0,0,9,0,0,0,0,21,1,0,0,22,0,0,0,0,2,0,0,2,3,0,7,3,0,1,5,0,0,0,2,0,5,0,2,0,1,1,0,0,0,2,3,0,0,0,0,0,0,0,0
"11.4.21",0,0,0,2,0,1,0,0,2,8,0,0,0,0,5,2,0,0,12,0,0,0,0,1,0,0,2,0,0,3,0,0,15,9,0,0,9,0,4,0,0,0,0,0,2,0,0,1,0,1,0,2,0,5,0,0,0,0
"11.5.21",11,0,0,4,0,0,0,0,0,4,0,0,0,0,7,1,0,0,24,0,0,0,1,7,0,0,1,0,0,3,0,0,7,2,0,0,5,3,6,2,0,1,0,0,2,0,2,0,0,4,1,2,0,3,0,2,5,0
"11.6.21",1,0,0,0,0,0,0,0,0,0,0,0,0,0,0,0,0,1,21,0,0,0,0,0,0,0,0,0,0,0,0,0,0,0,0,0,0,0,0,0,0,0,0,0,2,0,0,0,0,3,0,0,0,0,0,0,0,0
"11.7.21",4,0,0,0,0,0,0,0,0,0,0,0,0,0,0,0,0,1,10,0,0,0,0,0,0,0,0,0,0,0,0,0,0,0,0,0,0,0,0,0,0,0,0,0,4,0,0,0,0,6,0,0,0,0,0,0,0,0
"11.8.21",3,0,0,0,0,0,3,0,0,9,1,1,0,0,0,1,0,0,2,0,0,0,2,3,0,0,0,0,1,3,1,0,14,5,1,17,4,0,12,0,0,0,0,0,2,0,3,0,0,1,0,1,2,10,0,2,0,0
"11.9.21",0,0,0,0,0,0,0,0,0,0,0,0,0,0,0,1,0,1,10,2,0,0,2,0,0,0,0,0,0,5,0,0,0,9,0,4,9,0,0,0,0,0,0,0,3,0,0,0,0,3,0,2,0,0,0,0,0,0
"11.10.21",6,0,0,3,2,0,0,0,4,9,0,0,0,1,24,0,0,1,34,0,0,0,0,6,0,0,7,0,0,11,1,0,8,3,1,3,13,0,0,0,0,1,0,0,1,0,1,0,2,3,0,2,4,4,0,0,0,2
"11.11.21",1,0,0,2,0,0,0,0,0,14,0,0,0,0,0,1,1,0,18,0,0,0,0,30,0,0,0,0,0,0,0,0,15,0,0,10,0,0,5,1,0,1,0,0,2,0,1,0,0,2,1,0,0,4,0,0,0,0
"11.12.21",0,0,0,0,0,0,0,0,0,0,0,0,0,0,3,0,0,0,24,0,0,0,0,0,0,0,0,0,0,9,4,0,0,3,0,0,0,0,0,0,0,0,0,0,1,0,0,0,0,2,0,0,0,0,0,0,0,0
"11.13.21",0,0,0,3,0,0,0,0,0,3,0,0,0,0,0,2,2,0,18,0,0,0,0,1,0,0,0,0,0,0,1,0,12,0,0,24,8,1,0,0,0,3,0,1,1,0,1,0,0,3,0,0,0,5,0,1,0,0
"11.14.21",0,0,0,0,0,0,0,0,0,0,0,0,0,0,0,0,0,0,6,0,0,0,0,0,0,0,0,0,0,0,0,0,0,0,0,0,0,0,0,0,0,0,0,0,1,0,0,0,0,7,0,0,0,0,0,0,0,0
"11.15.21",12,0,0,0,0,0,10,0,0,4,0,0,0,0,0,2,0,0,10,0,0,0,0,4,0,0,0,0,0,5,7,0,12,3,0,24,0,0,0,1,0,2,0,0,2,0,0,0,0,3,0,0,0,4,0,0,0,0
"11.16.21",2,0,0,0,0,0,0,0,0,1,0,0,0,0,1,0,0,0,31,7,1,0,0,0,0,0,0,0,0,4,0,0,0,6,0,1,4,0,0,0,0,0,0,0,0,0,0,0,0,0,0,0,0,2,0,0,0,0
"11.17.21",5,0,0,1,0,0,0,0,0,8,0,0,0,0,7,1,1,0,20,0,0,0,0,5,0,0,0,0,0,1,7,0,9,6,0,3,3,0,8,4,0,0,0,0,3,0,0,0,2,3,0,0,0,0,0,0,2,0
"11.18.21",1,0,0,3,0,0,1,0,1,12,0,0,0,2,10,2,0,0,26,0,0,0,0,1,0,1,0,0,0,6,1,0,21,11,0,0,14,0,21,0,0,3,0,0,2,0,0,2,0,2,0,0,0,8,0,0,0,3
"11.19.21",2,0,0,0,0,0,4,0,0,3,1,0,0,0,12,2,0,0,24,0,0,0,0,2,0,0,0,0,0,2,2,0,36,4,0,0,10,2,4,0,0,2,0,0,1,0,0,3,0,1,0,0,0,7,0,3,0,0
"11.20.21",0,0,0,0,0,0,0,0,0,0,0,0,0,0,0,0,0,1,26,0,0,0,0,0,0,0,0,0,0,0,0,0,0,0,0,0,0,0,0,0,0,0,0,0,0,0,0,0,0,1,0,0,0,0,0,0,0,0
"11.21.21",0,0,0,0,0,0,0,0,0,0,0,0,0,0,0,0,0,0,11,0,0,0,0,0,0,0,0,0,0,0,0,0,0,0,0,0,0,0,0,0,0,0,0,0,1,0,0,0,0,3,0,0,0,0,0,0,0,0
"11.22.21",0,0,0,6,0,0,2,0,0,9,1,0,0,0,1,2,0,1,7,0,0,0,0,4,0,0,2,0,4,3,3,0,18,6,0,11,6,0,1,2,0,2,0,0,5,0,0,0,0,7,0,2,0,21,0,0,0,0
"11.23.21",2,0,0,0,0,0,0,0,0,1,0,0,0,0,5,2,0,1,29,11,0,0,0,0,0,0,0,0,0,2,0,0,0,7,0,14,0,0,0,0,0,0,0,0,0,0,0,0,0,2,0,0,0,0,0,0,0,0
"11.24.21",3,0,0,3,1,0,0,0,0,3,0,0,3,1,12,0,0,0,28,0,0,1,0,4,0,0,14,0,7,9,3,0,23,1,0,18,2,0,0,0,0,2,0,0,1,0,0,0,0,1,0,2,0,7,0,2,0,0
"11.25.21",5,0,0,0,0,0,0,0,0,0,0,0,0,0,0,0,0,0,0,0,0,0,0,0,0,0,0,0,0,0,0,0,0,0,0,0,0,0,0,0,0,0,0,0,2,0,0,0,0,4,0,0,0,0,0,0,0,0
"11.26.21",1,0,0,0,0,0,0,0,0,0,0,0,0,0,0,0,0,0,28,0,0,0,0,0,0,0,0,0,0,0,0,0,0,0,0,0,0,0,0,0,0,0,0,0,0,0,0,0,0,0,0,0,0,0,0,0,0,0
"11.27.21",4,0,0,0,0,0,0,0,0,0,0,0,0,0,0,0,0,1,19,0,0,0,0,0,0,0,0,0,0,0,0,0,0,0,0,0,0,0,0,0,0,0,0,0,0,0,0,0,0,2,0,0,0,0,0,0,0,0
"11.28.21",0,0,0,0,0,0,0,0,0,0,0,0,0,0,0,0,0,0,7,0,0,0,0,0,0,0,0,0,0,0,0,0,0,0,0,0,0,0,0,0,0,0,0,0,1,0,0,0,0,1,0,0,0,0,0,0,0,0
"11.29.21",0,0,0,4,3,0,1,0,5,6,0,1,4,1,10,6,0,1,10,0,1,0,3,3,0,0,1,0,2,35,2,0,52,5,1,14,6,0,1,0,0,1,0,1,1,0,1,0,0,1,5,1,0,13,0,2,0,1
"11.30.21",0,0,0,1,0,0,0,0,0,2,0,1,0,0,13,0,0,0,28,0,0,0,0,0,0,0,0,0,0,15,0,0,0,15,0,4,10,0,0,1,0,0,0,0,3,0,0,1,0,3,0,0,0,1,0,0,0,0
"12.1.21",3,0,0,4,0,1,0,0,0,5,0,0,0,0,0,0,0,0,18,0,0,0,2,1,0,0,0,1,0,11,0,0,0,4,1,5,5,3,0,1,0,4,0,0,1,0,0,1,0,1,0,0,0,3,1,1,3,0
"12.2.21",4,0,1,0,0,0,2,0,0,5,0,0,3,0,10,0,2,0,24,0,0,0,0,2,0,0,0,2,0,13,2,0,11,5,0,6,6,0,0,0,0,1,0,0,2,0,0,2,2,1,0,0,0,0,0,0,0,0
"12.3.21",1,0,0,0,0,0,8,0,2,6,0,0,0,0,14,3,1,0,17,0,0,0,0,1,0,0,0,0,0,7,1,0,12,0,0,10,4,2,1,0,0,1,0,0,2,0,2,0,0,2,0,1,0,1,0,1,1,2
"12.4.21",0,0,0,0,0,0,0,0,0,0,0,0,0,0,0,0,0,0,19,0,0,0,0,0,0,0,0,0,0,0,0,0,0,0,0,0,0,0,0,0,0,0,0,0,1,0,0,0,0,2,0,0,0,0,0,0,0,0
"12.5.21",0,0,0,0,0,0,0,0,0,0,0,0,0,0,0,0,0,0,2,0,0,0,0,0,0,0,0,0,0,0,0,0,0,0,0,0,0,0,0,0,0,0,0,0,2,0,0,0,0,1,0,0,0,0,0,0,0,0
"12.6.21",1,0,0,2,0,0,2,0,0,14,0,0,2,0,10,2,0,0,2,0,0,0,0,1,0,0,0,0,0,15,0,1,7,8,0,15,1,0,2,0,0,0,0,0,2,0,0,0,0,3,0,2,0,2,0,2,2,0
"12.7.21",1,0,0,0,0,0,0,0,0,0,0,0,0,0,3,0,0,0,14,4,0,0,0,0,0,0,0,0,0,12,0,0,0,2,1,0,0,0,0,0,0,0,0,0,2,0,0,0,0,2,0,0,0,0,0,0,0,0
"12.8.21",0,0,2,4,0,0,0,0,2,5,0,1,0,0,14,3,0,0,13,0,0,0,0,3,0,0,5,0,0,13,6,3,9,5,0,9,6,2,2,1,0,1,0,0,2,0,0,5,0,2,0,0,0,1,0,0,0,0
"12.9.21",0,0,0,2,1,0,0,0,0,4,1,0,4,0,7,0,1,0,13,0,0,0,0,5,0,0,0,0,1,10,0,0,7,12,0,0,12,1,2,0,0,2,0,1,0,0,0,0,0,0,1,0,0,0,0,0,4,1
"12.10.21",2,0,0,0,0,0,3,0,0,1,0,0,0,0,8,0,0,0,16,0,0,0,1,1,0,0,0,0,0,8,2,0,4,0,0,0,5,1,1,1,0,1,0,0,0,0,0,0,2,2,0,1,0,0,0,1,0,0
"12.11.21",2,0,0,0,0,0,0,0,0,0,0,0,0,0,0,0,0,0,21,0,0,0,0,0,0,0,0,0,0,0,0,0,0,0,0,0,0,0,0,0,0,0,0,0,0,0,0,0,0,1,0,0,0,0,0,0,0,0
"12.12.21",0,0,0,0,0,0,0,0,0,0,0,0,0,0,0,0,0,0,5,0,0,0,0,0,0,0,0,0,0,0,0,0,0,0,0,0,0,0,0,0,0,0,0,0,1,0,0,0,0,2,0,0,0,0,0,0,0,0
"12.13.21",0,0,0,0,0,0,4,0,0,16,0,0,5,0,5,0,1,0,11,0,0,0,0,1,0,0,0,0,0,11,2,0,6,4,0,4,4,0,4,1,0,1,0,0,0,0,0,0,0,1,2,0,0,12,0,2,0,0
"12.14.21",5,0,0,0,0,0,0,0,0,2,0,0,0,0,4,0,0,0,11,2,0,0,0,0,0,0,0,0,0,4,0,0,0,7,1,0,11,0,0,0,0,0,0,0,3,0,0,0,0,2,0,0,0,0,0,0,0,0
"12.15.21",1,0,0,0,0,0,0,1,0,4,2,0,2,0,1,1,0,0,17,0,0,0,3,2,0,0,4,0,0,10,3,0,13,3,0,2,4,1,2,0,0,0,0,0,0,0,1,2,0,1,0,0,0,5,0,2,0,0
"12.16.21",4,0,0,1,0,0,0,0,1,3,0,0,0,1,8,1,0,0,19,0,0,0,0,1,0,0,0,0,1,7,0,0,11,7,0,0,2,0,5,2,0,2,0,1,1,0,0,0,0,4,0,2,0,0,0,0,0,4
"12.17.21",0,0,0,1,2,0,0,0,0,16,0,0,1,0,9,0,0,0,25,0,0,0,0,1,0,0,0,0,1,5,0,1,1,5,0,4,4,0,5,0,0,0,0,0,0,0,0,2,0,0,1,0,0,0,0,2,0,0
"12.18.21",3,0,0,0,0,0,0,0,0,0,0,0,0,0,0,0,0,0,19,0,0,0,0,0,0,0,0,0,0,0,0,0,0,0,0,0,0,0,0,0,0,0,0,0,2,0,0,0,0,1,0,0,0,0,0,0,0,0
"12.19.21",0,0,0,0,0,0,0,0,0,0,0,0,0,0,0,0,0,0,9,0,0,0,0,0,0,0,0,0,0,0,0,0,0,0,0,0,0,0,0,0,0,0,0,0,0,0,0,0,0,2,0,0,0,0,0,0,0,0
"12.20.21",1,0,1,1,0,0,3,0,1,6,0,1,2,0,0,4,1,0,7,0,0,0,0,1,0,0,1,0,1,2,0,0,13,4,0,6,7,2,7,1,0,0,0,1,2,0,1,1,0,3,0,0,0,9,0,2,0,1
"12.21.21",3,0,0,0,0,0,0,0,0,0,0,1,0,0,4,0,0,0,25,7,0,0,0,0,0,0,0,0,0,4,0,0,0,2,1,0,6,0,0,0,0,0,0,0,1,0,0,0,0,4,0,0,0,0,0,0,0,0
"12.22.21",0,0,0,1,0,0,0,0,0,0,0,0,0,0,4,0,0,0,15,0,0,0,2,1,0,0,2,0,1,2,1,0,13,1,0,3,12,0,5,0,0,2,0,1,0,0,0,2,0,3,0,0,0,8,0,2,0,1
"12.23.21",3,0,0,0,0,0,2,0,0,8,0,0,6,0,0,0,0,0,24,0,0,0,0,1,0,0,1,0,0,5,2,0,7,0,0,13,10,1,0,0,0,2,0,0,0,0,0,3,0,0,1,0,0,0,0,1,3,0
"12.24.21",2,0,0,0,0,0,1,0,0,9,0,0,2,0,3,1,0,0,21,0,0,0,0,1,0,0,0,0,0,0,0,0,0,0,0,4,8,0,2,0,0,1,0,0,1,0,1,2,2,5,0,0,0,0,0,0,0,0
"12.25.21",0,0,0,0,0,0,0,0,0,0,0,0,0,0,0,0,0,0,0,0,0,0,0,0,0,0,0,0,0,0,0,0,0,0,0,0,0,0,0,0,0,0,0,0,1,0,0,0,0,1,0,0,0,0,0,0,0,0
"12.26.21",0,0,0,0,0,0,0,0,0,0,0,0,0,0,0,0,0,0,13,0,0,0,0,0,0,0,0,0,0,0,0,0,0,0,0,0,0,0,0,0,0,0,0,0,2,0,0,0,0,0,0,0,0,0,0,0,0,0
"12.27.21",0,0,0,0,0,0,0,0,0,0,0,0,0,0,10,0,0,0,9,0,0,0,0,0,0,0,0,0,0,13,0,0,0,4,0,0,0,0,0,0,0,0,0,0,0,0,0,0,0,3,0,0,0,0,0,0,0,0
"12.28.21",0,0,0,5,0,0,0,0,0,6,0,0,0,1,0,3,0,0,21,0,0,0,0,0,0,0,0,0,0,6,0,0,0,11,0,4,3,0,4,0,0,1,0,0,0,0,0,1,0,1,0,0,0,9,0,0,0,0
"12.29.21",0,0,0,3,0,0,1,0,0,1,0,0,0,0,0,4,0,0,25,0,0,0,0,1,0,0,0,0,0,5,0,0,0,6,1,0,5,0,8,0,0,0,0,0,0,0,0,0,0,1,2,2,0,10,0,1,0,1
"12.30.21",2,0,0,0,2,0,0,0,0,0,0,0,0,1,0,0,1,0,24,0,0,0,0,2,0,0,2,0,0,2,0,0,14,14,0,2,11,2,7,0,0,0,0,0,0,0,1,1,0,0,0,0,0,4,0,0,0,0
"12.31.21",2,0,0,3,0,0,1,0,0,14,0,0,0,0,0,0,0,0,12,0,0,0,0,1,0,0,2,0,0,0,0,0,15,0,0,2,8,0,11,0,0,0,0,0,0,0,0,0,0,0,0,1,0,0,0,4,0,0
"1.1.22",0,0,0,0,0,0,0,0,0,0,0,0,0,0,0,0,0,0,0,0,0,0,0,0,0,0,0,0,0,0,0,0,0,0,0,0,0,0,0,0,0,0,0,0,1,0,0,0,0,2,0,0,0,0,0,0,0,0
"1.2.22",0,0,0,0,0,0,0,0,0,0,0,0,0,0,0,0,0,0,3,0,0,0,0,0,0,0,0,0,0,0,0,0,0,0,0,0,0,0,0,0,0,0,0,0,0,0,0,0,0,2,0,0,0,0,0,0,0,0
"1.3.22",2,0,0,0,0,0,0,0,0,0,0,1,0,0,0,0,0,0,7,0,0,0,0,0,0,0,0,0,0,5,0,0,0,0,2,0,0,0,0,0,0,0,0,0,1,0,0,0,0,3,0,0,0,0,0,0,0,0
"1.4.22",3,0,1,4,0,0,0,0,0,0,0,0,0,0,0,1,0,0,24,8,2,0,0,2,0,0,1,0,0,2,0,0,3,5,1,5,7,2,1,1,0,3,0,0,0,0,0,1,0,1,0,1,1,7,0,0,0,0
"1.5.22",20,0,0,1,0,0,2,0,0,1,0,1,0,0,0,1,0,0,27,0,0,0,0,4,0,0,0,0,0,4,5,0,0,7,0,4,11,2,8,4,0,3,0,0,2,0,0,3,0,1,0,0,0,5,0,2,0,2
"1.6.22",0,0,0,0,0,0,0,0,0,0,0,0,0,0,4,0,0,0,30,0,0,0,1,0,0,0,0,1,0,2,0,0,0,5,0,25,8,0,0,0,0,0,0,2,3,0,0,0,1,3,0,0,1,1,0,0,0,0
"1.7.22",12,0,0,1,0,0,2,0,0,13,0,0,0,0,9,2,0,0,28,0,0,0,0,3,0,0,0,1,0,3,1,0,31,1,1,37,0,2,5,0,0,1,0,0,0,0,1,0,0,1,2,0,0,12,0,3,0,0
"1.8.22",0,0,0,0,0,0,0,0,0,0,0,0,0,0,0,0,0,0,16,0,0,0,0,0,0,0,0,0,0,0,0,0,0,0,0,0,0,0,0,0,0,0,0,0,1,0,0,0,2,1,0,0,0,0,0,0,0,0
"1.9.22",0,0,0,0,0,0,0,0,0,0,0,0,0,0,0,0,0,0,13,0,0,0,0,0,0,0,0,0,0,0,0,0,0,0,0,0,0,0,0,0,0,0,0,0,1,0,0,0,0,0,0,0,0,0,0,0,0,0
"1.10.22",0,0,0,0,0,0,0,0,0,12,0,0,11,0,5,0,0,0,13,0,0,0,3,3,0,0,1,0,0,2,3,0,11,6,0,58,5,0,11,0,0,3,0,2,0,0,0,1,0,3,1,0,0,1,0,1,0,0
"1.11.22",0,0,0,0,0,0,0,0,0,0,0,1,0,0,0,0,0,0,14,1,0,0,0,1,0,0,0,0,0,3,0,0,0,3,1,4,0,0,0,0,0,0,0,0,0,0,0,1,0,0,0,0,0,0,0,0,0,0
"1.12.22",0,0,0,0,0,0,0,0,2,0,0,1,2,0,8,0,0,0,38,0,0,0,0,1,0,0,1,0,0,3,2,0,5,2,0,14,20,1,17,1,0,0,0,0,2,0,0,3,1,2,1,0,0,2,0,5,0,0
"1.13.22",0,0,0,1,0,0,0,0,1,8,0,2,1,0,14,1,0,0,45,0,0,0,0,2,0,0,1,0,1,2,1,0,14,6,0,24,9,0,4,1,0,0,0,3,1,0,0,0,1,0,0,1,0,4,0,0,0,0
"1.14.22",0,0,1,0,0,0,5,0,0,2,0,0,3,0,6,0,0,0,47,0,0,0,0,5,0,0,0,0,0,5,3,0,13,4,1,11,11,1,6,1,0,1,0,0,1,0,0,1,3,1,0,0,0,0,0,7,0,0
"1.15.22",0,0,0,0,0,0,0,0,0,0,0,0,0,0,0,0,0,0,66,0,0,0,0,0,0,0,0,0,0,0,0,0,0,0,0,0,0,0,0,0,0,0,0,0,1,0,0,0,0,2,0,0,0,0,0,0,0,0
"1.16.22",0,0,0,0,0,0,0,0,0,0,0,0,0,0,0,0,0,0,51,0,0,0,0,0,0,0,0,0,0,0,0,0,0,0,0,0,0,0,0,0,0,0,0,0,1,0,0,0,0,1,0,0,0,0,0,0,0,0
"1.17.22",0,0,1,0,1,0,4,0,0,10,0,0,4,0,0,1,0,0,27,0,0,0,0,3,0,0,0,0,0,11,4,0,22,0,0,26,5,2,4,5,0,3,0,2,1,0,0,2,0,4,1,1,0,7,0,5,0,0
"1.18.22",0,0,0,0,0,0,0,0,0,1,0,0,0,0,8,0,0,0,36,3,0,0,0,0,0,0,0,0,0,6,0,0,0,8,1,0,0,0,0,0,0,0,0,0,1,0,0,0,3,5,0,0,0,0,0,0,0,0
"1.19.22",0,0,0,0,0,0,0,0,0,0,0,0,0,0,2,0,0,0,59,0,0,0,0,0,0,0,3,0,0,3,2,0,0,4,0,0,2,0,0,2,0,0,0,0,3,0,0,0,0,3,0,0,0,0,0,11,0,0
"1.20.22",0,0,0,3,1,0,5,0,2,4,0,1,0,0,0,3,1,0,101,0,0,1,2,6,0,0,1,1,1,5,1,0,4,9,1,6,6,0,1,1,0,4,0,0,0,0,0,1,0,4,1,0,0,1,0,0,3,3
"1.21.22",0,0,0,0,0,0,0,0,2,0,0,0,0,1,0,1,0,0,64,0,2,0,0,3,0,0,0,1,0,7,2,0,19,16,0,2,6,8,1,3,0,3,0,0,0,0,0,0,3,2,0,0,0,11,0,11,0,0
"1.22.22",0,0,0,0,0,0,0,0,0,0,0,0,0,0,0,0,0,0,71,0,0,0,0,0,0,0,0,0,0,0,0,0,0,0,0,0,0,0,0,0,0,0,0,0,0,0,0,0,0,0,0,0,0,0,0,0,0,0
"1.23.22",0,0,0,0,0,0,0,0,0,0,0,0,0,0,0,0,0,0,63,0,0,0,0,0,0,0,0,0,0,0,0,0,0,0,0,0,0,0,0,0,0,0,0,0,0,0,0,0,0,6,0,0,0,0,0,0,0,0
"1.24.22",2,0,0,0,0,0,1,0,0,0,0,0,3,0,0,1,0,0,27,0,0,0,2,3,0,0,3,0,0,17,5,0,38,1,0,14,7,2,0,1,0,1,0,0,3,0,2,8,0,4,1,3,0,8,0,5,0,0
"1.25.22",0,0,0,0,0,0,0,0,0,0,0,0,0,0,3,0,0,0,33,3,0,0,0,0,0,0,0,0,0,8,0,0,0,15,0,4,20,0,0,1,0,1,0,0,0,0,0,0,0,1,0,0,0,0,0,0,0,0
"1.26.22",6,0,0,0,0,0,0,0,0,4,0,0,8,0,11,0,0,0,90,0,0,0,0,3,0,0,0,0,0,28,5,0,25,7,0,3,18,0,12,4,0,3,0,0,2,0,1,0,5,3,0,0,0,10,0,4,1,0
"1.27.22",7,0,0,2,1,0,3,0,2,18,0,0,7,0,17,0,1,0,85,0,0,0,1,0,0,0,5,1,0,31,1,0,15,11,0,3,18,0,0,0,0,6,0,2,1,0,1,1,3,6,2,0,0,5,0,0,1,0
"1.28.22",9,0,0,0,0,0,6,0,3,5,0,0,6,0,4,0,0,1,101,0,0,0,0,2,0,0,0,1,0,29,0,0,25,5,0,6,21,8,0,0,0,4,0,1,5,0,0,6,0,4,0,0,0,3,0,19,0,0
"1.29.22",0,0,0,0,0,0,0,0,0,0,0,0,0,0,0,0,0,0,70,0,0,0,0,0,0,0,0,0,0,0,0,0,0,0,0,0,0,0,0,0,0,0,0,0,2,0,0,0,5,4,0,0,0,0,0,0,0,0
"1.30.22",0,0,0,0,0,0,0,0,0,0,0,0,0,0,0,0,0,0,37,0,0,0,0,0,0,0,0,0,0,0,0,0,0,0,0,0,0,0,0,0,0,0,0,0,1,0,0,0,0,6,0,0,0,0,0,0,0,0
"1.31.22",2,0,0,1,0,0,1,0,0,6,0,1,1,0,3,1,0,0,40,0,0,0,3,5,0,0,2,1,0,34,0,0,41,15,0,5,22,0,13,3,0,2,0,0,2,0,0,7,0,5,0,0,0,8,0,6,0,0
"2.1.22",0,0,0,0,0,0,13,0,0,1,0,1,0,0,1,0,0,1,35,3,0,1,0,0,0,0,0,0,0,10,0,0,18,19,0,0,21,0,0,1,0,0,0,0,3,0,0,0,0,7,0,0,0,0,0,0,0,0
"2.2.22",13,0,0,1,2,0,0,1,0,0,0,0,0,1,0,2,0,0,101,0,2,0,0,3,0,0,4,2,0,16,8,0,40,14,0,9,24,1,2,8,0,2,0,0,3,0,0,1,0,5,0,1,0,2,0,16,1,0
"2.3.22",12,0,0,0,1,0,0,0,1,0,0,0,7,0,6,1,1,1,96,0,0,0,0,1,0,0,1,1,0,14,1,0,2,5,0,6,25,1,0,0,0,4,0,0,2,0,1,0,0,5,1,0,1,2,0,0,5,0
"2.4.22",6,0,0,0,0,0,0,0,0,13,0,1,0,0,12,1,4,0,85,0,0,0,0,0,0,0,0,1,1,12,3,0,0,13,0,5,0,6,2,1,0,5,0,0,3,0,0,0,3,6,0,0,0,5,0,16,0,1
"2.5.22",0,0,0,0,0,0,0,0,0,0,0,0,0,0,0,0,0,0,84,0,0,0,0,0,0,0,0,0,0,0,0,0,0,0,0,0,0,0,0,0,0,0,0,0,2,0,0,0,0,8,0,0,0,0,0,0,0,0
"2.6.22",0,0,0,0,0,0,0,0,0,0,0,0,0,0,0,0,0,0,64,0,0,0,0,0,0,0,0,0,0,0,0,0,0,0,0,0,0,0,0,0,0,0,0,0,0,0,0,0,0,3,0,0,0,0,0,0,0,0
"2.7.22",5,0,0,0,0,0,13,0,0,12,0,1,0,0,1,0,1,0,29,0,0,0,0,4,0,0,4,2,0,28,8,0,38,18,0,12,51,8,8,1,0,6,0,0,2,0,1,4,4,3,0,0,0,8,1,1,0,0
"2.8.22",0,0,2,0,1,0,2,0,0,4,0,1,0,0,8,1,0,0,49,5,0,0,0,0,0,0,0,0,0,25,2,0,3,25,0,1,25,0,1,1,0,1,0,0,4,0,0,1,3,2,0,0,0,1,0,1,0,0
"2.9.22",8,0,1,4,1,0,2,0,1,9,0,1,2,1,3,8,0,0,103,0,0,0,0,3,0,0,0,1,4,60,7,0,40,10,0,0,21,3,7,4,0,3,0,0,1,0,0,1,0,1,0,3,0,4,0,14,1,2
"2.10.22",17,0,0,0,5,0,0,1,0,0,0,0,3,0,8,0,0,0,81,0,0,0,0,4,0,0,0,2,2,43,0,0,3,21,1,14,0,0,9,4,0,2,0,0,2,0,0,2,4,2,4,0,0,4,3,0,3,0
"2.11.22",0,0,0,1,0,0,9,0,2,7,0,0,2,0,7,4,0,1,74,0,0,0,0,3,0,0,2,1,0,0,1,0,50,0,0,11,22,9,0,2,19,2,0,0,1,0,0,1,0,5,4,2,0,2,30,21,1,0
"2.12.22",0,0,0,0,0,0,0,0,0,0,0,0,0,0,0,0,0,1,82,0,0,0,0,0,0,0,0,0,0,0,0,0,0,0,0,0,0,0,0,0,0,0,0,0,1,0,0,0,2,4,0,0,0,0,0,0,0,0
"2.13.22",0,0,0,0,0,0,0,0,0,0,0,0,0,0,0,0,0,0,56,0,0,0,0,0,0,0,0,0,0,0,0,0,0,0,0,0,0,0,0,0,0,0,0,0,0,0,0,0,0,5,0,0,0,0,0,0,0,0
"2.14.22",9,0,1,0,0,0,18,0,0,28,0,0,0,0,16,1,0,0,26,0,0,0,2,0,0,0,6,3,2,50,0,0,34,14,0,7,40,16,4,0,0,4,0,9,4,0,1,2,0,4,0,0,0,3,45,11,0,0
"2.15.22",0,0,0,0,0,0,8,0,0,1,0,0,0,0,3,3,0,0,52,6,0,0,0,0,0,0,0,0,0,18,0,0,0,21,1,5,0,0,0,0,0,1,0,1,0,0,0,1,0,5,0,0,0,0,0,0,3,1
"2.16.22",6,0,0,1,0,0,12,0,1,5,0,0,0,0,10,0,0,0,101,0,0,0,0,5,0,0,4,0,0,19,0,0,54,10,1,0,20,0,3,3,0,4,0,0,1,0,1,0,3,2,0,0,0,2,1,12,0,1
"2.17.22",8,0,0,2,1,0,0,0,0,0,0,0,1,0,8,1,0,0,65,0,2,0,1,4,0,0,0,1,0,24,2,0,15,31,1,7,17,0,11,6,0,2,0,0,2,0,1,0,0,4,0,1,0,3,0,0,3,1
"2.18.22",9,0,2,1,0,0,11,0,0,1,0,1,1,0,6,1,1,0,70,0,1,0,0,2,0,0,0,0,0,31,5,0,23,0,0,21,16,0,1,0,15,0,0,0,3,0,0,0,5,4,0,0,0,5,4,17,1,2
"2.19.22",0,0,0,0,0,0,0,0,0,0,0,0,0,0,0,0,0,0,84,0,0,0,0,0,0,0,0,0,0,0,0,0,0,0,0,0,0,0,0,0,0,0,0,0,1,0,0,0,0,1,0,0,0,0,0,0,0,0
"2.20.22",0,0,0,0,0,0,0,0,0,0,0,0,0,0,0,0,0,0,56,0,0,0,0,0,0,0,0,0,0,0,0,0,0,0,0,0,0,0,0,0,0,0,0,0,0,0,0,0,0,2,0,0,0,0,0,0,0,0
"2.21.22",0,0,0,0,0,0,0,0,0,0,0,0,0,0,0,0,0,0,20,0,0,0,0,0,0,0,0,0,0,0,0,0,0,0,0,0,0,0,0,0,0,0,0,2,2,0,0,0,0,4,0,0,0,0,0,0,0,0
"2.22.22",4,0,0,2,0,0,11,0,0,48,1,0,2,2,6,1,0,0,35,4,0,0,0,1,0,0,8,0,0,55,11,0,10,9,0,41,27,13,7,4,0,8,0,0,1,0,0,0,3,2,0,0,0,1,0,2,0,0
"2.23.22",2,0,0,0,0,0,0,0,0,0,0,1,0,0,0,1,0,1,36,0,9,0,0,0,0,0,0,0,0,19,0,0,0,10,0,10,0,0,0,2,0,0,0,0,1,0,0,0,0,1,0,0,0,0,0,8,0,0
"2.24.22",7,0,0,1,0,0,8,0,0,4,0,1,7,0,0,0,0,0,72,0,0,0,3,2,1,0,1,0,0,20,1,0,22,30,0,28,14,0,2,3,0,1,0,0,2,1,0,0,2,2,2,2,0,3,0,0,3,1
"2.25.22",3,0,4,1,3,0,0,0,2,1,0,0,0,2,0,0,2,0,68,0,0,0,0,3,0,0,1,2,0,26,0,0,24,5,0,26,14,0,6,4,11,1,0,0,2,0,1,1,0,1,1,4,0,5,0,12,0,0
"2.26.22",0,0,0,0,0,0,0,0,0,0,0,0,0,0,0,0,0,0,63,0,0,0,0,0,0,0,0,0,0,0,0,0,0,0,0,0,0,0,0,0,0,0,0,0,1,0,0,0,0,1,0,0,0,0,0,0,0,0
"2.27.22",0,0,0,0,0,0,0,0,0,0,0,0,0,0,0,0,0,0,0,0,0,0,0,0,0,0,0,0,0,0,0,0,0,0,0,0,0,0,0,0,0,0,0,0,2,0,0,0,0,1,0,0,0,0,0,0,0,0
"2.28.22",28,0,0,0,0,0,21,0,0,24,0,0,4,0,10,5,0,0,66,0,5,0,0,4,0,0,1,0,0,39,4,0,36,0,1,67,16,22,12,1,0,1,0,2,2,3,2,2,2,1,0,0,0,5,0,4,3,0
"3.1.22",0,0,0,0,0,0,1,0,0,1,0,0,0,0,5,0,0,0,57,4,0,0,0,2,0,0,0,0,0,8,0,0,0,0,0,4,0,1,0,1,0,0,0,0,1,0,0,0,1,4,0,0,0,0,0,0,0,2
"3.2.22",5,0,0,4,6,0,0,0,1,6,0,1,0,0,8,0,0,0,80,0,0,6,0,0,0,1,3,4,0,11,7,0,19,39,0,12,11,0,2,5,0,1,2,0,3,1,0,4,0,0,3,0,0,2,0,9,2,1
"3.3.22",10,0,0,0,0,0,5,2,0,1,3,0,3,0,6,3,2,0,58,0,0,0,1,4,0,0,7,0,1,15,5,0,31,0,0,31,5,0,1,1,0,1,0,0,2,0,0,0,0,2,0,0,0,0,4,0,4,0
"3.4.22",1,0,0,0,0,0,0,1,1,11,0,1,2,0,11,0,0,0,46,0,0,0,0,4,0,0,1,0,0,15,2,0,10,0,0,22,11,6,6,0,19,0,5,0,0,0,0,1,0,1,0,0,0,3,0,2,1,0
"3.5.22",0,0,0,0,0,0,0,0,0,0,0,0,0,0,0,0,0,0,48,0,0,0,0,0,0,0,0,0,0,0,0,0,0,0,0,0,0,0,0,0,0,0,0,0,0,0,0,0,0,0,0,0,0,0,0,0,0,0
"3.6.22",0,0,0,0,0,0,0,0,0,0,0,0,0,0,0,0,0,0,0,0,0,0,0,0,0,0,0,0,0,0,0,0,0,0,0,0,0,0,0,0,0,0,0,0,1,0,0,0,0,1,0,0,0,0,0,0,0,0
"3.7.22",6,0,1,4,0,0,20,0,3,13,0,0,10,0,11,1,0,0,41,0,0,0,0,2,0,0,2,2,0,31,0,0,40,0,0,60,23,8,22,2,0,4,6,1,1,0,0,0,0,0,0,0,0,11,0,9,0,0
"3.8.22",0,0,0,2,0,0,0,0,0,0,0,0,0,0,9,1,0,0,38,2,0,2,0,0,0,0,0,0,0,7,0,0,0,0,1,2,0,1,0,0,0,0,1,0,0,0,0,0,0,2,0,0,0,0,0,0,0,0
"3.9.22",3,0,0,2,1,0,0,0,1,0,0,0,0,0,6,1,0,0,54,0,0,2,0,0,0,0,5,1,0,8,3,0,15,42,0,12,9,0,13,3,0,0,4,0,0,0,0,0,0,1,0,0,0,18,1,2,0,0
"3.10.22",12,0,0,0,0,0,0,0,1,0,1,0,4,0,9,1,0,0,40,0,0,0,0,1,0,0,5,1,1,17,4,0,11,0,0,8,6,5,9,6,0,2,0,0,1,0,1,1,1,2,0,1,0,16,0,1,2,0
"3.11.22",2,0,0,0,1,0,0,0,1,0,0,0,2,0,0,1,1,0,47,0,0,0,0,3,0,0,0,0,0,19,0,0,12,0,1,11,7,11,4,0,6,3,2,0,2,0,0,0,0,2,0,0,0,8,0,0,0,0
"3.12.22",0,0,0,0,0,0,0,0,0,0,0,0,0,0,0,0,0,0,50,0,0,0,0,0,0,0,0,0,0,0,0,0,0,0,0,0,0,0,0,0,0,0,0,0,1,0,0,0,0,1,0,0,0,0,0,0,0,0
"3.13.22",0,0,0,0,0,0,0,0,0,0,0,0,0,0,0,0,0,0,0,0,0,0,0,0,0,0,0,0,0,0,0,0,0,0,0,0,0,0,0,0,0,0,0,0,1,0,0,0,0,1,0,0,0,0,0,0,0,0
"3.14.22",9,0,1,4,0,0,9,0,0,30,0,0,1,0,6,1,0,0,40,0,0,0,0,0,0,0,2,0,0,38,3,0,15,0,0,33,18,1,25,1,0,3,17,1,0,0,1,4,3,1,0,1,0,7,0,6,0,0
"3.15.22",0,0,0,1,0,0,0,0,0,0,0,0,0,0,8,0,0,0,28,3,0,0,0,0,0,0,0,0,0,5,0,0,0,0,0,0,0,0,0,0,0,0,0,0,1,0,0,0,0,2,0,0,0,0,0,0,0,0
"3.16.22",1,0,0,0,0,0,0,0,0,6,0,1,0,0,8,0,0,0,29,0,0,0,0,3,0,0,0,0,0,11,3,0,1,30,0,3,8,7,19,0,0,1,0,0,1,0,0,0,0,1,0,0,0,10,0,0,0,0
"3.17.22",1,0,0,0,2,1,1,0,0,0,0,0,0,0,18,0,2,2,36,0,0,0,0,0,0,0,2,0,0,26,1,0,18,0,0,5,10,0,8,4,0,2,0,0,1,0,0,0,0,1,1,0,0,2,0,0,0,1
"3.18.22",3,0,0,0,0,0,10,0,0,5,0,0,1,0,3,4,2,1,35,0,0,0,0,2,0,0,0,0,0,8,0,0,8,0,0,3,7,2,12,1,0,1,0,0,0,0,0,1,2,3,0,0,0,7,0,0,0,0
"3.19.22",0,0,0,0,0,0,0,0,0,0,0,0,0,0,0,0,0,0,19,0,0,0,0,0,0,0,0,0,0,0,0,0,0,0,0,0,0,0,0,0,0,0,0,0,2,0,0,0,1,1,0,0,0,0,0,0,0,0
"3.20.22",0,0,0,0,0,0,0,0,0,0,0,0,0,0,0,0,0,0,0,0,0,0,0,0,0,0,0,0,0,0,0,0,0,0,0,0,0,0,0,0,0,0,0,0,0,0,0,0,0,2,0,0,0,0,0,0,0,0
"3.21.22",4,0,0,0,0,0,0,2,0,13,2,0,10,0,5,0,0,0,29,0,3,0,1,3,0,0,3,0,0,15,5,0,17,0,0,27,5,2,4,0,0,1,18,3,1,0,4,0,0,1,0,0,0,5,0,3,0,0
"3.22.22",0,0,0,0,0,0,0,0,0,0,0,0,0,0,0,0,0,0,17,1,12,0,0,0,0,0,1,0,0,3,0,0,0,0,0,2,0,0,0,0,6,0,2,0,0,0,0,0,0,0,0,0,0,0,0,0,0,0
"3.23.22",1,0,1,2,0,0,3,0,1,1,1,0,0,0,14,1,0,0,27,0,0,0,0,2,0,0,0,1,0,10,0,0,7,0,1,4,3,3,2,2,0,0,4,0,1,0,0,0,3,1,0,2,0,2,0,0,1,0
"3.24.22",0,0,0,0,0,0,0,0,0,2,0,0,1,0,0,0,0,0,26,0,0,0,0,0,0,0,0,0,0,1,3,0,5,25,0,17,2,0,0,4,0,1,1,0,1,0,0,0,0,0,0,33,0,3,0,0,0,0
"3.25.22",1,0,0,4,0,0,6,0,0,0,0,0,4,0,21,2,1,0,15,0,0,0,0,0,0,0,0,0,0,3,0,0,9,0,0,12,3,1,8,0,1,1,0,0,0,0,0,0,0,0,3,0,0,6,0,0,2,0
"3.26.22",0,0,0,0,0,0,0,0,0,0,0,0,0,0,0,0,0,0,18,0,0,0,0,0,0,0,0,0,0,0,0,0,0,0,0,0,0,0,0,0,0,0,0,0,0,0,0,0,0,1,0,0,0,0,0,0,0,0
"3.27.22",0,0,0,0,0,0,0,0,0,0,0,0,0,0,0,0,0,0,0,0,0,0,0,0,0,0,0,0,0,0,0,0,0,0,0,0,0,0,0,0,0,0,0,0,0,0,0,0,0,0,0,0,0,0,0,0,0,0
"3.28.22",6,0,0,1,0,0,5,0,0,7,0,0,0,0,8,0,0,0,25,0,0,0,0,0,0,0,0,1,0,4,0,0,0,0,0,22,9,0,1,1,0,1,7,0,0,0,0,0,0,0,0,5,0,4,0,5,1,0
"3.29.22",0,0,0,0,0,0,0,0,0,0,0,0,0,0,0,0,0,0,7,1,0,0,0,0,0,0,0,0,0,11,0,0,0,0,0,0,0,0,0,0,0,0,0,0,1,0,0,0,0,0,0,0,0,0,0,0,0,0
"3.30.22",1,0,0,4,0,0,0,0,0,1,0,0,0,0,8,0,0,2,29,0,0,1,0,1,1,0,1,1,0,5,1,0,6,12,0,0,4,1,2,2,0,1,2,0,0,0,0,0,0,0,0,0,0,2,0,0,1,0
"3.31.22",2,0,0,0,0,0,1,0,0,2,0,0,0,0,0,0,0,0,14,0,0,2,1,2,0,0,1,0,0,4,0,0,8,0,0,1,10,1,3,3,0,1,0,0,0,0,0,2,0,0,1,0,0,4,0,0,0,3
"4.1.22",1,0,0,0,0,0,0,0,0,2,0,0,0,0,13,0,0,0,14,0,0,0,0,0,0,0,0,2,0,2,0,1,7,0,0,2,9,2,1,0,2,1,0,0,0,0,0,3,0,0,0,0,0,0,0,0,0,0
"4.2.22",0,0,0,0,0,0,0,0,0,0,0,0,0,0,0,0,0,0,0,0,0,0,0,0,0,0,0,0,0,0,0,0,0,0,0,0,0,0,0,0,0,0,0,0,0,0,0,0,0,0,0,0,0,0,0,0,0,0
"4.3.22",0,0,0,0,0,0,0,0,0,0,0,0,0,0,0,0,0,0,0,0,0,0,0,0,0,0,0,0,0,0,0,0,0,0,0,0,0,0,0,0,0,0,0,0,0,0,0,0,0,1,0,0,0,0,0,0,0,0
"4.4.22",0,0,0,0,0,0,0,0,0,0,0,0,0,0,0,0,0,0,27,0,0,0,0,0,0,0,0,0,0,5,0,0,0,0,0,0,0,0,0,0,0,0,0,0,0,0,0,0,1,0,0,0,0,0,0,7,0,0
"4.5.22",1,0,0,0,0,0,5,0,5,3,0,0,0,0,0,0,0,0,12,0,1,1,0,2,0,0,1,0,0,10,1,0,6,0,0,18,14,0,5,0,0,1,6,0,0,0,0,0,0,0,0,0,0,4,0,0,1,1
"4.6.22",0,0,0,0,0,0,0,0,0,0,0,0,0,0,10,0,0,0,17,0,0,0,0,0,0,0,0,0,0,9,4,0,0,20,0,0,0,0,0,0,0,0,0,0,0,0,0,1,0,0,0,0,0,0,0,0,0,0
"4.7.22",0,0,0,0,0,0,0,0,0,0,0,0,0,0,0,0,0,0,15,0,0,0,0,0,0,0,0,0,0,9,0,0,0,0,0,0,0,0,0,0,0,0,0,0,1,0,0,0,0,0,0,0,0,0,0,0,0,0
"4.8.22",12,0,0,3,0,0,0,0,2,6,0,0,0,0,16,0,0,0,16,0,0,0,0,1,0,0,0,1,0,8,0,0,5,0,0,9,18,1,5,1,2,1,1,0,0,0,0,1,0,0,1,1,0,1,0,0,0,0
"4.9.22",0,0,0,0,0,0,0,0,0,0,0,0,0,0,0,0,0,0,0,0,0,0,0,0,0,0,0,0,0,0,0,0,0,0,0,0,0,0,0,0,0,0,0,0,0,0,0,0,0,0,0,0,0,0,0,0,0,0
"4.10.22",0,0,0,0,0,0,0,0,0,0,0,0,0,0,0,0,0,0,0,0,0,0,0,0,0,0,0,0,0,0,0,0,0,0,0,0,0,0,0,0,0,0,0,0,0,0,0,0,0,0,0,0,0,0,0,0,0,0
"4.11.22",0,0,0,0,0,0,0,0,0,0,0,0,0,0,0,0,0,0,37,0,0,0,0,0,0,0,0,0,0,0,0,0,0,0,0,0,0,0,0,0,0,0,0,0,0,0,0,0,0,0,0,0,0,0,0,7,0,0
"4.12.22",0,0,0,0,0,0,0,0,0,0,0,0,0,0,3,0,0,0,12,0,0,0,0,0,0,0,0,0,0,10,0,0,0,0,0,0,0,0,0,0,0,0,0,0,0,0,0,0,0,0,0,0,0,0,0,0,0,0
"4.13.22",7,0,0,3,0,0,2,0,1,7,1,2,0,0,0,0,0,0,11,0,0,0,0,0,0,0,0,0,0,0,1,0,8,16,0,13,13,6,7,0,0,4,1,1,0,0,0,0,0,0,0,0,0,11,0,0,0,0
"4.14.22",0,0,0,0,0,0,0,0,0,0,0,0,0,0,0,0,0,0,9,0,0,0,0,0,0,0,0,0,0,0,0,0,0,0,0,0,0,0,0,0,0,0,0,0,0,0,0,0,0,0,0,0,0,0,0,0,0,0
"4.15.22",0,0,0,3,0,0,0,0,1,1,0,0,0,0,11,1,0,0,13,0,0,0,0,2,0,0,0,0,0,21,0,0,6,0,0,43,6,4,1,0,0,0,1,1,0,0,0,0,0,0,1,0,0,2,0,0,0,0
"4.16.22",0,0,0,0,0,0,0,0,0,0,0,0,0,0,0,0,0,0,0,0,0,0,0,0,0,0,0,0,0,0,0,0,0,0,0,0,0,0,0,0,4,0,0,0,0,0,0,0,0,0,0,0,0,0,0,0,0,0
"4.17.22",0,0,0,0,0,0,0,0,0,0,0,0,0,0,0,0,0,0,0,0,0,0,0,0,0,0,0,0,0,0,0,0,0,0,0,0,0,0,0,0,0,0,0,0,1,0,0,0,0,0,0,0,0,0,0,0,0,0
"4.18.22",0,0,0,0,0,0,0,0,0,0,0,0,0,0,0,0,0,0,20,0,0,0,0,0,0,0,0,0,0,0,0,0,0,0,0,0,0,0,0,0,0,0,0,0,0,0,0,0,1,0,0,0,0,0,0,6,0,0
"4.19.22",0,0,0,3,0,0,1,0,0,1,0,2,0,0,10,0,0,0,12,0,0,0,1,0,0,0,0,0,4,8,0,0,4,0,0,29,2,0,2,0,0,1,6,0,0,0,0,0,0,0,0,0,0,11,0,0,0,0
"4.20.22",0,0,0,0,0,0,0,0,0,0,0,0,0,0,0,0,0,0,15,0,0,0,0,0,0,0,0,0,0,0,5,0,0,13,0,0,0,0,0,0,0,0,0,0,0,0,0,0,0,0,0,0,0,0,0,0,0,0
"4.21.22",0,0,0,0,0,0,0,0,0,0,0,0,0,0,0,0,0,0,14,0,0,0,0,0,0,0,0,0,0,0,0,0,0,0,0,0,0,0,0,0,0,0,0,0,0,0,0,0,0,0,0,0,0,0,0,0,0,0
"4.22.22",4,0,0,3,0,0,0,0,0,4,0,0,0,0,12,0,0,0,11,0,0,0,0,2,0,0,2,0,0,24,0,0,3,0,0,70,2,3,2,0,3,0,3,0,0,0,1,0,0,0,0,0,0,7,1,0,0,0
"4.23.22",0,0,0,0,0,0,0,0,0,0,0,0,0,0,0,0,0,0,0,0,0,0,0,0,0,0,0,0,0,0,0,0,0,0,0,0,0,0,0,0,0,0,0,0,0,0,0,0,0,0,0,0,0,0,0,0,0,0
"4.24.22",0,0,0,0,0,0,0,0,0,0,0,0,0,0,0,0,0,0,0,0,0,0,0,0,0,0,0,0,0,0,0,0,0,0,0,0,0,0,0,0,0,0,0,0,0,0,0,0,0,0,0,0,0,0,0,0,0,0
"4.25.22",0,0,0,0,0,0,0,0,0,0,0,0,0,0,0,0,0,0,14,0,0,0,0,0,0,0,0,0,0,0,0,0,0,0,0,0,0,0,0,0,0,0,0,0,0,0,0,0,0,0,0,0,0,0,0,5,0,0
"4.26.22",6,0,0,0,0,0,1,0,0,0,0,0,0,0,4,0,0,0,3,1,0,0,0,0,0,0,0,0,0,7,0,0,3,0,0,58,3,0,1,0,0,0,5,1,0,0,0,0,1,0,0,0,0,7,0,0,0,0
"4.27.22",0,0,0,0,0,0,0,0,0,0,0,0,0,0,0,0,0,0,10,0,0,0,0,0,0,0,0,0,0,0,3,0,0,18,0,0,0,0,0,0,0,0,0,0,0,0,0,0,0,0,0,0,0,0,0,0,0,0
"4.28.22",0,0,0,0,0,0,0,0,0,0,0,0,0,0,0,0,0,0,8,0,0,0,0,0,0,0,0,0,0,0,0,0,0,0,0,0,0,0,0,0,0,0,0,0,0,0,0,0,0,0,0,0,0,0,0,0,0,0
"4.29.22",8,0,0,7,0,0,1,0,1,4,0,0,0,0,3,2,1,0,0,0,3,0,0,3,0,0,2,0,0,10,0,0,4,0,0,86,2,3,0,1,0,3,0,0,0,0,0,1,0,0,0,1,0,5,0,0,0,0
"4.30.22",0,0,0,0,0,0,0,0,0,0,0,0,0,0,0,0,0,0,0,0,0,0,0,0,0,0,0,0,0,0,0,0,0,0,0,0,0,0,0,0,0,0,0,0,0,0,0,0,0,0,0,0,0,0,0,0,0,0
"5.1.22",0,0,0,0,0,0,0,0,0,0,0,0,0,0,0,0,0,0,0,0,0,0,0,0,0,0,0,0,0,0,0,0,0,0,0,0,0,0,0,0,0,0,0,0,0,0,0,0,0,0,0,0,0,0,0,0,0,0
"5.2.22",0,0,0,0,0,0,0,0,0,0,0,0,0,0,0,0,0,0,11,0,0,0,0,0,0,0,0,0,0,0,0,0,0,0,0,0,0,0,0,0,0,0,0,0,0,0,0,0,0,0,0,0,0,0,0,0,0,0
"5.3.22",0,0,0,0,0,0,1,0,0,3,0,1,0,0,23,0,0,0,7,0,0,0,0,0,0,0,1,0,0,2,0,0,0,0,0,49,1,0,0,0,0,0,3,0,0,0,0,0,0,4,0,0,0,6,0,5,1,1
"5.4.22",0,0,0,0,0,0,0,0,0,0,0,0,0,0,0,0,0,0,5,0,0,0,0,0,0,0,0,0,0,0,0,0,0,8,0,0,0,0,0,0,0,0,0,0,0,0,0,0,0,0,0,0,0,0,0,0,0,0
"5.5.22",0,0,0,0,0,0,0,0,0,0,0,0,0,0,0,0,0,0,0,0,0,0,0,0,0,0,0,0,0,0,0,0,0,0,0,0,0,0,0,0,0,0,0,0,0,0,0,0,0,113,0,0,0,0,0,0,0,0
"5.6.22",4,0,0,3,0,0,0,0,0,3,0,0,4,0,9,0,0,0,9,0,1,0,0,0,0,0,1,0,0,2,0,0,10,0,0,66,5,1,4,0,0,4,2,0,0,0,0,1,0,0,1,0,0,4,0,0,0,0
"5.7.22",0,0,0,0,0,0,0,0,0,0,0,0,0,0,0,0,0,0,0,0,0,0,0,0,0,0,0,0,0,0,0,0,0,0,0,0,0,0,0,0,0,0,0,0,0,0,0,0,0,0,0,0,0,0,0,0,0,0
"5.8.22",0,0,0,0,0,0,0,0,0,0,0,0,0,0,0,0,0,0,0,0,0,0,0,0,0,0,0,0,0,0,0,0,0,0,0,0,0,0,0,0,0,0,0,0,0,0,0,0,0,0,0,0,0,0,0,0,0,0
"5.9.22",0,0,0,0,0,0,0,0,0,0,0,0,0,0,0,0,0,0,5,0,0,0,0,0,0,0,0,0,0,0,0,0,0,0,0,0,0,0,0,0,1,0,0,0,0,0,0,0,0,0,0,0,0,0,0,0,0,0
"5.10.22",0,0,0,2,0,0,0,0,2,0,0,0,0,0,1,0,0,0,4,0,0,0,0,0,0,0,0,0,0,8,0,0,1,0,0,48,13,3,4,1,0,1,7,1,0,0,0,0,0,0,0,0,0,0,0,6,1,0
"5.11.22",0,0,0,0,0,0,0,0,0,0,0,0,0,0,0,0,0,0,7,0,0,1,0,0,0,0,0,0,0,0,0,0,0,4,0,0,0,0,0,0,0,0,0,0,0,0,0,0,0,0,0,0,0,0,0,0,0,0
"5.12.22",0,0,0,0,0,0,0,0,0,0,0,0,0,0,0,0,0,0,9,0,0,0,0,0,0,0,0,0,0,0,0,0,0,0,0,0,14,0,0,0,0,0,0,0,0,0,0,0,0,0,0,0,0,0,0,0,0,0
"5.13.22",2,0,0,1,0,0,0,0,0,3,0,0,0,0,31,0,0,0,6,0,1,0,0,0,0,0,2,0,0,4,0,0,3,0,0,69,0,2,3,0,0,0,3,0,0,0,0,1,0,0,1,0,0,1,1,0,0,0
"5.14.22",0,0,0,0,0,0,0,0,0,0,0,0,0,0,0,0,0,0,0,0,0,0,0,0,0,0,0,0,0,0,0,0,0,0,0,0,0,0,0,0,0,0,0,0,0,0,0,0,0,0,0,0,0,0,0,0,0,0
"5.15.22",0,0,0,0,0,0,0,0,0,0,0,0,0,0,0,0,0,0,0,0,0,0,0,0,0,0,0,0,0,0,0,0,0,0,0,0,0,0,0,0,0,0,0,0,0,0,0,0,0,0,0,0,0,0,0,0,0,0
"5.16.22",0,0,0,0,0,0,0,0,0,0,0,0,0,0,0,0,0,0,15,0,0,0,0,0,0,0,0,0,0,0,0,0,0,0,0,0,0,0,0,0,1,0,0,0,0,0,0,0,1,0,0,0,0,0,0,0,0,0
"5.17.22",2,0,0,2,0,0,1,0,0,2,0,0,1,0,0,0,0,0,8,11,0,0,0,0,0,0,0,0,0,0,0,0,0,0,0,32,6,3,0,0,0,0,3,0,0,0,0,0,0,0,0,0,0,8,0,2,0,0
"5.18.22",0,0,0,0,0,0,0,0,0,0,0,0,0,0,0,0,0,0,10,0,0,0,0,0,0,0,0,0,0,0,0,0,0,7,0,0,0,0,0,0,0,0,0,0,1,0,0,0,0,0,0,0,0,0,0,0,0,0
"5.19.22",0,0,0,0,0,0,0,0,0,0,0,0,0,0,0,0,0,0,9,0,0,0,0,0,0,0,0,0,0,0,0,0,0,0,0,0,5,0,0,0,0,0,0,0,0,0,0,0,0,0,0,0,0,0,0,0,0,0
"5.20.22",0,0,0,0,0,0,2,0,1,1,0,0,5,0,8,0,0,0,10,0,0,0,0,5,0,0,0,0,0,5,0,0,5,0,0,68,0,2,1,3,2,0,1,0,0,0,0,0,0,0,0,0,0,0,0,0,3,0
"5.21.22",0,0,0,0,0,0,0,0,0,0,0,0,0,0,0,0,0,0,0,0,0,0,0,0,0,0,0,0,0,0,0,0,0,0,0,0,0,0,0,0,0,0,0,0,0,0,0,0,0,0,0,0,0,0,0,0,0,0
"5.22.22",0,0,0,0,0,0,0,0,0,0,0,0,0,0,0,0,0,0,0,0,0,0,0,0,0,0,0,0,0,0,0,0,0,0,0,0,0,0,0,0,0,0,0,0,0,0,0,0,0,0,0,0,0,0,0,0,0,0
"5.23.22",0,0,0,0,0,0,0,0,0,0,0,0,0,0,0,0,0,0,12,0,0,0,0,0,0,0,0,0,0,0,0,0,0,0,0,0,0,0,0,0,0,0,0,0,0,0,0,0,1,0,0,0,0,0,0,0,0,0
"5.24.22",1,0,0,0,0,0,1,0,0,3,0,1,0,0,9,0,0,0,9,1,0,0,0,0,0,0,2,0,0,2,0,0,4,0,0,45,2,1,1,0,0,0,3,0,0,0,0,0,0,0,0,0,0,5,0,4,0,0
"5.25.22",0,0,0,0,0,0,0,0,0,0,0,0,0,0,0,0,0,0,6,0,0,0,0,0,0,0,0,0,0,0,0,0,0,16,0,0,0,0,0,0,0,0,0,0,1,0,0,0,0,0,0,0,0,0,0,0,0,0
"5.26.22",0,0,0,0,0,0,0,0,0,0,0,0,11,0,0,0,0,0,8,0,0,0,0,0,0,0,0,0,0,0,0,0,0,0,0,0,4,0,0,0,0,0,0,0,0,0,0,0,0,0,0,0,0,0,0,0,0,0
"5.27.22",3,0,0,0,0,0,0,1,1,1,0,0,5,0,5,0,0,0,8,0,0,0,0,1,0,0,0,0,0,4,0,0,0,0,0,42,0,7,3,0,0,0,0,0,0,0,0,1,1,0,1,2,0,2,7,0,0,0
"5.28.22",0,0,0,0,0,0,0,0,0,0,0,0,0,0,0,0,0,0,0,0,0,0,0,0,0,0,0,0,0,0,0,0,0,0,0,0,0,0,0,0,0,0,0,0,0,0,0,0,0,0,0,0,0,0,0,0,0,0
"5.29.22",0,0,0,0,0,0,0,0,0,0,0,0,0,0,0,0,0,0,0,0,0,0,0,0,0,0,0,0,0,0,0,0,0,0,0,0,0,0,0,0,0,0,0,0,2,0,0,0,0,0,0,0,0,0,0,0,0,0
"5.30.22",0,0,0,0,0,0,0,0,0,0,0,0,0,0,0,0,0,0,12,0,0,0,0,0,0,0,0,0,0,0,0,0,0,0,0,0,0,0,0,0,0,0,0,0,0,0,0,0,0,0,0,0,0,0,0,0,0,0
"5.31.22",5,0,1,1,0,0,4,0,0,1,0,0,0,0,0,0,0,0,4,0,0,0,0,0,0,0,0,0,0,0,0,0,0,0,0,31,4,0,0,1,0,0,13,0,0,0,0,0,0,0,0,0,0,6,0,2,1,0
"6.1.22",0,0,0,0,0,0,0,0,0,0,0,0,0,0,0,0,0,0,3,0,0,0,0,0,0,0,0,0,0,0,1,0,0,0,0,0,0,0,0,0,0,0,0,0,1,0,0,0,0,0,0,0,0,0,0,0,0,0
"6.2.22",0,0,0,0,0,0,0,0,0,0,0,0,0,0,0,0,0,0,10,0,0,0,0,0,0,0,0,0,0,0,0,0,0,18,0,0,11,0,0,0,0,0,0,0,0,0,0,0,0,0,0,0,0,0,0,0,0,0
"6.3.22",5,0,0,0,1,0,0,1,0,1,0,0,2,0,3,0,0,0,8,0,1,0,0,1,0,0,1,0,0,11,0,0,1,0,0,23,0,2,1,2,4,0,0,0,0,0,0,0,0,0,0,0,0,0,0,0,1,0
"6.4.22",0,0,0,0,0,0,0,0,0,0,0,0,0,0,0,0,0,0,0,0,0,0,0,0,0,0,0,0,0,0,0,0,0,0,0,0,0,0,0,0,0,0,0,0,0,0,0,0,0,0,0,0,0,0,0,0,0,0
"6.5.22",0,0,0,0,0,0,0,0,0,0,0,0,0,0,0,0,0,0,0,0,0,0,0,0,0,0,0,0,0,0,0,0,0,0,0,0,0,0,0,0,0,0,0,0,0,0,0,0,0,0,0,0,0,0,0,0,0,0
"6.6.22",0,0,0,0,0,0,0,0,0,0,0,0,0,0,0,0,0,0,14,0,0,0,0,0,0,0,0,0,0,0,0,0,0,0,0,0,0,0,0,0,0,0,0,0,1,0,0,0,0,0,0,0,0,0,0,0,0,0
"6.7.22",0,0,0,0,1,0,0,0,1,0,0,0,0,0,0,0,0,0,10,0,0,0,0,0,0,0,2,0,0,0,0,0,0,0,0,21,5,4,0,0,0,0,4,1,0,0,0,1,1,0,0,1,0,4,0,4,0,0
"6.8.22",0,0,0,0,0,0,0,0,0,0,0,0,0,0,0,0,0,0,8,0,0,0,0,0,0,0,0,0,0,0,0,0,0,11,0,0,0,0,0,0,0,0,0,0,0,0,0,0,0,0,0,0,0,0,0,0,0,0
"6.9.22",0,0,0,0,0,0,0,0,0,0,0,0,0,0,0,0,0,0,7,0,0,0,0,0,0,0,0,0,0,0,0,0,0,0,0,0,7,0,0,0,0,0,0,0,0,0,0,0,0,0,0,0,0,0,0,0,0,0
"6.10.22",4,0,0,0,0,0,5,0,0,0,0,1,0,0,0,0,2,0,8,0,0,0,0,0,0,0,0,0,0,23,0,0,0,0,0,23,0,5,2,1,4,1,1,0,1,0,0,0,0,0,0,0,0,1,0,0,2,1
"6.11.22",0,0,0,0,0,0,0,0,0,0,0,0,0,0,0,0,0,0,0,0,0,0,0,0,0,0,0,0,0,0,0,0,0,0,0,0,0,0,0,0,0,0,0,0,0,0,0,0,0,0,0,0,0,0,0,0,0,0
"6.12.22",0,0,0,0,0,0,0,0,0,0,0,0,0,0,0,0,0,0,0,0,0,0,0,0,0,0,0,0,0,0,0,0,0,0,0,0,0,0,0,0,0,0,0,0,0,0,0,0,0,0,0,0,0,0,0,0,0,0
"6.13.22",0,0,0,0,0,0,0,0,0,0,0,0,0,0,0,0,0,0,17,0,0,0,0,0,0,0,0,0,0,0,0,0,0,0,0,0,0,0,0,0,0,0,0,0,0,0,0,0,0,0,0,0,0,0,0,0,0,0
"6.14.22",3,0,0,3,0,0,6,0,0,1,0,0,0,0,1,1,1,0,9,0,0,0,0,0,0,0,1,0,0,8,0,0,1,0,0,27,1,0,0,1,0,4,1,1,1,0,0,0,1,0,0,0,0,0,0,4,0,1
"6.15.22",0,0,0,0,0,0,0,0,0,0,0,0,0,0,0,0,0,0,9,0,0,0,0,0,0,0,0,0,0,0,0,0,0,18,0,0,0,0,0,0,0,0,0,0,0,0,0,0,0,0,0,0,0,0,0,0,0,0
"6.16.22",0,0,0,0,0,0,0,0,0,0,0,0,0,0,0,0,0,0,9,0,0,0,0,0,0,0,0,0,0,0,0,0,0,0,0,0,2,0,0,0,0,0,0,0,0,0,0,0,0,0,0,0,0,0,0,0,0,0
"6.17.22",3,0,0,2,0,0,2,0,0,1,0,0,3,0,3,0,0,0,5,0,0,0,0,2,0,0,3,0,2,6,0,0,6,0,0,30,0,7,7,0,1,1,5,0,0,0,0,1,0,0,0,0,0,1,0,0,0,0
"6.18.22",0,0,0,0,0,0,0,0,0,0,0,0,0,0,0,0,0,0,0,0,0,0,0,0,0,0,0,0,0,0,0,0,0,0,0,0,0,0,0,0,0,0,0,0,0,0,0,0,0,0,0,0,0,0,0,0,0,0
"6.19.22",0,0,0,0,0,0,0,0,0,0,0,0,0,0,0,0,0,0,0,0,0,0,0,0,0,0,0,0,0,0,0,0,0,0,0,0,0,0,0,0,0,0,0,0,0,0,0,0,0,0,0,0,0,0,0,0,0,0
"6.20.22",0,0,0,0,0,0,0,0,0,0,0,0,0,0,0,0,0,0,11,0,0,0,0,0,0,0,0,0,0,0,0,0,0,0,0,0,0,0,0,0,0,0,0,0,0,0,0,0,0,0,0,0,0,0,0,0,0,0
"6.21.22",5,0,0,1,0,0,5,0,0,4,0,0,0,0,1,0,0,0,2,0,3,0,0,0,0,1,0,0,0,9,0,0,3,0,0,9,0,0,0,0,0,1,12,0,0,0,0,0,1,0,0,0,0,0,0,1,0,0
"6.22.22",0,0,0,0,0,0,0,0,0,0,0,1,0,0,0,0,0,0,8,0,0,0,0,0,0,0,0,0,0,0,0,0,0,7,0,0,0,0,0,0,0,0,0,0,0,0,0,0,0,0,0,0,0,0,0,0,0,0
"6.23.22",0,0,0,0,0,0,0,0,0,0,0,0,0,0,0,0,0,0,12,0,0,0,0,0,0,0,0,0,0,0,0,0,0,0,1,0,14,0,0,0,0,0,0,0,0,0,0,0,0,0,0,0,0,0,0,0,0,0
"6.24.22",3,0,0,0,2,0,7,0,1,5,0,0,0,0,3,0,0,0,8,0,0,0,0,1,0,0,0,0,0,6,0,0,2,0,0,29,0,2,1,0,6,0,0,0,0,0,0,1,0,0,0,0,0,0,0,0,0,0
"6.25.22",0,0,0,0,0,0,0,0,0,0,0,0,0,0,0,0,0,0,0,0,0,0,0,0,0,0,0,0,0,0,0,0,0,0,0,0,0,0,0,0,0,0,0,0,0,0,0,0,0,0,0,0,0,0,0,0,0,0
"6.26.22",0,0,0,0,0,0,0,0,0,0,0,0,0,0,0,0,0,0,0,0,0,0,0,0,0,0,0,0,0,0,0,0,0,0,0,0,0,0,0,0,0,0,0,0,0,0,0,0,0,0,0,0,0,0,0,0,0,0
"6.27.22",0,0,0,0,0,0,0,0,0,0,0,0,0,0,0,0,0,0,17,0,0,0,0,0,0,0,0,0,0,0,0,0,0,0,0,0,0,0,0,0,0,0,0,1,0,0,0,0,0,0,0,0,0,0,0,0,0,0
"6.28.22",4,0,0,1,0,0,4,1,0,0,0,0,0,0,0,0,0,0,8,0,0,0,0,2,0,0,0,0,0,6,0,0,0,0,0,22,4,3,0,0,0,0,8,0,0,0,1,0,1,0,0,0,0,3,0,3,0,0
"6.29.22",0,0,0,0,0,0,0,0,0,0,0,0,0,0,0,0,0,0,9,0,0,0,0,0,0,0,0,0,0,0,0,0,0,19,0,0,0,0,0,0,0,0,0,0,0,0,0,0,0,0,0,0,0,0,0,0,0,0
"6.30.22",0,0,0,0,0,0,0,0,0,0,0,0,0,0,0,0,0,0,9,0,0,0,0,0,0,0,0,0,0,0,0,0,0,0,0,0,5,0,0,0,0,0,0,0,1,0,0,0,0,0,0,0,0,0,0,0,0,0
"7.1.22",3,0,0,2,0,0,4,0,1,6,0,0,0,0,0,1,0,0,10,0,0,0,0,2,0,0,0,1,2,23,2,0,9,0,0,35,0,8,4,3,2,0,7,1,0,0,0,0,0,0,1,0,0,1,0,0,1,0
"7.2.22",0,0,0,0,0,0,0,0,0,0,0,0,0,0,0,0,0,0,0,0,0,0,0,0,0,0,0,0,0,0,0,0,0,0,0,0,0,0,0,0,0,0,0,0,3,0,0,0,0,0,0,0,0,0,0,0,0,0
"7.3.22",0,0,0,0,0,0,0,0,0,0,0,0,0,0,0,0,0,0,0,0,0,0,0,0,0,0,0,0,0,0,0,0,0,0,0,0,0,0,0,0,0,0,0,0,0,0,0,0,0,0,0,0,0,0,0,0,0,0
"7.4.22",0,0,0,0,0,0,0,0,0,0,0,0,0,0,0,0,0,0,17,0,0,0,0,0,0,0,0,0,0,0,0,0,0,0,0,0,0,0,0,0,0,0,0,0,1,0,0,0,0,0,0,0,0,0,0,0,0,0
"7.5.22",1,0,0,0,0,0,5,1,1,3,0,0,0,0,9,0,0,0,10,0,5,1,0,0,0,0,0,0,0,0,1,0,3,0,0,10,8,0,0,7,0,2,3,0,0,0,0,0,0,0,0,0,0,0,0,1,0,0
"7.6.22",0,0,0,0,0,0,0,0,0,0,0,0,0,0,0,0,0,0,14,0,0,0,0,0,0,0,0,0,0,0,0,0,0,17,0,0,0,0,0,0,0,0,0,0,0,0,0,0,0,0,0,0,0,0,0,0,0,0
"7.7.22",0,0,0,0,0,0,0,0,0,0,0,0,0,0,0,0,0,0,12,0,0,0,0,0,0,0,0,0,0,0,0,0,0,0,0,0,8,0,0,0,0,0,0,0,0,0,0,0,0,0,0,0,0,0,0,0,0,0
"7.8.22",13,0,0,2,1,0,3,0,0,0,0,0,0,0,9,0,0,0,0,0,0,0,1,0,1,0,1,0,0,19,0,0,1,0,0,23,0,4,1,2,1,0,2,0,1,0,0,0,3,0,0,0,0,8,5,0,0,1
"7.9.22",0,0,0,0,0,0,0,0,0,0,0,0,0,0,0,0,0,0,0,0,0,0,0,0,0,0,0,0,0,0,0,0,0,0,0,0,0,0,0,0,0,0,0,0,1,0,0,0,0,0,0,0,0,0,0,0,0,0
"7.10.22",0,0,0,0,0,0,0,0,0,0,0,0,0,0,0,0,0,0,0,0,0,0,0,0,0,0,0,0,0,0,0,0,0,0,0,0,0,0,0,0,0,0,0,0,0,0,0,0,0,0,0,0,0,0,0,0,0,0
"7.11.22",0,0,0,0,0,0,0,0,0,0,0,0,0,0,0,0,0,0,54,0,0,0,0,0,0,0,0,0,0,0,0,0,0,0,0,0,0,0,0,0,0,0,0,0,0,0,0,0,0,0,0,0,0,0,0,0,0,0
"7.12.22",0,0,0,1,0,0,5,0,0,0,0,1,0,0,0,0,0,0,13,1,0,0,0,0,0,0,0,0,0,10,5,0,0,0,0,14,6,5,3,0,0,0,5,0,1,0,0,0,0,0,0,0,0,0,0,1,2,0
"7.13.22",0,0,0,0,0,0,0,0,0,0,0,1,0,0,0,0,0,0,14,0,0,0,0,0,0,0,0,0,0,0,0,0,0,11,0,0,0,0,0,0,0,0,0,0,0,0,0,0,0,0,0,0,0,0,0,0,0,0
"7.14.22",0,0,0,0,0,0,0,0,0,0,0,0,0,0,0,0,0,0,14,0,0,0,0,0,0,0,0,0,0,0,0,0,0,0,0,0,7,0,0,0,0,0,0,0,0,0,0,0,0,0,0,0,0,0,0,0,0,0
"7.15.22",0,0,0,1,1,0,0,0,1,4,0,0,0,0,4,0,1,0,16,0,0,0,3,1,0,0,2,0,0,15,0,0,2,0,0,7,0,9,2,1,5,0,6,0,1,0,1,2,0,0,0,0,0,2,2,3,0,0
"7.16.22",0,0,0,0,0,0,0,0,0,0,0,0,0,0,0,0,0,0,0,0,0,0,0,0,0,0,0,0,0,0,0,0,0,0,0,0,0,0,0,0,0,0,0,0,1,0,0,0,0,0,0,0,0,0,0,0,0,0
"7.17.22",0,0,0,0,0,0,0,0,0,0,0,0,0,0,0,0,0,0,0,0,0,0,0,0,0,0,0,0,0,0,0,0,0,0,0,0,0,0,0,0,0,0,0,0,0,0,0,0,0,0,0,0,0,0,0,0,0,0
"7.18.22",0,0,0,0,0,0,0,0,0,0,0,0,0,0,0,0,0,0,29,0,0,0,0,0,0,0,0,0,0,0,0,0,0,0,0,0,0,0,0,0,0,0,0,0,0,0,0,0,0,0,0,0,0,0,0,0,0,0
"7.19.22",3,0,0,0,0,0,6,0,2,0,0,0,0,0,3,0,1,0,12,0,0,0,0,0,0,0,0,0,0,11,2,0,2,0,0,7,5,1,0,0,0,1,3,0,0,0,1,2,0,0,0,0,0,0,0,3,0,0
"7.20.22",0,0,0,0,0,0,0,0,0,0,0,0,0,0,0,0,0,0,17,0,0,0,0,0,0,0,0,0,0,0,0,0,0,26,0,0,0,0,0,0,0,0,0,0,1,0,0,0,0,0,0,0,0,0,0,0,0,0
"7.21.22",0,0,0,0,0,0,0,0,0,0,0,0,0,0,0,0,0,0,18,0,0,0,0,0,0,0,0,0,0,0,0,0,0,0,0,0,12,0,0,0,0,0,0,0,0,0,0,0,0,0,0,0,0,0,0,0,0,0
"7.22.22",18,0,0,0,2,0,1,0,1,2,0,0,4,1,0,2,0,0,20,0,0,0,0,4,1,0,0,3,0,8,5,0,17,0,0,12,0,2,5,1,6,3,7,1,0,0,0,0,0,0,0,2,0,3,0,2,1,0
"7.23.22",0,0,0,0,0,0,0,0,0,0,0,0,0,0,0,0,0,0,0,0,0,0,0,0,0,0,0,0,0,0,0,0,0,0,0,0,0,0,0,0,0,0,0,0,0,0,0,0,0,0,0,0,0,0,0,0,0,0
"7.24.22",0,0,0,0,0,0,0,0,0,0,0,0,0,0,0,0,0,0,0,0,0,0,0,0,0,0,0,0,0,0,0,0,0,0,0,0,0,0,0,0,0,0,0,0,0,0,0,0,0,0,0,0,0,0,0,0,0,0
"7.25.22",0,0,0,0,0,0,0,0,0,0,0,0,0,0,0,0,0,0,33,0,0,0,0,0,0,0,0,0,0,0,0,0,0,0,1,0,0,0,0,0,0,0,0,0,1,0,0,0,0,0,0,0,0,0,0,0,0,0
"7.26.22",5,0,0,1,2,0,11,0,0,9,0,0,0,0,2,0,0,0,17,0,0,0,0,1,0,0,5,2,1,6,3,0,1,0,0,4,0,0,0,2,0,1,0,1,0,0,0,0,0,0,0,0,0,1,0,3,0,0
"7.27.22",0,0,0,0,0,0,0,0,0,0,0,1,0,0,0,0,0,0,20,0,0,0,0,0,0,0,0,0,0,0,0,0,0,15,0,0,0,0,0,0,0,0,0,0,1,0,0,0,0,0,0,0,0,0,0,0,0,0
"7.28.22",0,0,0,0,0,0,0,0,0,0,0,0,0,0,0,0,0,0,17,0,0,0,0,0,0,0,0,0,0,0,0,0,0,0,0,0,0,0,0,0,0,0,0,0,0,0,0,0,0,0,0,0,0,0,0,0,0,0
"7.29.22",3,0,1,3,0,0,1,0,0,4,0,0,1,0,7,3,0,0,17,0,0,0,1,0,1,0,2,0,0,8,0,0,15,0,0,4,22,6,9,1,2,1,0,0,0,0,2,0,0,0,0,1,0,0,0,4,0,0
"7.30.22",0,0,0,0,0,0,0,0,0,0,0,0,0,0,0,0,0,0,0,0,0,0,0,0,0,0,0,0,0,0,0,0,0,0,0,0,0,0,0,0,0,0,0,0,0,0,0,0,0,0,0,0,0,0,0,0,0,0
"7.31.22",0,0,0,0,0,0,0,0,0,0,0,0,0,0,0,0,0,0,0,0,0,0,0,0,0,0,0,0,0,0,0,0,0,0,0,0,0,0,0,0,0,0,0,0,0,0,0,0,0,0,0,0,0,0,0,0,0,0
"8.1.22",0,0,0,0,0,0,0,0,0,0,0,0,0,0,0,0,0,0,39,0,0,0,0,0,0,0,0,0,0,0,0,0,0,0,0,0,0,0,0,0,0,0,0,0,0,0,0,0,0,0,0,0,0,0,0,0,0,0
"8.2.22",0,0,0,0,0,0,6,0,0,1,0,1,0,0,0,0,0,0,16,0,0,0,0,0,0,0,0,1,0,11,0,0,4,0,0,10,8,2,0,1,0,2,2,0,0,0,0,0,0,0,0,1,0,2,0,2,3,0
"8.3.22",0,0,0,0,0,0,0,0,0,0,0,0,0,0,0,0,0,0,22,0,0,0,0,0,0,0,0,0,0,0,0,0,0,18,1,0,0,0,0,0,0,0,0,0,0,0,0,0,0,0,0,0,0,0,0,0,0,0
"8.4.22",0,0,0,0,0,0,0,0,0,0,0,1,0,0,0,0,0,0,22,0,0,1,0,0,0,0,0,0,0,0,0,0,0,0,1,0,7,0,0,0,0,0,0,0,0,0,0,0,0,0,0,0,0,0,0,0,0,0
"8.5.22",4,0,0,2,0,0,2,0,3,9,0,0,0,0,5,0,0,0,19,0,0,0,0,0,0,0,3,0,0,21,1,0,8,0,0,5,0,7,0,6,6,1,17,0,0,0,1,0,2,0,0,0,0,0,0,3,1,0
"8.6.22",0,0,0,0,0,0,0,0,0,0,0,0,0,0,0,0,0,0,0,0,0,0,0,0,0,0,0,0,0,0,0,0,0,0,0,0,0,0,0,0,0,0,0,0,1,0,0,0,0,0,0,0,0,0,0,0,0,0
"8.7.22",0,0,0,0,0,0,0,0,0,0,0,0,0,0,0,0,0,0,0,0,0,0,0,0,0,0,0,0,0,0,0,0,0,0,0,0,0,0,0,0,0,0,0,0,0,0,0,0,0,0,0,0,0,0,0,0,0,0
"8.8.22",0,0,0,0,0,0,0,0,0,0,0,0,0,0,0,0,0,0,30,0,0,0,0,0,0,0,0,0,0,0,0,0,0,0,0,0,0,0,0,0,0,0,0,0,0,0,0,0,0,0,0,0,0,0,0,0,0,0
"8.9.22",0,0,0,0,0,0,0,0,0,0,0,0,0,0,0,0,0,0,13,0,0,0,0,1,0,0,1,2,0,12,2,0,0,0,1,21,5,0,5,0,0,0,0,0,1,0,0,0,0,0,0,0,0,4,0,2,0,4
"8.10.22",0,0,0,0,0,0,0,0,0,0,0,0,0,0,0,0,0,0,19,0,0,0,0,0,0,0,0,0,0,0,0,0,0,18,0,0,0,0,0,0,0,0,0,0,0,0,0,0,1,0,0,0,0,0,0,0,0,0
"8.11.22",0,0,0,0,0,0,0,0,0,0,0,0,0,0,0,0,0,0,15,0,0,0,0,0,0,0,0,0,0,0,0,0,0,0,0,0,8,0,0,0,0,0,0,0,0,0,0,0,0,0,0,0,0,0,0,0,0,0
"8.12.22",3,0,1,1,1,0,10,0,0,1,0,0,1,1,0,0,0,0,19,0,3,0,0,3,0,0,1,3,0,15,6,0,6,0,0,6,0,9,2,2,5,1,22,4,0,0,1,0,1,0,0,0,0,0,0,4,0,0
"8.13.22",0,0,0,0,0,0,0,0,0,0,0,0,0,0,0,0,0,0,0,0,0,0,0,0,0,0,0,0,0,0,0,0,0,0,0,0,0,0,0,0,0,0,0,0,0,0,0,0,0,0,0,0,0,0,0,0,0,0
"8.14.22",0,0,0,0,0,0,0,0,0,0,0,0,0,0,0,0,0,0,0,0,0,0,0,0,0,0,0,0,0,0,0,0,0,0,0,0,0,0,0,0,0,0,0,0,0,0,0,0,0,0,0,0,0,0,0,0,0,0
"8.15.22",0,0,0,0,0,0,0,0,0,0,0,0,0,0,0,0,0,0,26,0,0,0,0,0,0,0,0,0,0,0,0,0,0,0,0,0,0,0,0,0,0,0,0,0,0,0,0,0,2,0,0,0,0,0,0,0,0,0
"8.16.22",0,0,0,0,0,0,1,1,0,2,0,0,0,0,9,0,0,0,13,0,0,0,0,1,0,0,0,0,0,12,0,0,1,0,0,16,5,16,0,2,0,0,2,0,0,0,0,0,0,0,0,0,0,1,0,2,0,0
"8.17.22",0,0,0,0,0,0,0,0,0,0,0,0,0,0,0,0,0,0,14,0,0,0,0,0,0,0,0,0,0,0,0,0,0,19,0,0,0,0,0,0,0,0,0,0,0,0,0,0,3,0,0,0,0,0,0,0,0,0
"8.18.22",0,0,0,0,0,0,0,0,0,0,0,0,0,0,0,0,0,0,16,0,0,0,0,0,0,0,0,0,0,0,0,0,0,0,0,0,6,0,0,0,0,0,0,0,1,0,0,0,0,0,0,0,0,0,0,0,0,0
"8.19.22",22,0,0,2,1,0,5,0,0,4,0,0,1,1,0,0,0,0,0,0,0,0,2,3,0,0,1,0,0,29,1,0,12,0,0,15,0,2,5,2,8,1,13,0,0,0,0,0,2,0,0,0,0,0,0,4,2,0
"8.20.22",0,0,0,0,0,0,0,0,0,0,0,0,0,0,0,0,0,0,0,0,0,0,0,0,0,0,0,0,0,0,0,0,0,0,0,0,0,0,0,0,0,0,0,0,1,0,0,0,0,0,0,0,0,0,0,0,0,0
"8.21.22",0,0,0,0,0,0,0,0,0,0,0,0,0,0,0,0,0,0,0,0,0,0,0,0,0,0,0,0,0,0,0,0,0,0,0,0,0,0,0,0,0,0,0,0,0,0,0,0,0,0,0,0,0,0,0,0,0,0
"8.22.22",0,0,0,0,0,0,0,0,0,0,0,0,0,0,0,0,0,0,36,0,0,0,0,0,0,0,0,0,0,0,0,0,0,0,0,0,0,0,0,0,0,0,0,0,0,0,0,0,0,0,0,0,0,0,0,0,0,0
"8.23.22",6,0,0,0,0,0,0,0,0,0,0,0,0,0,10,0,0,0,14,0,0,0,0,3,0,0,0,0,0,27,0,0,0,0,1,4,5,1,0,0,0,3,17,0,0,0,0,0,9,0,0,0,0,4,0,2,0,0
"8.24.22",0,0,0,0,0,0,0,0,0,0,0,0,0,0,0,0,0,0,19,0,0,0,0,0,0,0,0,0,0,0,0,0,0,16,0,0,0,0,0,0,0,0,0,0,0,0,0,0,0,0,0,0,0,0,0,0,0,0
"8.25.22",0,0,0,0,0,0,0,0,0,0,0,0,0,0,0,0,0,0,16,0,0,0,0,0,0,0,0,0,0,0,0,0,0,0,0,0,3,0,0,0,0,0,0,0,0,0,0,0,0,0,0,0,0,0,0,0,0,0
"8.26.22",2,0,0,3,1,0,5,0,1,7,1,0,2,0,0,1,0,0,20,0,0,0,0,2,0,0,0,0,0,14,0,0,6,0,0,0,0,26,8,0,11,1,5,0,0,0,1,1,37,0,0,1,0,2,0,4,1,0
"8.27.22",0,0,0,0,0,0,0,0,0,0,0,0,0,0,0,0,0,0,0,0,0,0,0,0,0,0,0,0,0,0,0,0,0,0,0,0,0,0,0,0,0,0,0,0,0,0,0,0,0,0,0,0,0,0,0,0,0,0
"8.28.22",0,0,0,0,0,0,0,0,0,0,0,0,0,0,0,0,0,0,0,0,0,0,0,0,0,0,0,0,0,0,0,0,0,0,0,0,0,0,0,0,0,0,0,0,1,0,0,0,0,0,0,0,0,0,0,0,0,0
"8.29.22",0,0,0,0,0,0,0,0,0,0,0,0,0,0,0,0,0,0,28,0,0,0,0,0,0,0,0,0,0,0,0,0,0,0,0,0,0,0,0,0,0,0,0,0,0,0,0,0,0,0,0,0,0,0,0,0,0,0
"8.30.22",8,0,0,0,0,0,5,1,0,0,0,0,0,0,5,0,0,0,14,1,0,0,0,1,0,0,2,0,0,6,0,0,1,0,0,0,3,1,2,0,0,0,8,0,0,0,0,1,0,0,0,0,0,0,0,0,0,0
"8.31.22",0,0,0,0,0,0,0,0,0,0,0,0,0,0,0,0,0,0,17,0,0,0,0,0,0,0,0,0,0,0,0,0,0,4,0,0,0,0,0,0,0,0,0,0,0,0,0,0,0,0,0,0,0,0,0,0,0,0
"9.1.22",0,0,0,0,0,0,0,0,0,0,0,0,0,0,0,0,0,0,16,0,0,0,0,0,0,0,0,0,0,0,0,0,0,0,0,0,5,0,0,0,0,0,0,0,0,0,0,0,0,0,0,0,0,0,0,0,0,0
"9.2.22",12,0,0,1,0,0,1,0,3,6,0,0,3,0,0,0,1,0,16,0,0,0,0,4,0,0,0,0,0,7,0,0,0,0,0,0,0,14,3,1,3,0,6,0,0,0,0,0,0,0,0,0,0,0,0,0,0,0
"9.3.22",0,0,0,0,0,0,0,0,0,0,0,0,0,0,0,0,0,0,0,0,0,0,0,0,0,0,0,0,0,0,0,0,0,0,0,0,0,0,0,0,0,0,0,0,0,0,0,0,0,0,0,0,0,0,0,0,0,0
"9.4.22",0,0,0,0,0,0,0,0,0,0,0,0,0,0,0,0,0,0,0,0,0,0,0,0,0,0,0,0,0,0,0,0,0,0,0,0,0,0,0,0,0,0,0,0,0,0,0,0,0,0,0,0,0,0,0,0,0,0
"9.5.22",0,0,0,0,0,0,0,0,0,0,0,0,0,0,0,0,0,0,22,0,0,0,0,0,0,0,0,0,0,0,0,0,0,0,0,0,0,0,0,0,0,0,0,0,0,0,0,0,0,0,0,0,0,0,0,0,0,0
"9.6.22",1,0,0,0,0,0,5,0,0,0,0,1,0,0,9,0,0,0,8,0,0,0,1,0,0,0,0,0,0,8,1,0,10,0,0,5,4,3,2,0,0,0,0,1,0,0,0,2,0,0,0,0,0,2,0,0,0,0
"9.7.22",0,0,0,0,0,0,0,0,0,0,0,1,0,0,0,0,0,0,10,0,0,0,0,0,0,0,0,0,0,0,0,0,0,3,0,0,0,0,0,0,0,0,0,0,0,0,0,0,0,0,0,0,0,0,0,4,0,0
"9.8.22",0,0,0,0,0,0,0,0,0,0,0,0,0,0,0,0,0,0,107,0,0,0,0,0,0,0,0,0,0,0,0,0,0,0,0,0,6,0,0,0,0,0,0,0,0,0,0,0,0,0,0,0,0,0,0,0,0,0
"9.9.22",7,0,0,0,0,0,0,0,0,0,0,0,0,0,0,0,1,0,14,0,0,0,0,0,0,0,0,2,0,24,0,0,5,0,0,34,0,4,0,2,4,0,5,0,0,0,1,0,0,0,0,0,0,0,0,4,0,0
"9.10.22",0,0,0,0,0,0,0,0,0,0,0,0,0,0,0,0,0,0,0,0,0,0,0,0,0,0,0,0,0,0,0,0,0,0,0,0,0,0,0,0,0,0,0,0,0,0,0,0,0,0,0,0,0,0,0,0,0,0
"9.11.22",0,0,0,0,0,0,0,0,0,0,0,0,0,0,0,0,0,0,0,0,0,0,0,0,0,0,0,0,0,0,0,0,0,0,0,0,0,0,0,0,0,0,0,0,0,0,0,0,0,0,0,0,0,0,0,0,0,0
"9.12.22",0,0,0,0,0,0,0,0,0,0,0,0,0,0,0,0,0,0,37,0,0,0,0,0,0,0,0,0,0,0,0,0,0,0,1,0,0,0,0,0,0,0,0,0,1,0,0,0,0,0,0,0,0,0,0,0,0,0
"9.13.22",0,0,0,0,0,0,0,0,0,0,0,0,0,0,0,0,0,0,13,1,0,0,0,0,0,0,0,0,0,0,0,0,0,0,0,0,0,0,0,0,0,0,0,0,0,0,0,0,0,0,0,0,0,0,0,2,0,0
"9.14.22",0,0,0,0,0,0,0,0,0,0,0,1,0,0,0,0,0,0,16,0,0,0,0,0,0,0,0,0,0,0,0,0,0,23,0,0,0,0,0,0,0,0,0,0,0,0,0,0,0,0,0,0,0,0,0,0,0,0
"9.15.22",1,0,1,0,0,0,8,0,2,4,0,0,0,0,3,1,0,0,18,0,4,0,1,6,0,0,0,2,0,16,2,0,12,0,0,17,9,3,1,1,0,1,0,0,0,0,0,0,0,0,4,0,0,2,0,0,0,0
"9.16.22",0,0,0,0,0,0,0,0,0,0,0,0,0,0,0,0,0,0,15,0,0,0,0,0,0,0,0,0,0,0,0,0,0,0,0,0,0,0,0,0,4,0,0,0,0,0,0,0,0,0,0,0,0,0,0,2,0,0
"9.17.22",0,0,0,0,0,0,0,0,0,0,0,0,0,0,0,0,0,0,0,0,0,0,0,0,0,0,0,0,0,0,0,0,0,0,0,0,0,0,0,0,0,0,0,0,0,0,0,0,0,0,0,0,0,0,0,0,0,0
"9.18.22",0,0,0,0,0,0,0,0,0,0,0,0,0,0,0,0,0,0,0,0,0,0,0,0,0,0,0,0,0,0,0,0,0,0,0,0,0,0,0,0,0,0,0,0,0,0,0,0,0,0,0,0,0,0,0,0,0,0
"9.19.22",0,0,0,0,0,0,0,0,0,0,0,0,0,0,0,0,0,0,36,0,0,1,0,0,0,0,0,0,0,0,0,0,0,0,0,0,0,0,0,0,0,0,0,0,0,0,0,0,0,0,0,0,0,0,0,0,0,0
"9.20.22",0,0,0,0,0,0,0,0,0,0,0,0,0,0,0,0,0,0,14,0,0,0,0,0,0,0,0,0,0,0,0,0,0,0,0,0,0,0,0,0,0,0,0,0,0,0,0,0,0,0,0,0,0,0,0,0,0,0
"9.21.22",0,0,0,0,0,0,0,0,0,0,0,0,0,0,0,0,0,0,12,0,0,0,0,0,0,0,0,0,0,0,0,0,0,19,0,0,0,0,0,0,0,0,0,0,0,0,0,0,0,0,0,0,0,0,0,0,0,0
"9.22.22",5,0,0,0,0,0,1,1,0,11,0,0,1,0,5,0,2,0,10,0,1,0,0,0,0,0,4,0,0,27,0,0,2,0,0,23,4,6,2,2,0,2,8,0,0,0,0,0,0,0,0,0,0,0,0,1,1,0
"9.23.22",0,0,0,0,0,0,0,0,0,0,0,0,0,0,0,0,0,0,13,0,0,0,0,0,0,0,0,0,0,0,0,0,0,0,0,0,0,0,0,0,0,0,0,0,0,0,0,0,0,0,0,0,0,0,0,0,0,0
"9.24.22",0,0,0,0,0,0,0,0,0,0,0,0,0,0,0,0,0,0,0,0,0,0,0,0,0,0,0,0,0,0,0,0,0,0,0,0,0,0,0,0,0,0,0,0,0,0,0,0,0,0,0,0,0,0,0,0,0,0
"9.25.22",0,0,0,0,0,0,0,0,0,0,0,0,0,0,0,0,0,0,0,0,0,0,0,0,0,0,0,0,0,0,0,0,0,0,0,0,0,0,0,0,0,0,0,0,0,0,0,0,0,0,0,0,0,0,0,0,0,0
"9.26.22",0,0,0,0,0,0,0,0,0,0,0,0,0,0,0,0,0,0,33,0,0,0,0,0,0,0,0,0,0,0,0,0,0,0,0,0,0,0,0,0,0,0,0,0,0,0,0,0,0,0,0,0,0,0,0,0,0,0
"9.27.22",0,0,0,0,0,0,0,0,0,0,0,0,0,0,0,0,0,0,11,0,0,0,0,0,0,0,0,0,0,0,0,0,0,0,0,0,0,0,0,0,0,0,0,0,0,0,0,0,0,0,0,0,0,0,0,0,0,0
"9.28.22",0,0,0,0,0,0,0,0,0,0,0,0,0,0,0,0,0,0,11,0,0,1,0,0,0,0,0,0,0,0,1,0,0,13,0,0,0,0,0,0,0,0,0,0,0,0,0,0,0,0,0,0,0,0,0,0,0,0
"9.29.22",8,0,0,1,0,0,2,0,0,9,0,0,1,0,9,3,1,0,11,0,0,0,0,1,0,0,0,0,0,18,0,0,0,0,0,9,4,12,13,2,0,2,8,0,0,0,1,1,0,24,0,0,0,0,0,3,6,3
"9.30.22",0,0,0,0,0,0,0,0,0,0,0,0,0,0,0,0,0,0,5,0,0,0,0,0,0,0,0,0,0,0,0,0,0,0,0,0,0,0,0,0,4,0,0,0,0,0,0,0,0,0,0,0,0,0,0,0,0,0
"10.1.22",0,0,0,0,0,0,0,0,0,0,0,0,0,0,0,0,0,0,0,0,0,0,0,0,0,0,0,0,0,0,0,0,0,0,0,0,0,0,0,0,0,0,0,0,0,0,0,0,0,0,0,0,0,0,0,0,0,0
"10.2.22",0,0,0,0,0,0,0,0,0,0,0,0,0,0,0,0,0,0,0,0,0,0,0,0,0,0,0,0,0,0,0,0,0,0,0,0,0,0,0,0,0,0,0,0,0,0,0,0,0,0,0,0,0,0,0,0,0,0
"10.3.22",0,0,0,0,0,0,0,0,0,0,0,0,0,0,0,0,0,0,25,0,0,0,0,0,0,0,0,0,0,0,0,0,0,0,0,0,0,0,0,0,0,0,0,0,0,0,0,0,0,0,0,0,0,0,0,0,0,0
"10.4.22",0,0,0,0,0,0,0,0,0,0,0,0,0,0,0,0,0,0,81,0,0,0,0,0,0,0,0,0,0,0,0,0,0,0,0,0,0,0,0,0,0,0,0,0,0,0,0,0,0,0,0,0,0,0,0,0,0,0
"10.5.22",0,0,0,0,0,0,0,0,0,0,0,0,0,0,0,0,0,0,10,0,0,0,0,0,0,0,0,0,0,0,1,0,0,16,0,0,0,0,0,0,0,0,0,0,0,0,0,0,0,0,0,0,0,0,0,0,0,0
"10.6.22",0,0,0,0,0,0,0,0,0,0,0,0,0,0,7,0,0,0,11,0,0,0,0,0,0,0,0,0,0,9,0,0,0,0,0,0,7,0,0,0,1,0,0,0,3,0,0,0,0,0,0,0,0,0,0,0,0,0
"10.7.22",3,0,3,0,0,0,4,0,0,6,0,2,0,0,0,0,0,0,10,0,3,0,0,2,0,0,0,0,0,0,0,0,0,0,0,10,0,2,0,0,0,3,12,0,0,0,1,1,0,1,0,0,0,0,0,0,0,0
"10.8.22",0,0,0,0,0,0,0,0,0,0,0,0,0,0,0,0,0,0,0,0,0,0,0,0,0,0,0,0,0,0,0,0,0,0,0,0,0,0,0,0,0,0,0,0,0,0,0,0,0,0,0,0,0,0,0,0,0,0
"10.9.22",0,0,0,0,0,0,0,0,0,0,0,0,0,0,0,0,0,0,0,0,0,0,0,0,0,0,0,0,0,0,0,0,0,0,0,0,0,0,0,0,0,0,0,0,0,0,0,0,0,0,0,0,0,0,0,0,0,0
"10.10.22",0,0,0,0,0,0,0,0,0,0,0,0,0,0,0,0,0,0,0,0,0,0,0,0,0,0,0,0,0,0,0,0,0,0,0,0,0,0,0,0,0,0,0,0,0,0,0,0,0,0,0,0,0,0,0,0,0,0
"10.11.22",0,0,0,0,0,0,0,0,0,0,0,0,0,0,0,0,0,0,32,1,0,0,0,0,0,0,0,0,0,0,0,0,0,0,0,0,0,0,0,0,0,0,0,0,0,0,0,0,0,0,0,0,0,0,0,0,0,0
"10.12.22",0,0,0,0,0,0,0,0,0,0,0,1,0,0,0,0,0,0,13,0,0,0,0,0,0,0,0,0,0,0,0,0,0,14,1,0,0,0,0,0,0,0,0,0,0,0,0,0,0,0,0,0,0,0,0,0,0,0
"10.13.22",4,0,0,2,0,0,10,0,0,8,0,0,0,1,4,0,0,0,12,0,2,0,0,3,0,0,2,1,0,29,0,0,0,0,0,32,9,3,3,0,3,1,7,0,0,0,0,0,0,1,1,0,0,7,0,5,2,0
"10.14.22",0,0,0,0,0,0,0,0,0,0,0,0,0,0,0,0,0,0,14,0,0,0,0,0,0,0,0,0,0,0,0,0,0,0,0,0,0,0,0,0,0,0,0,0,0,0,0,0,0,0,0,0,0,0,0,0,0,0
"10.15.22",0,0,0,0,0,0,0,0,0,0,0,0,0,0,0,0,0,0,0,0,0,0,0,0,0,0,0,0,0,0,0,0,0,0,0,0,0,0,0,0,0,0,0,0,0,0,0,0,0,0,0,0,0,0,0,0,0,0
"10.16.22",0,0,0,0,0,0,0,0,0,0,0,0,0,0,0,0,0,0,0,0,0,0,0,0,0,0,0,0,0,0,0,0,0,0,0,0,0,0,0,0,0,0,0,0,0,0,0,0,0,0,0,0,0,0,0,0,0,0
"10.17.22",0,0,0,0,0,0,0,0,0,0,0,0,0,0,0,0,0,0,21,0,0,0,0,0,0,0,0,0,0,0,0,0,0,0,0,0,0,0,0,0,0,0,0,0,0,0,0,0,0,0,0,0,0,0,0,0,0,0
"10.18.22",0,0,0,0,0,0,0,0,0,0,0,0,0,0,0,0,0,0,0,0,0,0,0,0,0,0,0,0,0,0,0,0,0,0,0,0,0,0,0,0,0,0,0,0,0,0,0,0,0,0,0,0,0,0,0,0,0,0
"10.19.22",0,0,0,0,0,0,0,0,0,0,0,0,0,0,0,0,0,0,30,0,0,0,0,0,0,0,0,0,0,0,0,0,0,8,0,0,0,0,0,0,0,0,0,0,0,0,0,0,0,0,0,0,0,0,0,0,0,0
"10.20.22",4,0,1,0,2,0,4,0,1,20,0,0,3,0,1,1,1,0,13,0,0,0,0,1,0,0,0,0,0,48,0,0,0,0,0,4,10,8,14,1,3,0,10,1,0,0,2,1,0,3,0,0,0,2,0,2,3,0
"10.21.22",0,0,0,0,0,0,0,0,0,0,0,0,0,0,0,0,0,0,14,0,0,1,0,0,0,0,0,0,0,0,0,0,0,0,0,0,0,0,0,0,0,0,0,0,0,0,0,0,0,0,0,0,0,0,0,0,0,0
"10.22.22",0,0,0,0,0,0,0,0,0,0,0,0,0,0,0,0,0,0,0,0,0,0,0,0,0,0,0,0,0,0,0,0,0,0,0,0,0,0,0,0,0,0,0,0,0,0,0,0,0,0,0,0,0,0,0,0,0,0
"10.23.22",0,0,0,0,0,0,0,0,0,0,0,0,0,0,0,0,0,0,0,0,0,0,0,0,0,0,0,0,0,0,0,0,0,0,0,0,0,0,0,0,0,0,0,0,0,0,0,0,0,0,0,0,0,0,0,0,0,0
"10.24.22",0,0,0,0,0,0,0,0,0,0,0,0,0,0,0,0,0,0,26,0,0,0,0,0,0,0,0,0,0,0,0,0,0,0,0,0,0,0,0,0,0,0,0,0,0,0,0,0,0,0,0,0,0,0,0,0,0,0
"10.25.22",0,0,0,0,0,0,0,0,0,0,0,0,0,0,0,0,0,0,9,0,0,0,0,0,0,0,0,0,0,0,0,0,0,0,0,0,0,0,0,0,0,0,0,0,0,0,0,0,0,0,0,0,0,0,0,0,0,0
"10.26.22",0,0,0,0,0,0,0,0,0,0,0,0,0,0,0,0,0,0,12,0,0,0,0,0,0,0,0,0,0,0,0,0,0,9,0,0,0,0,0,0,0,0,0,0,0,0,0,0,0,0,0,0,0,0,0,0,0,0
"10.27.22",9,0,0,1,0,0,14,0,0,0,0,1,0,0,0,0,0,0,9,0,0,0,0,1,0,0,1,0,0,0,0,0,49,0,1,0,7,10,0,0,0,3,5,0,1,0,0,1,0,0,0,0,0,1,0,2,3,1
"10.28.22",0,0,0,0,0,0,0,0,0,0,0,0,0,0,0,0,0,0,6,0,0,0,0,0,0,0,0,0,0,0,0,0,0,0,0,0,0,0,0,0,0,0,0,0,0,0,0,0,0,0,0,0,0,0,0,0,0,0
"10.29.22",0,0,0,0,0,0,0,0,0,0,0,0,0,0,0,0,0,0,0,0,0,0,0,0,0,0,0,0,0,0,0,0,0,0,0,0,0,0,0,0,0,0,0,0,1,0,0,0,0,0,0,0,0,0,0,0,0,0
"10.30.22",0,0,0,0,0,0,0,0,0,0,0,0,0,0,0,0,0,0,0,0,0,0,0,0,0,0,0,0,0,0,0,0,0,0,0,0,0,0,0,0,0,0,0,0,0,0,0,0,0,0,0,0,0,0,0,0,0,0
"10.31.22",0,0,0,0,0,0,0,0,0,0,0,0,0,0,0,0,0,0,24,0,0,0,17,0,0,0,0,0,0,0,0,0,0,0,0,0,0,0,0,0,0,0,0,0,0,0,0,0,0,0,0,0,0,0,0,0,0,0
"11.1.22",0,0,0,0,0,0,0,0,0,0,0,0,0,0,0,0,0,0,6,0,0,0,0,0,0,0,0,0,0,0,0,0,0,0,0,0,0,0,0,0,0,0,0,0,0,0,0,0,0,0,0,0,0,0,0,0,0,0
"11.2.22",0,0,0,0,0,0,0,0,0,0,0,0,0,0,0,0,0,0,5,0,0,0,0,0,0,0,0,0,0,0,0,0,0,5,0,0,0,0,0,0,0,0,0,0,0,0,0,0,0,0,0,0,0,0,0,0,0,0
"11.3.22",4,0,1,5,0,0,5,0,0,0,0,0,0,0,5,0,0,0,6,0,0,0,0,0,0,0,1,0,0,5,0,0,1,0,0,0,8,1,0,0,2,3,5,0,0,0,0,1,0,0,0,6,0,3,0,3,4,0
"11.4.22",0,0,0,0,0,0,0,0,0,0,0,0,0,0,0,0,0,0,7,0,0,0,0,0,0,0,0,0,0,0,0,0,0,0,0,0,0,0,0,0,0,0,0,0,0,0,0,0,0,0,0,0,0,0,0,0,0,0
"11.5.22",0,0,0,0,0,0,0,0,0,0,0,0,0,0,0,0,0,0,0,0,0,0,0,0,0,0,0,0,0,0,0,0,0,0,0,0,0,0,0,0,0,0,0,0,0,0,0,0,0,0,0,0,0,0,0,0,0,0
"11.6.22",0,0,0,0,0,0,0,0,0,0,0,0,0,0,0,0,0,0,0,0,0,0,0,0,0,0,0,0,0,0,0,0,0,0,0,0,0,0,0,0,0,0,0,0,1,0,0,0,0,0,0,0,0,0,0,0,0,0
"11.7.22",0,0,0,0,0,0,0,0,0,0,0,0,0,0,0,0,0,0,16,0,0,0,0,0,0,0,0,0,0,0,0,0,0,0,0,0,0,0,0,0,0,0,0,0,0,0,0,0,0,0,0,0,0,0,0,0,0,0
"11.8.22",0,0,0,0,0,0,0,0,0,0,0,0,0,0,0,0,0,0,8,0,0,0,0,0,0,0,0,0,0,0,0,0,0,0,0,0,0,0,0,0,0,0,0,0,0,0,0,0,0,0,0,0,0,0,0,0,0,0
"11.9.22",0,0,0,0,0,0,0,0,0,0,0,0,0,0,0,0,0,0,9,0,0,0,0,0,0,0,0,0,0,0,0,0,0,12,0,0,0,0,0,0,0,0,0,0,1,0,0,0,0,0,0,0,0,0,0,0,0,0
"11.10.22",6,0,0,0,0,0,6,0,0,0,0,0,0,0,0,1,1,0,0,0,0,0,0,0,0,1,2,1,0,14,0,0,0,0,0,0,11,5,4,0,2,1,2,0,0,0,0,0,0,0,2,0,0,0,5,1,1,0
"11.11.22",0,0,0,0,0,0,0,0,0,0,0,0,0,0,0,0,0,0,0,0,0,0,0,0,0,0,0,0,0,0,0,0,0,0,0,0,0,0,0,0,0,0,0,0,0,0,0,0,0,0,0,0,0,0,0,0,0,0
"11.12.22",0,0,0,0,0,0,0,0,0,0,0,0,0,0,0,0,0,0,0,0,0,0,0,0,0,0,0,0,0,0,0,0,0,0,0,0,0,0,0,0,0,0,0,0,0,0,0,0,0,0,0,0,0,0,0,0,0,0
"11.13.22",0,0,0,0,0,0,0,0,0,0,0,0,0,0,0,0,0,0,0,0,0,0,0,0,0,0,0,0,0,0,0,0,0,0,0,0,0,0,0,0,0,0,0,0,0,0,0,0,0,0,0,0,0,0,0,0,0,0
"11.14.22",0,0,0,0,0,0,0,0,0,0,0,0,0,0,0,0,0,0,33,0,0,0,0,0,0,0,0,0,0,0,0,0,0,0,0,0,0,0,0,0,0,0,0,0,0,0,0,0,0,0,0,0,0,0,0,0,0,0
"11.15.22",0,0,0,0,0,0,0,0,0,0,0,0,0,0,0,0,0,0,7,2,0,0,0,0,0,0,0,0,0,0,0,0,0,0,0,0,0,0,0,0,0,0,0,0,0,0,0,0,0,0,0,0,0,0,0,0,0,0
"11.16.22",0,0,0,0,0,0,0,0,0,0,0,0,0,0,0,0,0,0,9,0,0,0,0,0,0,0,0,0,0,0,0,0,0,7,0,0,0,0,0,0,0,0,0,0,0,0,0,0,0,0,0,0,0,0,0,0,0,0
"11.17.22",4,0,0,0,0,0,10,0,1,0,1,0,0,0,0,1,0,0,10,0,0,0,0,5,0,0,1,0,0,6,0,0,26,0,0,0,14,2,1,5,2,0,6,1,0,0,1,1,0,0,0,0,0,1,8,3,1,0
"11.18.22",0,0,0,0,0,0,0,0,0,0,0,0,0,0,0,0,0,0,7,0,0,0,0,0,0,0,0,0,0,0,0,0,0,0,0,0,0,0,0,0,0,0,0,0,0,0,0,0,0,0,0,0,0,0,0,0,0,0
"11.19.22",0,0,0,0,0,0,0,0,0,0,0,0,0,0,0,0,0,0,0,0,0,0,0,0,0,0,0,0,0,0,0,0,0,0,0,0,0,0,0,0,0,0,0,0,0,0,0,0,0,0,0,0,0,0,0,0,0,0
"11.20.22",0,0,0,0,0,0,0,0,0,0,0,0,0,0,0,0,0,0,0,0,0,0,0,0,0,0,0,0,0,0,0,0,0,0,0,0,0,0,0,0,0,0,0,0,0,0,0,0,0,0,0,0,0,0,0,0,0,0
"11.21.22",0,0,0,0,0,0,0,0,0,0,0,0,0,0,0,0,0,0,20,0,0,0,0,0,0,0,0,0,0,0,0,0,0,0,0,0,0,0,0,0,0,0,0,0,0,0,0,0,0,0,0,0,0,0,0,0,0,0
"11.22.22",0,0,0,0,0,0,0,0,0,0,0,0,0,0,0,0,0,0,7,0,0,0,0,0,0,0,0,0,0,0,0,0,0,0,0,0,0,0,0,0,0,0,0,0,0,0,0,0,0,0,0,0,0,0,0,0,0,0
"11.23.22",0,0,0,0,0,0,0,0,0,0,0,0,0,0,0,0,0,0,10,0,0,0,0,0,0,0,0,0,0,10,0,0,0,13,0,0,5,0,0,0,0,0,0,0,0,0,0,0,0,0,0,0,0,0,0,0,0,0
"11.24.22",5,0,0,3,0,0,4,0,0,0,0,0,0,0,0,1,0,0,0,0,0,0,0,1,0,0,2,0,0,0,3,0,6,0,0,0,0,2,3,0,0,2,17,0,0,0,0,0,0,0,0,0,1,0,0,1,0,0
"11.25.22",0,0,0,0,0,0,0,0,0,0,0,0,0,0,0,0,0,0,21,0,0,0,0,0,0,0,0,0,0,0,0,0,0,0,0,0,0,0,0,0,0,0,0,0,0,0,0,0,0,0,0,0,0,0,0,0,0,0
"11.26.22",0,0,0,0,0,0,0,0,0,0,0,0,0,0,0,0,0,0,0,0,0,0,0,0,0,0,0,0,0,0,0,0,0,0,0,0,0,0,0,0,0,0,0,0,1,0,0,0,0,0,0,0,0,0,0,0,0,0
"11.27.22",0,0,0,0,0,0,0,0,0,0,0,0,0,0,0,0,0,0,0,0,0,0,0,0,0,0,0,0,0,0,0,0,0,0,0,0,0,0,0,0,0,0,0,0,0,0,0,0,0,0,0,0,0,0,0,0,0,0
"11.28.22",0,0,0,0,0,0,0,0,0,0,8,0,0,0,0,0,0,0,15,0,0,0,0,0,0,0,0,0,0,0,0,0,0,0,0,0,0,0,0,0,0,0,0,0,0,0,0,0,0,0,0,0,0,0,0,0,53,0
"11.29.22",0,0,0,0,0,0,0,0,0,0,0,0,0,0,0,0,0,0,8,0,0,0,0,0,0,0,0,0,0,0,0,0,0,0,0,0,0,0,0,0,0,0,0,0,0,0,0,0,0,0,0,0,0,0,0,0,0,0
"11.30.22",0,0,0,0,0,0,0,0,0,0,0,0,0,0,0,0,0,0,8,0,0,0,0,0,0,0,0,0,0,0,0,0,0,3,0,0,0,0,0,0,0,0,0,0,0,0,0,0,0,0,0,0,0,0,0,0,0,0
"12.1.22",4,0,1,0,0,0,2,0,2,5,0,0,0,0,9,1,0,0,12,0,0,0,0,0,0,0,0,0,0,6,0,0,1,0,0,0,7,2,3,1,6,3,2,0,0,0,0,1,0,0,0,0,1,1,0,2,1,0
"12.2.22",0,0,0,0,0,0,0,0,0,0,0,0,0,0,0,0,0,0,14,0,0,0,0,0,0,0,0,0,0,0,0,0,0,0,0,0,0,0,0,0,0,0,0,0,0,0,0,0,0,0,0,0,0,0,0,0,0,0
"12.3.22",0,0,0,0,0,0,0,0,0,0,0,0,0,0,0,0,0,0,0,0,0,0,0,0,0,0,0,0,0,0,0,0,0,0,0,0,0,0,0,0,0,0,0,0,0,0,0,0,0,0,0,0,0,0,0,0,0,0
"12.4.22",0,0,0,0,0,0,0,0,0,0,0,0,0,0,0,0,0,0,0,0,0,0,0,0,0,0,0,0,0,0,0,0,0,0,0,0,0,0,0,0,0,0,0,0,0,0,0,0,0,0,0,0,0,0,0,0,0,0
"12.5.22",0,0,0,0,0,0,0,0,0,0,0,0,0,0,0,0,0,0,28,0,0,0,0,0,0,0,0,0,0,0,0,0,0,0,0,0,0,0,0,0,0,0,0,0,0,0,0,0,0,0,0,0,0,0,0,0,0,0
"12.6.22",0,0,0,0,0,0,0,0,0,0,0,0,0,0,0,0,0,0,10,0,0,0,0,0,0,0,0,0,0,0,0,0,0,0,0,0,0,0,0,0,0,0,0,0,0,0,0,0,0,0,0,0,0,0,0,0,0,0
"12.7.22",0,0,0,0,0,0,0,0,0,0,0,0,0,0,0,0,0,0,12,0,0,0,0,0,0,0,0,0,0,0,0,0,0,15,0,0,0,0,0,0,0,0,0,0,0,0,0,0,0,0,0,0,0,0,0,0,0,0
"12.8.22",18,0,0,5,0,0,2,0,0,1,0,0,1,0,4,0,0,1,16,0,0,0,0,1,0,0,1,2,0,17,0,0,4,0,0,0,15,3,7,2,3,1,5,0,0,0,0,3,0,0,0,2,1,0,0,5,7,0
"12.9.22",0,0,0,0,0,0,0,0,0,0,0,0,0,0,0,0,0,0,17,0,0,0,0,0,0,0,0,0,0,0,0,0,0,0,0,0,0,0,0,0,0,0,0,0,0,0,0,0,0,0,0,0,0,0,0,0,0,0
"12.10.22",0,0,0,0,0,0,0,0,0,0,0,0,0,0,0,0,0,0,0,0,0,0,0,0,0,0,0,0,0,0,0,0,0,0,0,0,0,0,0,0,0,0,0,0,0,0,0,0,0,0,0,0,0,0,0,0,0,0
"12.11.22",0,0,0,0,0,0,0,0,0,0,0,0,0,0,0,0,0,0,0,0,0,0,0,0,0,0,0,0,0,0,0,0,0,0,0,0,0,0,0,0,0,0,0,0,0,0,0,0,0,0,0,0,0,0,0,0,0,0
"12.12.22",0,0,0,0,0,0,0,0,0,0,0,0,0,0,0,0,0,0,38,0,0,0,0,0,0,0,0,0,0,0,0,0,0,0,0,0,0,0,0,0,0,0,0,0,0,0,0,0,0,0,0,0,0,0,0,0,0,0
"12.13.22",0,0,0,0,0,0,0,0,0,0,0,0,0,0,0,0,0,0,18,1,0,0,0,0,0,0,0,0,0,0,0,0,0,0,0,0,0,0,0,0,0,0,0,0,0,0,0,0,0,0,0,0,0,0,0,0,0,0
"12.14.22",0,0,0,0,0,0,0,0,0,0,0,0,0,0,0,0,0,0,16,0,0,0,0,0,0,0,0,0,0,0,0,0,0,10,0,0,0,0,0,0,0,0,0,0,1,0,0,0,0,0,0,0,0,0,0,0,0,0
"12.15.22",1,0,0,1,0,0,4,0,0,6,0,0,1,0,4,2,0,0,22,0,0,0,0,3,0,0,0,0,0,14,1,0,0,0,0,0,24,6,0,0,7,4,1,0,0,0,0,0,0,11,0,0,0,0,0,2,0,0
"12.16.22",0,0,0,0,0,0,0,0,0,0,0,0,0,0,0,0,0,0,20,0,0,0,0,0,0,0,0,0,0,0,0,0,0,0,0,0,0,0,0,0,0,0,0,0,0,0,0,0,0,0,0,0,0,0,0,0,0,0
"12.17.22",0,0,0,0,0,0,0,0,0,0,0,0,0,0,0,0,0,0,0,0,0,0,0,0,0,0,0,0,0,0,0,0,0,0,0,0,0,0,0,0,0,0,0,0,0,0,0,0,0,0,0,0,0,0,0,0,0,0
"12.18.22",0,0,0,0,0,0,0,0,0,0,0,0,0,0,0,0,0,0,0,0,0,0,0,0,0,0,0,0,0,0,0,0,0,0,0,0,0,0,0,0,0,0,0,0,0,0,0,0,0,0,0,0,0,0,0,0,0,0
"12.19.22",0,0,0,0,0,0,0,0,0,0,0,0,0,0,0,0,0,0,61,0,0,0,0,0,0,0,0,0,0,0,0,0,0,0,0,0,0,0,0,0,0,0,0,0,0,0,0,0,0,0,0,0,0,0,0,0,0,0
"12.20.22",0,0,0,0,0,0,0,0,0,0,0,0,0,0,0,0,0,0,0,0,0,0,0,0,0,0,0,0,0,0,0,0,0,0,0,0,0,0,0,0,0,0,0,0,0,0,0,0,0,0,0,0,0,0,0,0,0,0
"12.21.22",0,0,0,0,0,0,0,0,0,0,0,0,0,0,0,0,0,0,44,0,0,0,0,0,0,0,0,0,0,0,0,0,0,11,0,0,0,0,0,0,0,0,0,0,0,0,0,0,0,0,0,0,0,0,0,0,0,0
"12.22.22",6,0,0,2,0,0,1,0,1,2,0,0,0,0,0,1,0,0,24,0,0,0,0,0,0,0,0,0,0,42,3,0,41,0,0,0,18,8,0,3,8,1,13,1,0,0,0,1,0,0,0,0,0,0,0,5,6,0
"12.23.22",0,0,0,0,0,0,0,0,0,0,0,0,0,0,0,0,0,0,22,0,0,0,0,0,0,0,0,0,0,0,0,0,0,0,0,0,0,2,0,0,0,0,0,0,0,0,0,0,0,0,0,0,0,0,0,0,0,0
"12.24.22",0,0,0,0,0,0,0,0,0,0,0,0,0,0,0,0,0,0,0,0,0,0,0,0,0,0,0,0,0,0,0,0,0,0,0,0,0,0,0,0,0,0,0,0,0,0,0,0,0,0,0,0,0,0,0,0,0,0
"12.25.22",0,0,0,0,0,0,0,0,0,0,0,0,0,0,0,0,0,0,0,0,0,0,0,0,0,0,0,0,0,0,0,0,0,0,0,0,0,0,0,0,0,0,0,0,0,0,0,0,0,0,0,0,0,0,0,0,0,0
"12.26.22",0,0,0,0,0,0,0,0,0,0,0,0,0,0,0,0,0,0,0,0,0,0,0,0,0,0,0,0,0,0,0,0,0,0,0,0,0,1,0,0,0,0,0,0,0,0,0,0,0,0,0,0,0,0,0,0,0,0
"12.27.22",0,0,0,0,0,0,0,0,0,0,0,0,0,0,0,0,0,0,38,0,0,0,0,0,0,0,0,0,0,0,0,0,0,0,0,0,0,0,0,0,0,0,0,0,0,0,0,0,0,0,0,0,0,0,0,0,0,0
"12.28.22",0,0,0,0,0,0,0,0,0,0,0,0,0,0,0,0,0,0,20,0,0,0,0,0,0,0,0,0,0,0,0,0,0,14,0,0,0,0,0,0,0,0,0,0,0,0,0,0,0,0,0,0,0,0,0,0,0,0
"12.29.22",6,0,0,1,0,0,10,0,0,11,0,2,0,2,0,0,0,0,24,0,2,0,0,3,0,0,0,0,0,24,3,0,0,0,0,0,15,6,9,0,6,3,8,6,0,0,0,1,0,0,0,1,0,0,2,3,4,0
"12.30.22",0,0,0,0,0,0,0,0,0,0,0,0,0,0,0,0,0,0,28,0,0,0,0,0,0,0,0,0,0,0,0,0,0,0,0,0,0,0,0,0,0,0,0,0,0,0,0,0,0,0,0,0,0,0,0,0,0,0
"12.31.22",0,0,0,0,0,0,0,0,0,0,0,0,0,0,0,0,0,0,0,0,0,0,0,0,0,0,0,0,0,0,0,0,0,0,0,0,0,0,0,0,0,0,0,0,0,0,0,0,0,0,0,0,0,0,0,0,0,0
"1.1.23",0,0,0,0,0,0,0,0,0,0,0,0,0,0,0,0,0,0,0,0,0,0,0,0,0,0,0,0,0,0,0,0,0,0,0,0,0,0,0,0,0,0,0,0,0,0,0,0,0,0,0,0,0,0,0,0,0,0
"1.2.23",0,0,0,0,0,0,0,0,0,0,0,0,0,0,0,0,0,0,0,0,0,0,0,0,0,0,0,0,0,0,0,0,0,0,0,0,0,0,0,0,0,0,0,0,0,0,0,0,0,0,0,0,0,0,0,0,0,0
"1.3.23",0,0,0,0,0,0,0,0,0,0,0,0,0,0,0,0,0,0,59,0,0,0,0,0,0,0,0,0,0,0,0,0,0,0,0,0,0,0,0,0,0,0,0,0,0,0,0,0,0,0,0,0,0,0,0,0,0,0
"1.4.23",0,0,0,0,0,0,0,0,0,0,0,0,0,0,0,0,0,0,26,0,0,0,0,0,0,0,0,0,0,0,0,0,0,13,0,0,0,0,0,0,0,0,0,0,0,0,0,0,0,0,0,0,0,0,0,0,0,0
"1.5.23",4,0,0,4,2,0,0,0,0,6,0,1,1,0,4,0,0,0,0,0,0,0,0,0,0,0,2,0,0,32,0,0,10,0,7,0,21,10,6,3,2,1,14,0,0,0,0,3,0,5,0,2,1,0,0,12,2,0
"1.6.23",0,0,0,0,0,0,0,0,0,0,0,0,0,0,0,0,0,0,27,0,0,1,0,0,0,0,0,0,0,0,0,0,0,0,0,0,0,0,0,0,0,0,0,0,0,0,0,0,0,0,0,0,0,0,0,0,0,0
"1.7.23",0,0,0,0,0,0,0,0,0,0,0,0,0,0,0,0,0,0,0,0,0,0,0,0,0,0,0,0,0,0,0,0,0,0,0,0,0,0,0,0,0,0,0,0,0,0,0,0,0,0,0,0,0,0,0,0,0,0
"1.8.23",0,0,0,0,0,0,0,0,0,0,0,0,0,0,0,0,0,0,0,0,0,0,0,0,0,0,0,0,0,0,0,0,0,0,0,0,0,0,0,0,0,0,0,0,0,0,0,0,0,0,0,0,0,0,0,0,0,0
"1.9.23",0,0,0,0,0,0,0,0,0,0,0,0,0,0,0,0,0,0,84,0,0,0,0,0,0,0,0,0,0,0,0,0,0,0,0,0,0,0,0,0,0,0,0,0,0,0,0,0,0,0,0,0,0,0,0,0,0,0
"1.10.23",0,0,0,0,0,0,0,0,0,0,0,0,0,0,0,0,0,0,21,0,0,0,0,0,0,0,0,0,0,0,0,0,0,0,0,0,0,0,0,0,0,0,0,0,0,0,0,0,0,0,0,0,0,0,0,0,0,0
"1.11.23",0,0,0,0,0,0,0,0,0,0,0,0,0,0,0,0,0,0,29,0,0,0,0,0,0,0,0,0,0,0,0,0,0,8,0,0,0,2,0,0,0,0,0,0,0,0,0,0,0,0,0,0,0,0,0,0,0,0
"1.12.23",14,0,0,0,1,0,3,0,0,16,0,2,0,0,0,2,0,0,27,0,0,0,0,0,0,0,3,1,0,36,0,0,13,0,0,0,19,7,9,0,10,2,0,0,0,0,0,1,0,0,2,0,0,6,0,16,5,0
"1.13.23",0,0,0,0,0,0,0,0,0,0,0,0,0,0,14,0,0,0,25,0,0,0,0,0,0,0,0,0,0,0,0,0,0,0,0,0,0,6,0,0,0,0,0,0,0,0,0,0,0,0,0,0,0,0,0,0,0,0
"1.14.23",0,0,0,0,0,0,0,0,0,0,0,0,0,0,0,0,0,0,0,0,0,0,0,0,0,0,0,0,0,0,0,0,0,0,0,0,0,8,0,0,0,0,0,0,0,0,0,0,0,0,0,0,0,0,0,0,0,0
"1.15.23",0,0,0,0,0,0,0,0,0,0,0,0,0,0,0,0,0,0,0,0,0,0,0,0,0,0,0,0,0,0,0,0,0,0,0,0,0,0,0,0,0,0,0,0,1,0,0,0,0,0,0,0,0,0,0,0,0,0
"1.16.23",0,0,0,0,0,0,0,0,0,0,0,0,0,0,0,0,0,0,0,0,0,0,0,0,0,0,0,0,0,0,0,0,0,0,0,0,0,0,0,0,0,0,0,0,1,0,0,0,0,0,0,0,0,0,0,0,0,0
"1.17.23",0,0,0,0,0,0,0,0,0,0,0,0,0,0,0,0,0,0,0,0,0,0,0,0,0,0,0,0,0,0,0,0,0,0,0,0,0,0,0,0,0,0,0,0,0,0,0,0,0,0,0,0,0,0,0,0,0,0
"1.18.23",0,0,0,0,0,0,0,0,0,0,0,0,0,0,0,0,0,0,83,0,0,0,0,0,0,0,0,0,0,0,0,0,0,20,0,0,0,0,0,0,0,0,0,0,0,0,0,0,0,0,0,0,0,0,0,0,0,0
"1.19.23",13,0,1,3,1,0,13,0,1,12,0,1,5,0,4,1,0,0,27,0,0,0,0,0,0,0,3,0,0,23,0,0,27,0,0,3,22,10,10,6,4,2,32,0,0,0,0,3,0,12,0,1,0,2,0,13,3,0
"1.20.23",0,0,0,0,0,0,0,0,0,0,0,0,0,0,0,0,0,0,0,0,0,0,0,0,0,0,0,0,0,0,0,0,0,0,0,0,0,0,0,0,0,0,0,0,0,0,0,0,0,0,0,0,0,0,0,0,0,0
"1.21.23",0,0,0,0,0,0,0,0,0,0,0,0,0,0,0,0,0,0,0,0,0,0,0,0,0,0,0,0,0,0,0,0,0,0,0,0,0,0,0,0,0,0,0,0,1,0,0,0,0,0,0,0,0,0,0,0,0,0
"1.22.23",0,0,0,0,0,0,0,0,0,0,0,0,0,0,0,0,0,0,0,0,0,0,0,0,0,0,0,0,0,0,0,0,0,0,0,0,0,0,0,0,0,0,0,0,0,0,0,0,0,0,0,0,0,0,0,0,0,0
"1.23.23",0,0,0,0,0,0,0,0,0,0,0,0,0,0,0,0,0,0,0,0,0,0,0,0,0,0,0,0,0,0,0,0,0,0,0,0,0,0,0,0,0,0,0,0,0,0,0,0,0,0,0,0,0,0,0,0,0,0
"1.24.23",0,0,0,0,0,0,0,0,0,0,0,0,0,0,0,0,0,0,88,0,0,0,0,0,0,0,0,0,0,0,0,0,0,0,0,0,0,0,0,0,0,0,0,0,0,0,0,0,0,0,0,0,0,0,0,0,0,0
"1.25.23",0,0,0,0,0,0,0,0,0,0,0,0,0,0,0,0,0,0,22,0,0,0,0,0,0,0,0,0,0,0,0,0,0,22,0,0,0,0,0,0,0,0,0,0,0,0,0,0,0,0,0,0,0,0,0,0,0,0
"1.26.23",13,0,1,5,1,0,3,0,1,10,0,0,4,1,2,1,0,1,23,0,0,0,0,14,0,0,5,0,0,26,7,0,0,0,0,8,13,5,3,4,4,3,22,0,0,0,0,0,0,3,0,0,0,5,0,6,0,1
"1.27.23",0,0,0,0,0,0,0,0,0,0,0,0,0,0,0,0,0,0,18,0,0,0,0,0,0,0,0,0,0,0,0,0,0,0,0,0,0,0,0,0,0,0,0,0,0,0,0,0,0,0,0,0,0,0,0,0,0,0
"1.28.23",0,0,0,0,0,0,0,0,0,0,0,0,0,0,0,0,0,0,0,0,0,0,0,0,0,0,0,0,0,0,0,0,0,0,0,0,0,0,0,0,0,0,0,0,0,0,0,0,0,0,0,0,0,0,0,0,0,0
"1.29.23",0,0,0,0,0,0,0,0,0,0,0,0,0,0,0,0,0,0,0,0,0,0,0,0,0,0,0,0,0,0,0,0,0,0,0,0,0,0,0,0,0,0,0,0,0,0,0,0,0,0,0,0,0,0,0,0,0,0
"1.30.23",0,0,0,0,0,0,0,0,0,0,0,0,0,0,0,0,0,0,0,0,0,0,0,0,0,0,0,0,0,0,0,0,0,0,0,0,0,0,0,0,0,0,0,0,0,0,0,0,0,0,0,0,0,0,0,0,0,0
"1.31.23",0,0,0,0,0,0,0,0,0,0,0,0,0,0,0,0,0,0,51,0,0,0,0,0,0,0,0,0,0,0,0,0,0,0,0,0,0,0,0,0,0,0,0,0,0,0,0,0,0,0,0,0,0,0,0,0,0,0
"2.1.23",0,0,0,0,0,0,0,0,0,0,0,0,0,0,0,0,0,0,13,0,0,0,0,0,0,0,0,0,0,0,0,0,0,18,0,0,0,0,0,0,0,0,0,0,0,0,0,0,0,0,0,0,0,0,0,0,0,0
"2.2.23",15,0,0,0,0,0,1,1,2,7,0,2,1,0,2,0,2,0,14,0,0,0,0,6,0,0,1,0,0,57,0,0,1,0,0,7,12,0,4,0,8,3,17,0,0,0,0,0,0,11,0,0,0,3,0,6,0,0
"2.3.23",0,0,0,0,0,0,0,0,0,0,0,0,0,0,0,0,0,0,17,0,0,0,0,0,0,0,0,0,0,0,0,0,0,0,0,0,0,0,0,0,0,0,0,0,0,0,0,0,0,0,0,0,0,0,0,0,0,0
"2.4.23",0,0,0,0,0,0,0,0,0,0,0,0,0,0,0,0,0,0,0,0,0,0,0,0,0,0,0,0,0,0,0,0,0,0,0,0,0,0,0,0,0,0,0,0,0,0,0,0,0,0,0,0,0,0,0,0,0,0
"2.5.23",0,0,0,0,0,0,0,0,0,0,0,0,0,0,0,0,0,0,0,0,0,0,0,0,0,0,0,0,0,0,0,0,0,0,0,0,0,0,0,0,0,0,0,0,0,0,0,0,0,0,0,0,0,0,0,0,0,0
"2.6.23",0,0,0,0,0,0,0,0,0,0,0,0,0,0,0,0,0,0,30,0,0,0,0,0,0,0,0,0,0,0,0,0,0,0,0,0,0,0,0,0,0,0,0,0,0,0,0,0,0,0,0,0,0,0,0,0,0,0
"2.7.23",0,0,0,0,0,0,0,0,0,0,0,0,0,0,0,0,0,0,0,0,0,0,0,0,0,0,0,0,0,0,0,0,0,0,0,0,0,0,0,0,0,0,0,0,0,0,0,0,0,0,0,0,0,0,0,0,0,0
"2.8.23",0,0,0,0,0,0,0,0,0,0,0,0,0,0,0,0,0,0,0,0,0,0,0,0,0,0,0,0,0,0,0,0,0,12,0,0,0,0,0,0,0,0,0,0,0,0,0,0,0,0,0,0,0,0,0,0,0,0
"2.9.23",9,0,1,0,0,0,1,0,3,10,0,0,0,0,4,0,0,0,0,0,0,0,0,0,0,0,4,0,0,45,1,0,24,0,0,0,17,2,1,3,4,1,9,0,0,0,0,0,0,11,1,0,0,5,0,1,0,0
"2.10.23",0,0,0,0,0,0,0,0,0,0,0,0,0,0,0,0,0,0,0,0,0,0,0,0,0,0,0,0,0,0,0,0,0,0,0,0,0,0,0,0,0,0,0,0,0,0,0,0,0,0,0,0,0,0,0,0,0,0
"2.11.23",0,0,0,0,0,0,0,0,0,0,0,0,0,0,0,0,0,0,0,0,0,1,0,0,0,0,0,0,0,0,0,0,0,0,0,0,0,0,0,0,0,0,0,0,0,0,0,0,0,0,0,0,0,0,0,0,0,0
"2.12.23",0,0,0,0,0,0,0,0,0,0,0,0,0,0,0,0,0,0,0,0,0,0,0,0,0,0,0,0,0,0,0,0,0,0,0,0,0,0,0,0,0,0,0,0,0,0,0,0,0,0,0,0,0,0,0,0,0,0
"2.13.23",0,0,0,0,0,0,0,0,0,0,0,0,0,0,0,0,0,0,0,0,0,0,0,0,0,0,0,0,0,0,0,0,0,0,0,0,0,0,0,0,0,0,0,0,0,0,0,0,0,0,0,0,0,0,0,0,0,0
"2.14.23",0,0,0,0,0,0,0,0,0,0,0,0,0,0,0,0,0,0,0,0,0,0,0,0,0,0,0,0,0,0,0,0,0,0,0,0,0,0,0,0,0,0,0,0,0,0,0,0,0,0,0,0,0,0,0,0,0,0
"2.15.23",0,0,0,0,0,0,0,0,0,0,0,0,0,0,0,0,0,0,0,0,0,0,0,0,0,0,0,0,0,0,0,0,0,14,0,0,0,0,0,0,0,0,0,0,0,0,0,0,0,0,0,0,0,0,0,0,0,0
"2.16.23",12,0,0,0,0,0,19,1,0,4,0,0,0,0,2,2,4,0,0,0,0,0,0,0,0,0,2,0,0,15,2,0,14,0,0,1,14,10,19,7,3,1,7,0,0,0,0,0,0,4,0,0,0,0,0,4,3,0
"2.17.23",0,0,0,0,0,0,0,0,0,0,0,0,0,0,0,0,0,0,0,0,0,0,0,0,0,0,0,0,0,0,0,0,0,0,0,0,0,0,0,0,0,0,0,0,0,0,0,0,0,0,0,0,0,0,0,0,0,0
"2.18.23",0,0,0,0,0,0,0,0,0,0,0,0,0,0,0,0,0,0,0,0,0,0,0,0,0,0,0,0,0,0,0,0,0,0,0,0,0,0,0,0,0,0,0,0,0,0,0,0,0,0,0,0,0,0,0,0,0,0
"2.19.23",0,0,0,0,0,0,0,0,0,0,0,0,0,0,0,0,0,0,0,0,0,0,0,0,0,0,0,0,0,0,0,0,0,0,0,0,0,0,0,0,0,0,0,0,0,0,0,0,0,0,0,0,0,0,0,0,0,0
"2.20.23",0,0,0,0,0,0,0,0,0,0,0,0,0,0,0,0,0,0,0,0,0,0,0,0,0,0,0,0,0,0,0,0,0,0,0,0,0,0,0,0,0,0,0,0,0,0,0,0,0,0,0,0,0,0,0,0,0,0
"2.21.23",0,0,0,0,0,0,0,0,0,0,0,0,0,0,0,0,0,0,0,0,0,0,0,0,0,0,0,0,0,0,0,0,0,0,0,0,0,0,0,0,0,0,0,0,0,0,0,0,0,0,0,0,0,0,0,0,0,0
"2.22.23",0,0,0,0,0,0,0,0,0,0,0,0,0,0,0,0,0,0,0,0,0,0,0,0,0,0,0,0,0,0,0,0,0,4,0,0,0,0,0,0,0,0,0,0,0,0,0,0,0,0,0,0,0,0,0,0,0,0
"2.23.23",0,0,0,1,0,0,10,1,1,8,0,0,0,0,4,5,0,0,11,0,0,0,0,0,0,0,1,0,1,28,0,1,10,0,1,0,9,4,2,2,0,1,11,0,0,0,0,0,0,1,0,0,0,0,0,5,3,0
"2.24.23",0,0,0,0,0,0,0,0,0,0,0,0,0,0,0,0,0,0,0,0,0,0,0,0,0,0,0,0,0,0,0,0,0,0,0,0,0,0,0,0,0,0,0,0,0,0,0,0,0,0,0,0,0,0,0,0,0,0
"2.25.23",0,0,0,0,0,0,0,0,0,0,0,0,0,0,0,0,0,0,0,0,0,0,0,0,0,0,0,0,0,0,0,0,0,0,0,0,0,0,0,0,0,0,0,0,0,0,0,0,0,0,0,0,0,0,0,0,0,0
"2.26.23",0,0,0,0,0,0,0,0,0,0,0,0,0,0,0,0,0,0,0,0,0,0,0,0,0,0,0,0,0,0,0,0,0,0,0,0,0,0,0,0,0,0,0,0,0,0,0,0,0,0,0,0,0,0,0,0,0,0
"2.27.23",0,0,0,0,0,0,0,0,0,0,0,0,0,0,0,0,0,0,0,0,0,0,0,0,0,0,0,0,0,0,0,0,0,0,0,0,0,0,0,0,0,0,0,0,0,0,0,0,0,0,0,0,0,0,0,0,0,0
"2.28.23",0,0,0,0,0,0,0,0,0,0,0,0,0,0,0,0,0,0,0,0,0,0,0,0,0,0,0,0,0,0,0,0,0,0,0,0,0,0,0,0,0,0,0,0,0,0,0,0,0,0,0,0,0,0,0,0,0,0
"3.1.23",0,0,0,0,0,0,0,0,0,0,0,0,0,0,0,0,0,0,0,0,0,0,0,0,0,0,0,0,0,0,0,0,0,14,0,0,0,0,0,0,0,0,0,0,7,0,0,0,0,0,0,0,0,0,0,0,0,0
"3.2.23",10,0,0,0,0,0,4,0,0,3,0,0,1,0,3,3,0,0,87,0,0,0,0,0,0,0,3,5,0,21,0,0,5,0,0,0,17,6,3,0,0,0,16,0,0,0,0,0,0,2,0,0,0,10,0,6,1,0
"3.3.23",0,0,0,0,0,0,0,0,0,0,0,0,0,0,0,0,0,0,0,0,0,0,0,0,0,0,0,0,0,0,0,0,0,0,0,0,0,0,0,0,0,0,0,0,0,0,0,0,0,0,0,0,0,0,0,0,0,0
"3.4.23",0,0,0,0,0,0,0,0,0,0,0,0,0,0,0,0,0,0,0,0,0,0,0,0,0,0,0,0,0,0,0,0,0,0,0,0,0,0,0,0,0,0,0,0,0,0,0,0,0,0,0,0,0,0,0,0,0,0
"3.5.23",0,0,0,0,0,0,0,0,0,0,0,0,0,0,0,0,0,0,0,0,0,0,0,0,0,0,0,0,0,0,0,0,0,0,0,0,0,0,0,0,0,0,0,0,0,0,0,0,0,0,0,0,0,0,0,0,0,0
"3.6.23",0,0,0,0,0,0,0,0,0,0,0,0,0,0,0,0,0,0,0,0,0,0,0,0,0,0,0,0,0,0,0,0,0,0,0,0,0,0,0,0,0,0,0,0,0,0,0,0,0,0,0,0,0,0,0,0,0,0
"3.7.23",0,0,0,0,0,0,0,0,0,0,0,0,0,0,0,0,0,0,0,0,0,0,0,0,0,0,0,0,0,0,0,0,0,0,0,0,0,0,0,0,0,0,0,0,0,0,0,0,0,0,0,0,0,0,0,0,0,0
"3.8.23",0,0,0,0,0,0,0,0,0,0,0,0,0,0,0,0,0,0,0,0,0,0,0,0,0,0,0,0,0,0,0,0,0,0,0,0,0,0,0,0,0,0,0,0,0,0,0,0,0,0,0,0,0,0,0,0,0,0
"3.9.23",8,0,0,0,0,0,3,0,1,7,0,1,3,0,3,0,2,0,92,0,0,0,0,0,0,0,4,0,0,14,0,0,11,0,1,0,14,4,1,0,0,2,12,0,0,0,1,0,0,0,3,12,0,1,0,2,0,1
